#
# A fatal error has been detected by the Java Runtime Environment:
#
#  EXCEPTION_ACCESS_VIOLATION (0xc0000005) at pc=0x00007ff867c7cb76, pid=29100, tid=9044
#
# JRE version: OpenJDK Runtime Environment (17.0.11) (build 17.0.11+0--11852314)
# Java VM: OpenJDK 64-Bit Server VM (17.0.11+0--11852314, mixed mode, tiered, compressed oops, compressed class ptrs, g1 gc, windows-amd64)
# Problematic frame:
# V  [jvm.dll+0xcb76]
#
# No core dump will be written. Minidumps are not enabled by default on client versions of Windows
#
# If you would like to submit a bug report, please visit:
#   https://bugreport.java.com/bugreport/crash.jsp
#

---------------  S U M M A R Y ------------

Command Line: --add-opens=java.base/java.lang=ALL-UNNAMED --add-opens=java.base/java.lang.invoke=ALL-UNNAMED --add-opens=java.base/java.util=ALL-UNNAMED --add-opens=java.prefs/java.util.prefs=ALL-UNNAMED --add-exports=jdk.compiler/com.sun.tools.javac.api=ALL-UNNAMED --add-exports=jdk.compiler/com.sun.tools.javac.util=ALL-UNNAMED --add-opens=java.base/java.util=ALL-UNNAMED --add-opens=java.prefs/java.util.prefs=ALL-UNNAMED --add-opens=java.base/java.nio.charset=ALL-UNNAMED --add-opens=java.base/java.net=ALL-UNNAMED --add-opens=java.base/java.util.concurrent.atomic=ALL-UNNAMED --add-opens=java.xml/javax.xml.namespace=ALL-UNNAMED -Xmx3072M -Dfile.encoding=UTF-8 -Duser.country=RU -Duser.language=ru -Duser.variant -javaagent:D:\AndroidGradle\.gradle\wrapper\dists\gradle-8.14.5-bin\690y85m0j9nfaub7xoiayko8a\gradle-8.14.5\lib\agents\gradle-instrumentation-agent-8.14.5.jar org.gradle.launcher.daemon.bootstrap.GradleDaemon 8.14.5

Host: AMD Ryzen 5 4600H with Radeon Graphics         , 12 cores, 15G,  Windows 11 , 64 bit Build 26100 (10.0.26100.8246)
Time: Fri May 22 18:47:43 2026 RTZ 2 (s 11 , 64 bit Build 26100 (10.0.26100.8246) elapsed time: 3374.571392 seconds (0d 0h 56m 14s)

---------------  T H R E A D  ---------------

Current thread (0x00000226d66e9530):  ConcurrentGCThread "G1 Conc#0" [stack: 0x000000704af00000,0x000000704b000000] [id=9044]

Stack: [0x000000704af00000,0x000000704b000000],  sp=0x000000704afffa68,  free space=1022k
Native frames: (J=compiled Java code, j=interpreted, Vv=VM code, C=native code)
V  [jvm.dll+0xcb76]


siginfo: EXCEPTION_ACCESS_VIOLATION (0xc0000005), reading address 0x000000086c69747d


Registers:
RAX=0x2440120091004801, RBX=0x00000226d66da601, RCX=0x0000000742cd4f18, RDX=0x0000000742cd4f18
RSP=0x000000704afffa68, RBP=0x0000000000000000, RSI=0x00000226d66da5e0, RDI=0x0000000742cd4f18
R8 =0x00000226ed353538, R9 =0x000000086c697475, R10=0x0000000000000052, R11=0x0000000000000003
R12=0x0000000800565000, R13=0xaaaaaaaaaaaaaaab, R14=0x00000008005652a0, R15=0x00000007728ba450
RIP=0x00007ff867c7cb76, EFLAGS=0x0000000000010202


Register to memory mapping:

RIP=0x00007ff867c7cb76 jvm.dll
RAX=0x2440120091004801 is an unknown value
RBX=0x00000226d66da601 points into unknown readable memory: 00 00 18 00 00 00 00
RCX=0x0000000742cd4f18 is pointing into object: [B 
{0x0000000742cd4ef8} - klass: {type array byte}
 - length: 58
RDX=0x0000000742cd4f18 is pointing into object: [B 
{0x0000000742cd4ef8} - klass: {type array byte}
 - length: 58
RSP=0x000000704afffa68 points into unknown readable memory: 0x00007ff867f4b3d8 | d8 b3 f4 67 f8 7f 00 00
RBP=0x0 is NULL
RSI=0x00000226d66da5e0 points into unknown readable memory: 0x00000226d66e7f30 | 30 7f 6e d6 26 02 00 00
RDI=0x0000000742cd4f18 is pointing into object: [B 
{0x0000000742cd4ef8} - klass: {type array byte}
 - length: 58
R8 =0x00000226ed353538 points into unknown readable memory: 0x2440120891004801 | 01 48 00 91 08 12 40 24
R9 =0x000000086c697475 is an unknown value
R10=0x0000000000000052 is an unknown value
R11=0x0000000000000003 is an unknown value
R12=0x0000000800565000 is a pointer to class: 
com.google.common.collect.MapMakerInternalMap$WeakValueReferenceImpl {0x0000000800565008}
 - instance size:     4
 - klass size:        84
 - access:            final synchronized 
 - state:             fully_initialized
 - name:              'com/google/common/collect/MapMakerInternalMap$WeakValueReferenceImpl'
 - super:             'java/lang/ref/WeakReference'
 - sub:               
 - arrays:            NULL
 - methods:           Array<T>(0x00000226f62c87a0)
 - method ordering:   Array<T>(0x00000226f4000018)
 - default_methods:   Array<T>(0x0000000000000000)
 - local interfaces:  Array<T>(0x00000226f62c7fe8)
 - trans. interfaces: Array<T>(0x00000226f62c7fe8)
 - constants:         constant pool [58] {0x00000226f62c7dd8} for 'com/google/common/collect/MapMakerInternalMap$WeakValueReferenceImpl' cache=0x00000226f62c8a70
 - class loader data:  loader data: 0x00000226f323edf0 for instance a 'org/gradle/internal/classloader/VisitableURLClassLoader'{0x000000074057bab0}
 - source file:       'MapMakerInternalMap.java'
 - class annotations:       Array<T>(0x0000000000000000)
 - class type annotations:  Array<T>(0x0000000000000000)
 - field annotations:       Array<T>(0x0000000000000000)
 - field type annotations:  Array<T>(0x0000000000000000)
 - generic signature: '<K:Ljava/lang/Object;V:Ljava/lang/Object;E::Lcom/google/common/collect/MapMakerInternalMap$InternalEntry<TK;TV;TE;>;>Ljava/lang/ref/WeakReference<TV;>;Lcom/google/common/collect/MapMakerInternalMap$WeakValueReference<TK;TV;TE;>;'
 - inner classes:     Array<T>(0x00000226f62c8a48)
 - nest members:     Array<T>(0x00000226f4000028)
 - permitted subclasses:     Array<T>(0x00000226f4000028)
 - java mirror:       a 'java/lang/Class'{0x000000074360d0f0} = 'com/google/common/collect/MapMakerInternalMap$WeakValueReferenceImpl'
 - vtable length      12  (start addr: 0x00000008005651f0)
 - itable length      8 (start addr: 0x0000000800565250)
 - ---- static fields (0 words):
 - ---- non-static fields (5 words):
 - private 'referent' 'Ljava/lang/Object;' @12 
 - volatile 'queue' 'Ljava/lang/ref/ReferenceQueue;' @16 
 - volatile 'next' 'Ljava/lang/ref/Reference;' @20 
 - private transient 'discovered' 'Ljava/lang/ref/Reference;' @24 
 - final 'entry' 'Lcom/google/common/collect/MapMakerInternalMap$InternalEntry;' @28 
 - non-static oop maps: 16-20 28-28 
R13=0xaaaaaaaaaaaaaaab is an unknown value
R14=0x00000008005652a0 is a pointer to class: 
com.google.common.base.Throwables {0x00000008005652a8}
 - instance size:     2
 - klass size:        69
 - access:            public final synchronized 
 - state:             fully_initialized
 - name:              'com/google/common/base/Throwables'
 - super:             'java/lang/Object'
 - sub:               
 - arrays:            NULL
 - methods:           Array<T>(0x00000226f62c9880)
 - method ordering:   Array<T>(0x00000226f4000018)
 - default_methods:   Array<T>(0x0000000000000000)
 - local interfaces:  Array<T>(0x00000226f4000058)
 - trans. interfaces: Array<T>(0x00000226f4000058)
 - constants:         constant pool [283] {0x00000226f62c8e00} for 'com/google/common/base/Throwables' cache=0x00000226f62cb1e0
 - class loader data:  loader data: 0x00000226f323edf0 for instance a 'org/gradle/internal/classloader/VisitableURLClassLoader'{0x000000074057bab0}
 - source file:       'Throwables.java'
 - class annotations:       Array<T>(0x0000000000000000)
 - class type annotations:  Array<T>(0x0000000000000000)
 - field annotations:       Array<T>(0x0000000000000000)
 - field type annotations:  Array<T>(0x00000226f62c97e8)
 - inner classes:     Array<T>(0x00000226f62cb1a8)
 - nest members:     Array<T>(0x00000226f4000028)
 - permitted subclasses:     Array<T>(0x00000226f4000028)
 - java mirror:       a 'java/lang/Class'{0x000000074360cfd8} = 'com/google/common/base/Throwables'
 - vtable length      5  (start addr: 0x0000000800565490)
 - itable length      2 (start addr: 0x00000008005654b8)
 - ---- static fields (3 words):
 - private static final 'JAVA_LANG_ACCESS_CLASSNAME' 'Ljava/lang/String;' @112 
 - static final 'SHARED_SECRETS_CLASSNAME' 'Ljava/lang/String;' @116 
 - private static final 'jla' 'Ljava/lang/Object;' @120 
 - private static final 'getStackTraceElementMethod' 'Ljava/lang/reflect/Method;' @124 
 - private static final 'getStackTraceDepthMethod' 'Ljava/lang/reflect/Method;' @128 
 - ---- non-static fields (0 words):
 - non-static oop maps: 
R15=0x00000007728ba450 is an oop: com.google.common.collect.MapMakerInternalMap$WeakValueReferenceImpl 
{0x00000007728ba450} - klass: 'com/google/common/collect/MapMakerInternalMap$WeakValueReferenceImpl'
 - ---- fields (total size 4 words):
 - private 'referent' 'Ljava/lang/Object;' @12  a 'java/lang/Object'{0x0000000741cd8e80} (e839b1d0)
 - volatile 'queue' 'Ljava/lang/ref/ReferenceQueue;' @16  
[error occurred during error reporting (printing register info), id 0xc0000005, EXCEPTION_ACCESS_VIOLATION (0xc0000005) at pc=0x00007ff8682e4073]

Top of Stack: (sp=0x000000704afffa68)
0x000000704afffa68:   00007ff867f4b3d8 00000007440ce8d0
0x000000704afffa78:   00007ff867f4b344 0000000741cd8e80
0x000000704afffa88:   00007ff867f4b05f 0000000742cd4f18
0x000000704afffa98:   00007ff867f4b05f 00000226d66ec210
0x000000704afffaa8:   000000704afffc40 0000000800565290
0x000000704afffab8:   000000704afffc40 00000007728ba468
0x000000704afffac8:   00007ff867f496fd 00000007728ba460
0x000000704afffad8:   00007ff867f4ad5c 000000704afffc40
0x000000704afffae8:   0000000800565000 000000704afffc00
0x000000704afffaf8:   0000000000000001 0000000000000000
0x000000704afffb08:   00007ff867f48ed1 0000000000000004
0x000000704afffb18:   0000000800565000 000000704afffc40
0x000000704afffb28:   00000007728ba450 00000226d66ec210
0x000000704afffb38:   00007ff867f5eb7e 00000007728ba450
0x000000704afffb48:   00000226d66da630 000000704afffc00
0x000000704afffb58:   00000226d66da630 00000007728ba450
0x000000704afffb68:   00007ff867f5b2f1 000000000651748a
0x000000704afffb78:   0000000000000000 00000007440ce8e8
0x000000704afffb88:   00007ff867f5c854 0000000006540000
0x000000704afffb98:   00007ff867f5cc4c 00000007728ba438
0x000000704afffba8:   000000000651748a 0000000007997ee0
0x000000704afffbb8:   000000000015752a 0000000000000000
0x000000704afffbc8:   0000000000000001 00000226d66ec210
0x000000704afffbd8:   00007ff867f5bc24 0000000000000555
0x000000704afffbe8:   0000000000000000 000000704aeff601
0x000000704afffbf8:   0000000000000000 00000226d66da5e0
0x000000704afffc08:   00000226d66ec210 0000000772800000
0x000000704afffc18:   0000000000040000 0000000772800000
0x000000704afffc28:   0000000000040000 000000000015752a
0x000000704afffc38:   00000000075de416 00007ff8685d1ff8
0x000000704afffc48:   00000226f30c2de0 0000000700000003
0x000000704afffc58:   00000226d6692aa0 00000226d66ec210 

Instructions: (pc=0x00007ff867c7cb76)
0x00007ff867c7ca76:   cc cc cc cc cc cc cc cc cc cc 4c 8b 01 4c 8b c9
0x00007ff867c7ca86:   48 8b 0d c3 64 b7 00 ba 64 60 08 00 e9 49 f1 ff
0x00007ff867c7ca96:   ff cc cc cc cc cc cc cc cc cc 8b 05 62 a8 b1 00
0x00007ff867c7caa6:   c3 cc cc cc cc cc cc cc cc cc 0f b6 05 42 6e b8
0x00007ff867c7cab6:   00 48 8b d1 84 c0 74 16 44 8b 41 08 8b 0d 40 a8
0x00007ff867c7cac6:   b1 00 49 d3 e0 4c 03 05 2e a8 b1 00 eb 04 4c 8b
0x00007ff867c7cad6:   41 08 45 8b 50 08 45 85 d2 7e 0e 41 f6 c2 01 75
0x00007ff867c7cae6:   53 41 c1 fa 03 41 8b c2 c3 79 49 84 c0 b9 10 00
0x00007ff867c7caf6:   00 00 8b 05 46 b7 b1 00 41 b8 0c 00 00 00 41 0f
0x00007ff867c7cb06:   45 c8 ff c8 4c 63 c8 48 63 14 11 41 8b ca 83 e1
0x00007ff867c7cb16:   3f 48 d3 e2 41 8b ca 48 c1 f9 10 0f b6 c1 49 8d
0x00007ff867c7cb26:   0c 11 49 f7 d1 48 03 c1 49 c1 e9 03 48 c1 e8 03
0x00007ff867c7cb36:   41 23 c1 c3 49 8b 00 49 8b c8 48 ff a0 00 01 00
0x00007ff867c7cb46:   00 cc cc cc cc cc cc cc cc cc 8b 44 24 30 45 03
0x00007ff867c7cb56:   c9 44 2b 4c 24 28 83 c0 0b 44 03 ca 45 03 c8 41
0x00007ff867c7cb66:   03 c1 c3 cc cc cc cc cc cc cc 4c 8b ca 48 8b d1
0x00007ff867c7cb76:   45 8b 41 08 45 85 c0 7e 0e 41 f6 c0 01 75 56 41
0x00007ff867c7cb86:   c1 f8 03 41 8b c0 c3 79 4c 80 3d 63 6d b8 00 00
0x00007ff867c7cb96:   b8 0c 00 00 00 b9 10 00 00 00 0f 45 c8 8b 05 9b
0x00007ff867c7cba6:   b6 b1 00 ff c8 4c 63 c8 48 63 14 11 41 8b c8 83
0x00007ff867c7cbb6:   e1 3f 48 d3 e2 41 8b c8 48 c1 f9 10 0f b6 c1 49
0x00007ff867c7cbc6:   8d 0c 11 49 f7 d1 48 03 c1 49 c1 e9 03 48 c1 e8
0x00007ff867c7cbd6:   03 41 23 c1 c3 49 8b 01 49 8b c9 48 ff a0 00 01
0x00007ff867c7cbe6:   00 00 cc cc cc cc cc cc cc cc 48 8b 41 08 0f b7
0x00007ff867c7cbf6:   48 2a 0f b7 40 28 83 c0 48 03 c1 c3 cc cc cc cc
0x00007ff867c7cc06:   cc cc cc cc cc cc cc cc cc cc 48 89 5c 24 08 57
0x00007ff867c7cc16:   48 83 ec 20 0f b6 05 0f 56 bd 00 48 8b fa 48 8b
0x00007ff867c7cc26:   d9 84 c0 74 4f 48 85 15 06 4e bd 00 74 38 48 8b
0x00007ff867c7cc36:   ca e8 64 67 86 00 48 8b d0 48 85 db 74 25 48 85
0x00007ff867c7cc46:   c0 74 20 48 8b c7 f0 48 0f b1 13 74 16 48 85 05
0x00007ff867c7cc56:   de 4d bd 00 74 0d 48 8b c8 f0 48 0f b1 13 48 3b
0x00007ff867c7cc66:   c1 75 ea 48 8b fa 48 8b c7 48 8b 5c 24 30 48 83 


Stack slot to memory mapping:
stack at sp + 0 slots: 0x00007ff867f4b3d8 jvm.dll
stack at sp + 1 slots: 0x00000007440ce8d0 is an oop: com.google.common.collect.MapMakerInternalMap$StrongKeyWeakValueEntry 
{0x00000007440ce8d0} - klass: 'com/google/common/collect/MapMakerInternalMap$StrongKeyWeakValueEntry'
 - ---- fields (total size 3 words):
 - final 'hash' 'I' @12  1271444100 (4bc8b284)
 - final 'key' 'Ljava/lang/Object;' @16  "org.jetbrains.kotlin.gradle.targets.metadata.KotlinMetadataTargetConfiguratorKt$metadataCompilationsCreated$2"{0x00000007440d6ee8} (e881addd)
 - private volatile 'valueReference' 'Lcom/google/common/collect/MapMakerInternalMap$WeakValueReference;' @20  a 'com/google/common/collect/MapMakerInternalMap$WeakValueReferenceImpl'{0x00000007440ce8e8} (e8819d1d)
stack at sp + 2 slots: 0x00007ff867f4b344 jvm.dll
stack at sp + 3 slots: 0x0000000741cd8e80 is an oop: java.lang.Object 
{0x0000000741cd8e80} - klass: 'java/lang/Object'
 - ---- fields (total size 2 words):
stack at sp + 4 slots: 0x00007ff867f4b05f jvm.dll
stack at sp + 5 slots: 0x0000000742cd4f18 is pointing into object: [B 
{0x0000000742cd4ef8} - klass: {type array byte}
 - length: 58
stack at sp + 6 slots: 0x00007ff867f4b05f jvm.dll
stack at sp + 7 slots: 0x00000226d66ec210 points into unknown readable memory: 0x00007ff8685d1fd8 | d8 1f 5d 68 f8 7f 00 00


---------------  P R O C E S S  ---------------

Threads class SMR info:
_java_thread_list=0x000002269dfe8040, length=244, elements={
0x00000226d667f030, 0x00000226f30b1720, 0x00000226f2f3ef40, 0x00000226f3148be0,
0x00000226f31494b0, 0x00000226f30fb730, 0x00000226f30fc000, 0x00000226f30fd010,
0x00000226f30fe130, 0x00000226f313d420, 0x00000226f31c0ce0, 0x00000226f35995f0,
0x00000226f97bd450, 0x00000226f9703b10, 0x00000226f9985030, 0x00000226f8cc7a40,
0x00000226f8cc60f0, 0x00000226f8cc7020, 0x00000226fa812a80, 0x00000226fa8148e0,
0x00000226fa812f90, 0x00000226fc229ee0, 0x00000226fa816230, 0x00000226fe13d390,
0x00000226fe13c460, 0x00000226fe13e2c0, 0x00000226fe13ece0, 0x00000226fb6d0f20,
0x00000226fb6d0500, 0x00000226fc227b70, 0x00000226fc2294c0, 0x00000226fc22ae10,
0x00000226fc22a3f0, 0x00000226fc228080, 0x00000226fc227660, 0x00000226fc22b320,
0x00000226fc22b830, 0x00000226fc22bd40, 0x00000226fc228fb0, 0x00000226fc22d690,
0x00000226fc22efe0, 0x000002268d9b1ae0, 0x00000226ffbfe4b0, 0x0000022685b3ea40,
0x00000226ff5153f0, 0x0000022685315470, 0x00000226853126e0, 0x000002269ce40800,
0x000002269615ffc0, 0x00000226ff8deaa0, 0x00000226977c8230, 0x00000226977caab0,
0x00000226fd850580, 0x00000226fd850a90, 0x00000226fd853310, 0x00000226fd853820,
0x00000226fd8528f0, 0x00000226fd852e00, 0x00000226fd8514b0, 0x00000226fd8523e0,
0x00000226fc22c250, 0x00000226804e3310, 0x00000226804e3820, 0x00000226804e0070,
0x00000226f89d4a70, 0x00000226fc228aa0, 0x00000226fc22e0b0, 0x00000226fc22c760,
0x00000226fc22cc70, 0x00000226fc22d180, 0x00000226fc22dba0, 0x00000226fc22ead0,
0x000002269ce3d050, 0x000002269ce3d560, 0x000002268e148510, 0x000002268e149950,
0x000002268e1475e0, 0x000002268e149e60, 0x000002268e14a370, 0x000002268e14a880,
0x000002268e1470d0, 0x00000226fc5aba40, 0x00000226fc5ad390, 0x00000226fc5ad8a0,
0x00000226905617c0, 0x000002268068af80, 0x000002268068a560, 0x0000022680689630,
0x0000022680688c10, 0x000002268068aa70, 0x0000022680687ce0, 0x00000226806881f0,
0x000002269055e010, 0x000002269055ef40, 0x000002269055fe70, 0x000002269055e520,
0x000002269055f450, 0x000002269055f960, 0x000002269055ea30, 0x0000022690560380,
0x00000226905612b0, 0x0000022690560890, 0x00000226977c9160, 0x00000226977cb4d0,
0x00000226977c7d20, 0x00000226977c8740, 0x00000226977c9b80, 0x00000226977ca5a0,
0x00000226977c9670, 0x0000022697a92920, 0x0000022697a914e0, 0x0000022697a900a0,
0x0000022697a91f00, 0x0000022697a905b0, 0x0000022697a92410, 0x0000022697a92e30,
0x00000226fa815810, 0x00000226fa812060, 0x000002268f5fcf20, 0x000002268f5fed80,
0x000002268f5fde50, 0x000002268f5fd430, 0x000002268f5fd940, 0x000002268f5fe360,
0x000002268f5fe870, 0x000002268f5ff290, 0x000002268f5ff7a0, 0x000002268f5ffcb0,
0x00000226ff8de080, 0x00000226ff8dfee0, 0x0000022696f3eb00, 0x00000226855f0a80,
0x000002268f765f80, 0x00000226fc5aab10, 0x00000226fc5ab020, 0x00000226fc5ac460,
0x00000226fe720db0, 0x0000022696162330, 0x0000022696162840, 0x0000022696161400,
0x0000022696161910, 0x00000226961609e0, 0x00000226ff8df4c0, 0x0000022696160ef0,
0x0000022696161e20, 0x00000226804e19c0, 0x0000022680689120, 0x00000226ff8defb0,
0x00000226ff8e03f0, 0x00000226804e1ed0, 0x00000226fa815300, 0x00000226ff8e0900,
0x000002269ce3da70, 0x00000226977ca090, 0x00000226fa812570, 0x000002269ce3f3c0,
0x000002268f5f5470, 0x00000226f89d59a0, 0x00000226f89d5eb0, 0x00000226f89d63c0,
0x00000226f89d72f0, 0x000002268046c7a0, 0x000002268046d1c0, 0x000002268046d6d0,
0x000002268046e0f0, 0x000002269ce3fde0, 0x0000022696162d50, 0x00000226961604d0,
0x000002269615f5a0, 0x000002269615fab0, 0x00000226fd262b70, 0x00000226fd263590,
0x00000226fd263aa0, 0x00000226fd263fb0, 0x00000226fd263080, 0x00000226fd262660,
0x000002269df28c20, 0x00000226fa816740, 0x00000226fa817160, 0x00000226fa816c50,
0x00000226f8cc56d0, 0x00000226f8cc7530, 0x00000226f8cc6600, 0x00000226f8cc5be0,
0x00000226f8cc7f50, 0x00000226f8cc4cb0, 0x00000226f8cc51c0, 0x000002268db7b180,
0x000002268f5f6dc0, 0x000002268f5f77e0, 0x000002268f5f4540, 0x000002268f5f5e90,
0x000002268f5f63a0, 0x000002268f5f68b0, 0x000002268f5f4a50, 0x000002268f5f4f60,
0x00000226804e23e0, 0x00000226804e28f0, 0x00000226804e2e00, 0x00000226fbec9410,
0x0000022685314540, 0x0000022697a90ac0, 0x000002269df28200, 0x000002268f763c10,
0x000002269df27cf0, 0x000002269df29130, 0x000002269df29b50, 0x000002269df28710,
0x000002269df2a060, 0x000002269df29640, 0x000002269df2a570, 0x000002268f764b40,
0x000002268f7631f0, 0x000002268f764630, 0x000002268f7669a0, 0x000002268f5f5980,
0x00000226fc5aa600, 0x00000226fb1d0210, 0x00000226fb1d1b60, 0x00000226fb1d1140,
0x00000226fb1d0720, 0x0000022680688700, 0x0000022680689b40, 0x000002268e0c9030,
0x0000022685313100, 0x0000022697a90fd0, 0x000002268f763700, 0x000002268f764120,
0x000002268f765050, 0x000002269ce3df80, 0x00000226fe13f1f0, 0x000002269df2aa80,
0x000002269df2af90, 0x000002269df277e0, 0x00000226fb1d1650, 0x0000022697a8fb90,
0x000002268f765560, 0x00000226ff515900, 0x00000226fe13bf50, 0x00000226ff515e10,
0x00000226fe13c970, 0x000002269d4c24b0, 0x000002269d4c29c0, 0x000002269d4c0650
}

Java Threads: ( => current thread )
  0x00000226d667f030 JavaThread "main" [_thread_blocked, id=11292, stack(0x000000704ac00000,0x000000704ad00000)]
  0x00000226f30b1720 JavaThread "Reference Handler" daemon [_thread_blocked, id=10504, stack(0x000000704b300000,0x000000704b400000)]
  0x00000226f2f3ef40 JavaThread "Finalizer" daemon [_thread_blocked, id=12016, stack(0x000000704b400000,0x000000704b500000)]
  0x00000226f3148be0 JavaThread "Signal Dispatcher" daemon [_thread_blocked, id=16800, stack(0x000000704b500000,0x000000704b600000)]
  0x00000226f31494b0 JavaThread "Attach Listener" daemon [_thread_blocked, id=1512, stack(0x000000704b600000,0x000000704b700000)]
  0x00000226f30fb730 JavaThread "Service Thread" daemon [_thread_blocked, id=18068, stack(0x000000704b700000,0x000000704b800000)]
  0x00000226f30fc000 JavaThread "Monitor Deflation Thread" daemon [_thread_blocked, id=11788, stack(0x000000704b800000,0x000000704b900000)]
  0x00000226f30fd010 JavaThread "C2 CompilerThread0" daemon [_thread_in_native, id=20776, stack(0x000000704b900000,0x000000704ba00000)]
  0x00000226f30fe130 JavaThread "C1 CompilerThread0" daemon [_thread_blocked, id=11208, stack(0x000000704ba00000,0x000000704bb00000)]
  0x00000226f313d420 JavaThread "Sweeper thread" daemon [_thread_blocked, id=30972, stack(0x000000704bb00000,0x000000704bc00000)]
  0x00000226f31c0ce0 JavaThread "Common-Cleaner" daemon [_thread_blocked, id=6608, stack(0x000000704bc00000,0x000000704bd00000)]
  0x00000226f35995f0 JavaThread "Notification Thread" daemon [_thread_blocked, id=9364, stack(0x000000704bd00000,0x000000704be00000)]
  0x00000226f97bd450 JavaThread "Daemon health stats" [_thread_blocked, id=21876, stack(0x000000704c500000,0x000000704c600000)]
  0x00000226f9703b10 JavaThread "Incoming local TCP Connector on port 51586" [_thread_in_native, id=11332, stack(0x000000704c700000,0x000000704c800000)]
  0x00000226f9985030 JavaThread "Daemon periodic checks" [_thread_blocked, id=21220, stack(0x000000704c800000,0x000000704c900000)]
  0x00000226f8cc7a40 JavaThread "Cache worker for journal cache (D:\AndroidGradle\.gradle\caches\journal-1)" [_thread_blocked, id=11764, stack(0x000000704d500000,0x000000704d600000)]
  0x00000226f8cc60f0 JavaThread "File lock request listener" [_thread_in_native, id=21088, stack(0x000000704d600000,0x000000704d700000)]
  0x00000226f8cc7020 JavaThread "Cache worker for file hash cache (D:\AndroidGradle\.gradle\caches\8.14.5\fileHashes)" [_thread_blocked, id=19984, stack(0x000000704d700000,0x000000704d800000)]
  0x00000226fa812a80 JavaThread "Cache worker for file content cache (D:\AndroidGradle\.gradle\caches\8.14.5\fileContent)" [_thread_blocked, id=26064, stack(0x000000704dc00000,0x000000704dd00000)]
  0x00000226fa8148e0 JavaThread "File watcher server" daemon [_thread_in_native, id=26644, stack(0x000000704dd00000,0x000000704de00000)]
  0x00000226fa812f90 JavaThread "File watcher consumer" daemon [_thread_blocked, id=30668, stack(0x000000704de00000,0x000000704df00000)]
  0x00000226fc229ee0 JavaThread "Memory manager" [_thread_blocked, id=27144, stack(0x000000704e400000,0x000000704e500000)]
  0x00000226fa816230 JavaThread "pool-2-thread-1" [_thread_blocked, id=2380, stack(0x0000007050e00000,0x0000007050f00000)]
  0x00000226fe13d390 JavaThread "RMI Scheduler(0)" daemon [_thread_blocked, id=19680, stack(0x000000704c900000,0x000000704ca00000)]
  0x00000226fe13c460 JavaThread "RMI GC Daemon" daemon [_thread_blocked, id=17540, stack(0x0000007053700000,0x0000007053800000)]
  0x00000226fe13e2c0 JavaThread "RMI TCP Accept-0" daemon [_thread_in_native, id=18420, stack(0x0000007053900000,0x0000007053a00000)]
  0x00000226fe13ece0 JavaThread "RMI Reaper" [_thread_blocked, id=26576, stack(0x0000007053a00000,0x0000007053b00000)]
  0x00000226fb6d0f20 JavaThread "pool-4-thread-1" [_thread_blocked, id=8076, stack(0x0000007050300000,0x0000007050400000)]
  0x00000226fb6d0500 JavaThread "pool-6-thread-1" [_thread_blocked, id=16568, stack(0x0000007050400000,0x0000007050500000)]
  0x00000226fc227b70 JavaThread "jar transforms" [_thread_blocked, id=15772, stack(0x000000704da00000,0x000000704db00000)]
  0x00000226fc2294c0 JavaThread "jar transforms Thread 2" [_thread_blocked, id=28684, stack(0x000000704db00000,0x000000704dc00000)]
  0x00000226fc22ae10 JavaThread "jar transforms Thread 3" [_thread_blocked, id=16040, stack(0x000000704e500000,0x000000704e600000)]
  0x00000226fc22a3f0 JavaThread "jar transforms Thread 4" [_thread_blocked, id=26456, stack(0x000000704e600000,0x000000704e700000)]
  0x00000226fc228080 JavaThread "jar transforms Thread 5" [_thread_blocked, id=14096, stack(0x000000704e700000,0x000000704e800000)]
  0x00000226fc227660 JavaThread "jar transforms Thread 6" [_thread_blocked, id=26444, stack(0x000000704e800000,0x000000704e900000)]
  0x00000226fc22b320 JavaThread "jar transforms Thread 7" [_thread_blocked, id=29824, stack(0x000000704e900000,0x000000704ea00000)]
  0x00000226fc22b830 JavaThread "jar transforms Thread 8" [_thread_blocked, id=22904, stack(0x000000704ea00000,0x000000704eb00000)]
  0x00000226fc22bd40 JavaThread "jar transforms Thread 9" [_thread_blocked, id=8096, stack(0x000000704eb00000,0x000000704ec00000)]
  0x00000226fc228fb0 JavaThread "jar transforms Thread 10" [_thread_blocked, id=27120, stack(0x000000704ec00000,0x000000704ed00000)]
  0x00000226fc22d690 JavaThread "jar transforms Thread 11" [_thread_blocked, id=28932, stack(0x000000704ed00000,0x000000704ee00000)]
  0x00000226fc22efe0 JavaThread "jar transforms Thread 12" [_thread_blocked, id=18952, stack(0x000000704ee00000,0x000000704ef00000)]
  0x000002268d9b1ae0 JavaThread "pool-10-thread-1" [_thread_blocked, id=14192, stack(0x0000007050b00000,0x0000007050c00000)]
  0x00000226ffbfe4b0 JavaThread "pool-14-thread-1" [_thread_blocked, id=22344, stack(0x0000007051a00000,0x0000007051b00000)]
  0x0000022685b3ea40 JavaThread "Daemon Thread 4" [_thread_blocked, id=18116, stack(0x000000704a900000,0x000000704aa00000)]
  0x00000226ff5153f0 JavaThread "Daemon worker Thread 4" [_thread_blocked, id=21644, stack(0x000000704ca00000,0x000000704cb00000)]
  0x0000022685315470 JavaThread "pool-17-thread-1" [_thread_blocked, id=31192, stack(0x000000704fd00000,0x000000704fe00000)]
  0x00000226853126e0 JavaThread "pool-20-thread-1" [_thread_blocked, id=31416, stack(0x0000007051f00000,0x0000007052000000)]
  0x000002269ce40800 JavaThread "RMI TCP Accept-0" daemon [_thread_in_native, id=6552, stack(0x000000705a400000,0x000000705a500000)]
  0x000002269615ffc0 JavaThread "RMI TCP Connection(58)-127.0.0.1" daemon [_thread_in_native, id=30244, stack(0x000000705bc00000,0x000000705bd00000)]
  0x00000226ff8deaa0 JavaThread "pool-24-thread-1" [_thread_blocked, id=26504, stack(0x0000007051b00000,0x0000007051c00000)]
  0x00000226977c8230 JavaThread "Handler for socket connection from /127.0.0.1:51586 to /127.0.0.1:53972" [_thread_in_native, id=24740, stack(0x000000704aa00000,0x000000704ab00000)]
  0x00000226977caab0 JavaThread "Cancel handler" [_thread_blocked, id=29140, stack(0x000000704ab00000,0x000000704ac00000)]
  0x00000226fd850580 JavaThread "Asynchronous log dispatcher for DefaultDaemonConnection: socket connection from /127.0.0.1:51586 to /127.0.0.1:53972" [_thread_blocked, id=29640, stack(0x000000704cc00000,0x000000704cd00000)]
  0x00000226fd850a90 JavaThread "Stdin handler" [_thread_blocked, id=24428, stack(0x000000704cd00000,0x000000704ce00000)]
  0x00000226fd853310 JavaThread "Daemon client event forwarder" [_thread_blocked, id=10452, stack(0x000000704ce00000,0x000000704cf00000)]
  0x00000226fd853820 JavaThread "Cache worker for file hash cache (D:\ITIS\3_course\Android\semesterwork\Bloom\.gradle\8.14.5\fileHashes)" [_thread_blocked, id=7644, stack(0x000000704cf00000,0x000000704d000000)]
  0x00000226fd8528f0 JavaThread "Cache worker for checksums cache (D:\ITIS\3_course\Android\semesterwork\Bloom\.gradle\8.14.5\checksums)" [_thread_blocked, id=13184, stack(0x000000704d000000,0x000000704d100000)]
  0x00000226fd852e00 JavaThread "Cache worker for Build Output Cleanup Cache (D:\ITIS\3_course\Android\semesterwork\Bloom\.gradle\buildOutputCleanup)" [_thread_blocked, id=17936, stack(0x000000704d800000,0x000000704d900000)]
  0x00000226fd8514b0 JavaThread "Cache worker for cache directory md-supplier (D:\AndroidGradle\.gradle\caches\8.14.5\md-supplier)" [_thread_blocked, id=20232, stack(0x000000704d900000,0x000000704da00000)]
  0x00000226fd8523e0 JavaThread "Cache worker for cache directory md-rule (D:\AndroidGradle\.gradle\caches\8.14.5\md-rule)" [_thread_blocked, id=14744, stack(0x000000704ef00000,0x000000704f000000)]
  0x00000226fc22c250 JavaThread "Unconstrained build operations" [_thread_blocked, id=26968, stack(0x000000704f000000,0x000000704f100000)]
  0x00000226804e3310 JavaThread "Unconstrained build operations Thread 2" [_thread_blocked, id=2292, stack(0x000000704f100000,0x000000704f200000)]
  0x00000226804e3820 JavaThread "Unconstrained build operations Thread 3" [_thread_blocked, id=19952, stack(0x000000704f200000,0x000000704f300000)]
  0x00000226804e0070 JavaThread "Unconstrained build operations Thread 4" [_thread_blocked, id=13308, stack(0x000000704f300000,0x000000704f400000)]
  0x00000226f89d4a70 JavaThread "Unconstrained build operations Thread 5" [_thread_blocked, id=13188, stack(0x000000704f400000,0x000000704f500000)]
  0x00000226fc228aa0 JavaThread "Unconstrained build operations Thread 6" [_thread_blocked, id=16076, stack(0x000000704f500000,0x000000704f600000)]
  0x00000226fc22e0b0 JavaThread "Unconstrained build operations Thread 7" [_thread_blocked, id=15588, stack(0x000000704f600000,0x000000704f700000)]
  0x00000226fc22c760 JavaThread "Unconstrained build operations Thread 8" [_thread_blocked, id=19996, stack(0x000000704f700000,0x000000704f800000)]
  0x00000226fc22cc70 JavaThread "Unconstrained build operations Thread 9" [_thread_blocked, id=30260, stack(0x000000704f800000,0x000000704f900000)]
  0x00000226fc22d180 JavaThread "Unconstrained build operations Thread 10" [_thread_blocked, id=17628, stack(0x000000704f900000,0x000000704fa00000)]
  0x00000226fc22dba0 JavaThread "Unconstrained build operations Thread 11" [_thread_blocked, id=5068, stack(0x000000704fa00000,0x000000704fb00000)]
  0x00000226fc22ead0 JavaThread "Unconstrained build operations Thread 12" [_thread_blocked, id=11924, stack(0x000000704fb00000,0x000000704fc00000)]
  0x000002269ce3d050 JavaThread "Configuration cache report writer" [_thread_blocked, id=27716, stack(0x000000704fc00000,0x000000704fd00000)]
  0x000002269ce3d560 JavaThread "Unconstrained build operations Thread 13" [_thread_blocked, id=14388, stack(0x000000704ff00000,0x0000007050000000)]
  0x000002268e148510 JavaThread "Unconstrained build operations Thread 14" [_thread_blocked, id=22148, stack(0x0000007050000000,0x0000007050100000)]
  0x000002268e149950 JavaThread "Unconstrained build operations Thread 15" [_thread_blocked, id=6536, stack(0x0000007050100000,0x0000007050200000)]
  0x000002268e1475e0 JavaThread "Unconstrained build operations Thread 16" [_thread_blocked, id=25412, stack(0x0000007050200000,0x0000007050300000)]
  0x000002268e149e60 JavaThread "Unconstrained build operations Thread 17" [_thread_blocked, id=31344, stack(0x0000007050500000,0x0000007050600000)]
  0x000002268e14a370 JavaThread "Unconstrained build operations Thread 18" [_thread_blocked, id=29456, stack(0x0000007050600000,0x0000007050700000)]
  0x000002268e14a880 JavaThread "Unconstrained build operations Thread 19" [_thread_blocked, id=13664, stack(0x0000007050700000,0x0000007050800000)]
  0x000002268e1470d0 JavaThread "Unconstrained build operations Thread 20" [_thread_blocked, id=29560, stack(0x0000007050800000,0x0000007050900000)]
  0x00000226fc5aba40 JavaThread "Unconstrained build operations Thread 21" [_thread_blocked, id=4580, stack(0x0000007050900000,0x0000007050a00000)]
  0x00000226fc5ad390 JavaThread "Unconstrained build operations Thread 22" [_thread_blocked, id=18100, stack(0x0000007050a00000,0x0000007050b00000)]
  0x00000226fc5ad8a0 JavaThread "Unconstrained build operations Thread 23" [_thread_blocked, id=30112, stack(0x0000007050c00000,0x0000007050d00000)]
  0x00000226905617c0 JavaThread "Unconstrained build operations Thread 24" [_thread_blocked, id=24400, stack(0x0000007050d00000,0x0000007050e00000)]
  0x000002268068af80 JavaThread "Unconstrained build operations Thread 25" [_thread_blocked, id=28832, stack(0x0000007050f00000,0x0000007051000000)]
  0x000002268068a560 JavaThread "Unconstrained build operations Thread 26" [_thread_blocked, id=26484, stack(0x0000007051000000,0x0000007051100000)]
  0x0000022680689630 JavaThread "Unconstrained build operations Thread 27" [_thread_blocked, id=31144, stack(0x0000007051100000,0x0000007051200000)]
  0x0000022680688c10 JavaThread "Unconstrained build operations Thread 28" [_thread_blocked, id=1416, stack(0x0000007051200000,0x0000007051300000)]
  0x000002268068aa70 JavaThread "Unconstrained build operations Thread 29" [_thread_blocked, id=6936, stack(0x0000007051300000,0x0000007051400000)]
  0x0000022680687ce0 JavaThread "Unconstrained build operations Thread 30" [_thread_blocked, id=2740, stack(0x0000007051400000,0x0000007051500000)]
  0x00000226806881f0 JavaThread "Unconstrained build operations Thread 31" [_thread_blocked, id=21408, stack(0x0000007051500000,0x0000007051600000)]
  0x000002269055e010 JavaThread "Unconstrained build operations Thread 32" [_thread_blocked, id=8968, stack(0x0000007051600000,0x0000007051700000)]
  0x000002269055ef40 JavaThread "Unconstrained build operations Thread 33" [_thread_blocked, id=13364, stack(0x0000007051700000,0x0000007051800000)]
  0x000002269055fe70 JavaThread "Unconstrained build operations Thread 34" [_thread_blocked, id=8756, stack(0x0000007051800000,0x0000007051900000)]
  0x000002269055e520 JavaThread "build event listener" [_thread_blocked, id=3396, stack(0x0000007051900000,0x0000007051a00000)]
  0x000002269055f450 JavaThread "build event listener" [_thread_blocked, id=9308, stack(0x0000007051d00000,0x0000007051e00000)]
  0x000002269055f960 JavaThread "build event listener" [_thread_blocked, id=10756, stack(0x0000007051e00000,0x0000007051f00000)]
  0x000002269055ea30 JavaThread "pool-27-thread-1" [_thread_blocked, id=12048, stack(0x0000007052100000,0x0000007052200000)]
  0x0000022690560380 JavaThread "build event listener" [_thread_blocked, id=9936, stack(0x0000007052200000,0x0000007052300000)]
  0x00000226905612b0 JavaThread "Build operations" [_thread_blocked, id=1164, stack(0x0000007052300000,0x0000007052400000)]
  0x0000022690560890 JavaThread "Unconstrained build operations Thread 35" [_thread_blocked, id=28972, stack(0x0000007052400000,0x0000007052500000)]
  0x00000226977c9160 JavaThread "Unconstrained build operations Thread 36" [_thread_blocked, id=14348, stack(0x0000007052500000,0x0000007052600000)]
  0x00000226977cb4d0 JavaThread "Unconstrained build operations Thread 37" [_thread_blocked, id=12368, stack(0x0000007052600000,0x0000007052700000)]
  0x00000226977c7d20 JavaThread "Unconstrained build operations Thread 38" [_thread_blocked, id=23964, stack(0x0000007052700000,0x0000007052800000)]
  0x00000226977c8740 JavaThread "Unconstrained build operations Thread 39" [_thread_blocked, id=2196, stack(0x0000007052800000,0x0000007052900000)]
  0x00000226977c9b80 JavaThread "Unconstrained build operations Thread 40" [_thread_blocked, id=6592, stack(0x0000007052900000,0x0000007052a00000)]
  0x00000226977ca5a0 JavaThread "Unconstrained build operations Thread 41" [_thread_blocked, id=29732, stack(0x0000007052a00000,0x0000007052b00000)]
  0x00000226977c9670 JavaThread "Unconstrained build operations Thread 42" [_thread_blocked, id=31672, stack(0x0000007052b00000,0x0000007052c00000)]
  0x0000022697a92920 JavaThread "Unconstrained build operations Thread 43" [_thread_blocked, id=3700, stack(0x0000007052c00000,0x0000007052d00000)]
  0x0000022697a914e0 JavaThread "Unconstrained build operations Thread 44" [_thread_blocked, id=1400, stack(0x0000007052d00000,0x0000007052e00000)]
  0x0000022697a900a0 JavaThread "Unconstrained build operations Thread 45" [_thread_blocked, id=21204, stack(0x0000007052e00000,0x0000007052f00000)]
  0x0000022697a91f00 JavaThread "Unconstrained build operations Thread 46" [_thread_blocked, id=15980, stack(0x0000007052f00000,0x0000007053000000)]
  0x0000022697a905b0 JavaThread "Unconstrained build operations Thread 47" [_thread_blocked, id=24648, stack(0x0000007053000000,0x0000007053100000)]
  0x0000022697a92410 JavaThread "Unconstrained build operations Thread 48" [_thread_blocked, id=20040, stack(0x0000007053100000,0x0000007053200000)]
  0x0000022697a92e30 JavaThread "Exec process Thread 7" [_thread_blocked, id=22588, stack(0x0000007053200000,0x0000007053300000)]
  0x00000226fa815810 JavaThread "Exec process Thread 8" [_thread_blocked, id=29172, stack(0x0000007053300000,0x0000007053400000)]
  0x00000226fa812060 JavaThread "Exec process Thread 9" [_thread_blocked, id=10968, stack(0x0000007053400000,0x0000007053500000)]
  0x000002268f5fcf20 JavaThread "Unconstrained build operations Thread 49" [_thread_blocked, id=16460, stack(0x000000704fe00000,0x000000704ff00000)]
  0x000002268f5fed80 JavaThread "Build operations Thread 2" [_thread_blocked, id=19592, stack(0x0000007052000000,0x0000007052100000)]
  0x000002268f5fde50 JavaThread "Build operations Thread 3" [_thread_blocked, id=24032, stack(0x0000007053500000,0x0000007053600000)]
  0x000002268f5fd430 JavaThread "Build operations Thread 4" [_thread_blocked, id=31596, stack(0x0000007053600000,0x0000007053700000)]
  0x000002268f5fd940 JavaThread "Build operations Thread 5" [_thread_blocked, id=19912, stack(0x0000007053800000,0x0000007053900000)]
  0x000002268f5fe360 JavaThread "Build operations Thread 6" [_thread_blocked, id=3420, stack(0x0000007053b00000,0x0000007053c00000)]
  0x000002268f5fe870 JavaThread "Build operations Thread 7" [_thread_blocked, id=29660, stack(0x0000007053c00000,0x0000007053d00000)]
  0x000002268f5ff290 JavaThread "Build operations Thread 8" [_thread_blocked, id=21572, stack(0x0000007053d00000,0x0000007053e00000)]
  0x000002268f5ff7a0 JavaThread "Build operations Thread 9" [_thread_blocked, id=3000, stack(0x0000007053e00000,0x0000007053f00000)]
  0x000002268f5ffcb0 JavaThread "Build operations Thread 10" [_thread_blocked, id=10196, stack(0x0000007053f00000,0x0000007054000000)]
  0x00000226ff8de080 JavaThread "Build operations Thread 11" [_thread_blocked, id=25824, stack(0x0000007054000000,0x0000007054100000)]
  0x00000226ff8dfee0 JavaThread "Build operations Thread 12" [_thread_blocked, id=25408, stack(0x0000007054100000,0x0000007054200000)]
  0x0000022696f3eb00 JavaThread "C2 CompilerThread1" daemon [_thread_blocked, id=31664, stack(0x0000007051c00000,0x0000007051d00000)]
  0x00000226855f0a80 JavaThread "C2 CompilerThread2" daemon [_thread_in_native, id=27556, stack(0x0000007054200000,0x0000007054300000)]
  0x000002268f765f80 JavaThread "included builds" [_thread_blocked, id=31708, stack(0x0000007054300000,0x0000007054400000)]
  0x00000226fc5aab10 JavaThread "Execution worker" [_thread_blocked, id=21412, stack(0x0000007054400000,0x0000007054500000)]
  0x00000226fc5ab020 JavaThread "Execution worker Thread 2" [_thread_blocked, id=13956, stack(0x0000007054500000,0x0000007054600000)]
  0x00000226fc5ac460 JavaThread "Execution worker Thread 3" [_thread_blocked, id=7380, stack(0x0000007054600000,0x0000007054700000)]
  0x00000226fe720db0 JavaThread "Execution worker Thread 4" [_thread_blocked, id=26760, stack(0x0000007054700000,0x0000007054800000)]
  0x0000022696162330 JavaThread "Execution worker Thread 5" [_thread_blocked, id=8808, stack(0x0000007054800000,0x0000007054900000)]
  0x0000022696162840 JavaThread "Execution worker Thread 6" [_thread_blocked, id=30808, stack(0x0000007054900000,0x0000007054a00000)]
  0x0000022696161400 JavaThread "Execution worker Thread 7" [_thread_blocked, id=3296, stack(0x0000007054a00000,0x0000007054b00000)]
  0x0000022696161910 JavaThread "Execution worker Thread 8" [_thread_blocked, id=24352, stack(0x0000007054b00000,0x0000007054c00000)]
  0x00000226961609e0 JavaThread "Execution worker Thread 9" [_thread_blocked, id=12056, stack(0x0000007054c00000,0x0000007054d00000)]
  0x00000226ff8df4c0 JavaThread "Cache worker for execution history cache (D:\ITIS\3_course\Android\semesterwork\Bloom\.gradle\8.14.5\executionHistory)" [_thread_blocked, id=10424, stack(0x0000007054d00000,0x0000007054e00000)]
  0x0000022696160ef0 JavaThread "Execution worker Thread 10" [_thread_blocked, id=27440, stack(0x0000007054e00000,0x0000007054f00000)]
  0x0000022696161e20 JavaThread "Execution worker Thread 11" [_thread_blocked, id=21704, stack(0x0000007054f00000,0x0000007055000000)]
  0x00000226804e19c0 JavaThread "WorkerExecutor Queue" [_thread_blocked, id=13684, stack(0x0000007055000000,0x0000007055100000)]
  0x0000022680689120 JavaThread "WorkerExecutor Queue Thread 2" [_thread_blocked, id=22852, stack(0x0000007055100000,0x0000007055200000)]
  0x00000226ff8defb0 JavaThread "WorkerExecutor Queue Thread 3" [_thread_in_native, id=25004, stack(0x0000007055200000,0x0000007055300000)]
  0x00000226ff8e03f0 JavaThread "WorkerExecutor Queue Thread 4" [_thread_blocked, id=3284, stack(0x0000007055300000,0x0000007055400000)]
  0x00000226804e1ed0 JavaThread "WorkerExecutor Queue Thread 5" [_thread_in_native, id=29284, stack(0x0000007055400000,0x0000007055500000)]
  0x00000226fa815300 JavaThread "WorkerExecutor Queue Thread 6" [_thread_blocked, id=4388, stack(0x0000007055500000,0x0000007055600000)]
  0x00000226ff8e0900 JavaThread "WorkerExecutor Queue Thread 7" [_thread_blocked, id=9012, stack(0x0000007055600000,0x0000007055700000)]
  0x000002269ce3da70 JavaThread "WorkerExecutor Queue Thread 9" [_thread_blocked, id=12144, stack(0x0000007055800000,0x0000007055900000)]
  0x00000226977ca090 JavaThread "WorkerExecutor Queue Thread 10" [_thread_blocked, id=10716, stack(0x0000007055900000,0x0000007055a00000)]
  0x00000226fa812570 JavaThread "WorkerExecutor Queue Thread 11" [_thread_blocked, id=23748, stack(0x0000007055a00000,0x0000007055b00000)]
  0x000002269ce3f3c0 JavaThread "Unconstrained build operations Thread 50" [_thread_blocked, id=13868, stack(0x0000007055c00000,0x0000007055d00000)]
  0x000002268f5f5470 JavaThread "Unconstrained build operations Thread 51" [_thread_blocked, id=24340, stack(0x0000007055d00000,0x0000007055e00000)]
  0x00000226f89d59a0 JavaThread "Unconstrained build operations Thread 52" [_thread_blocked, id=4304, stack(0x0000007055e00000,0x0000007055f00000)]
  0x00000226f89d5eb0 JavaThread "Unconstrained build operations Thread 53" [_thread_blocked, id=4716, stack(0x0000007055f00000,0x0000007056000000)]
  0x00000226f89d63c0 JavaThread "Unconstrained build operations Thread 54" [_thread_blocked, id=8740, stack(0x0000007056000000,0x0000007056100000)]
  0x00000226f89d72f0 JavaThread "Unconstrained build operations Thread 55" [_thread_blocked, id=28468, stack(0x0000007056100000,0x0000007056200000)]
  0x000002268046c7a0 JavaThread "Unconstrained build operations Thread 56" [_thread_blocked, id=10584, stack(0x0000007056200000,0x0000007056300000)]
  0x000002268046d1c0 JavaThread "Unconstrained build operations Thread 57" [_thread_blocked, id=17124, stack(0x0000007056300000,0x0000007056400000)]
  0x000002268046d6d0 JavaThread "Unconstrained build operations Thread 58" [_thread_blocked, id=13480, stack(0x0000007056400000,0x0000007056500000)]
  0x000002268046e0f0 JavaThread "Unconstrained build operations Thread 59" [_thread_blocked, id=10352, stack(0x0000007056500000,0x0000007056600000)]
  0x000002269ce3fde0 JavaThread "Unconstrained build operations Thread 60" [_thread_blocked, id=12636, stack(0x0000007056600000,0x0000007056700000)]
  0x0000022696162d50 JavaThread "Unconstrained build operations Thread 61" [_thread_blocked, id=18492, stack(0x0000007056700000,0x0000007056800000)]
  0x00000226961604d0 JavaThread "Unconstrained build operations Thread 62" [_thread_blocked, id=2976, stack(0x0000007056800000,0x0000007056900000)]
  0x000002269615f5a0 JavaThread "Unconstrained build operations Thread 63" [_thread_blocked, id=26716, stack(0x0000007056900000,0x0000007056a00000)]
  0x000002269615fab0 JavaThread "Unconstrained build operations Thread 64" [_thread_blocked, id=15508, stack(0x0000007056a00000,0x0000007056b00000)]
  0x00000226fd262b70 JavaThread "Unconstrained build operations Thread 65" [_thread_blocked, id=13972, stack(0x0000007056b00000,0x0000007056c00000)]
  0x00000226fd263590 JavaThread "Unconstrained build operations Thread 66" [_thread_blocked, id=18644, stack(0x0000007056c00000,0x0000007056d00000)]
  0x00000226fd263aa0 JavaThread "Unconstrained build operations Thread 67" [_thread_blocked, id=27708, stack(0x0000007056d00000,0x0000007056e00000)]
  0x00000226fd263fb0 JavaThread "Unconstrained build operations Thread 68" [_thread_blocked, id=13528, stack(0x0000007056e00000,0x0000007056f00000)]
  0x00000226fd263080 JavaThread "Unconstrained build operations Thread 69" [_thread_blocked, id=31004, stack(0x0000007056f00000,0x0000007057000000)]
  0x00000226fd262660 JavaThread "Unconstrained build operations Thread 70" [_thread_blocked, id=9768, stack(0x0000007057000000,0x0000007057100000)]
  0x000002269df28c20 JavaThread "Unconstrained build operations Thread 71" [_thread_blocked, id=29964, stack(0x0000007057100000,0x0000007057200000)]
  0x00000226fa816740 JavaThread "Unconstrained build operations Thread 72" [_thread_blocked, id=27972, stack(0x0000007057200000,0x0000007057300000)]
  0x00000226fa817160 JavaThread "Unconstrained build operations Thread 73" [_thread_blocked, id=7808, stack(0x0000007057300000,0x0000007057400000)]
  0x00000226fa816c50 JavaThread "Unconstrained build operations Thread 74" [_thread_blocked, id=31564, stack(0x0000007057400000,0x0000007057500000)]
  0x00000226f8cc56d0 JavaThread "Unconstrained build operations Thread 75" [_thread_blocked, id=21136, stack(0x0000007057500000,0x0000007057600000)]
  0x00000226f8cc7530 JavaThread "Unconstrained build operations Thread 76" [_thread_blocked, id=17308, stack(0x0000007057600000,0x0000007057700000)]
  0x00000226f8cc6600 JavaThread "Unconstrained build operations Thread 77" [_thread_blocked, id=16704, stack(0x0000007057700000,0x0000007057800000)]
  0x00000226f8cc5be0 JavaThread "Unconstrained build operations Thread 78" [_thread_blocked, id=21848, stack(0x0000007057800000,0x0000007057900000)]
  0x00000226f8cc7f50 JavaThread "Unconstrained build operations Thread 79" [_thread_blocked, id=18520, stack(0x0000007057900000,0x0000007057a00000)]
  0x00000226f8cc4cb0 JavaThread "Unconstrained build operations Thread 80" [_thread_blocked, id=8600, stack(0x0000007057a00000,0x0000007057b00000)]
  0x00000226f8cc51c0 JavaThread "Unconstrained build operations Thread 81" [_thread_blocked, id=8916, stack(0x0000007057b00000,0x0000007057c00000)]
  0x000002268db7b180 JavaThread "Unconstrained build operations Thread 82" [_thread_blocked, id=12700, stack(0x0000007057c00000,0x0000007057d00000)]
  0x000002268f5f6dc0 JavaThread "Unconstrained build operations Thread 83" [_thread_blocked, id=13272, stack(0x0000007057d00000,0x0000007057e00000)]
  0x000002268f5f77e0 JavaThread "Unconstrained build operations Thread 84" [_thread_blocked, id=15688, stack(0x0000007057e00000,0x0000007057f00000)]
  0x000002268f5f4540 JavaThread "Unconstrained build operations Thread 85" [_thread_blocked, id=8012, stack(0x0000007057f00000,0x0000007058000000)]
  0x000002268f5f5e90 JavaThread "Unconstrained build operations Thread 86" [_thread_blocked, id=3884, stack(0x0000007058000000,0x0000007058100000)]
  0x000002268f5f63a0 JavaThread "Unconstrained build operations Thread 87" [_thread_blocked, id=2956, stack(0x0000007058100000,0x0000007058200000)]
  0x000002268f5f68b0 JavaThread "Unconstrained build operations Thread 88" [_thread_blocked, id=11324, stack(0x0000007058200000,0x0000007058300000)]
  0x000002268f5f4a50 JavaThread "Unconstrained build operations Thread 89" [_thread_blocked, id=26752, stack(0x0000007058300000,0x0000007058400000)]
  0x000002268f5f4f60 JavaThread "Unconstrained build operations Thread 90" [_thread_blocked, id=30072, stack(0x0000007058400000,0x0000007058500000)]
  0x00000226804e23e0 JavaThread "Unconstrained build operations Thread 91" [_thread_blocked, id=21276, stack(0x0000007058500000,0x0000007058600000)]
  0x00000226804e28f0 JavaThread "Unconstrained build operations Thread 92" [_thread_blocked, id=9324, stack(0x0000007058600000,0x0000007058700000)]
  0x00000226804e2e00 JavaThread "Unconstrained build operations Thread 93" [_thread_blocked, id=29248, stack(0x0000007058700000,0x0000007058800000)]
  0x00000226fbec9410 JavaThread "Unconstrained build operations Thread 94" [_thread_blocked, id=30164, stack(0x0000007058900000,0x0000007058a00000)]
  0x0000022685314540 JavaThread "Unconstrained build operations Thread 95" [_thread_blocked, id=22580, stack(0x0000007058a00000,0x0000007058b00000)]
  0x0000022697a90ac0 JavaThread "Unconstrained build operations Thread 96" [_thread_blocked, id=1792, stack(0x0000007058b00000,0x0000007058c00000)]
  0x000002269df28200 JavaThread "Unconstrained build operations Thread 98" [_thread_blocked, id=16092, stack(0x0000007058c00000,0x0000007058d00000)]
  0x000002268f763c10 JavaThread "Unconstrained build operations Thread 97" [_thread_blocked, id=10648, stack(0x0000007058d00000,0x0000007058e00000)]
  0x000002269df27cf0 JavaThread "Unconstrained build operations Thread 99" [_thread_blocked, id=18156, stack(0x0000007058e00000,0x0000007058f00000)]
  0x000002269df29130 JavaThread "Unconstrained build operations Thread 100" [_thread_blocked, id=16620, stack(0x0000007058f00000,0x0000007059000000)]
  0x000002269df29b50 JavaThread "Unconstrained build operations Thread 101" [_thread_blocked, id=25396, stack(0x0000007059000000,0x0000007059100000)]
  0x000002269df28710 JavaThread "Unconstrained build operations Thread 102" [_thread_blocked, id=21456, stack(0x0000007059100000,0x0000007059200000)]
  0x000002269df2a060 JavaThread "Unconstrained build operations Thread 103" [_thread_blocked, id=24996, stack(0x0000007059200000,0x0000007059300000)]
  0x000002269df29640 JavaThread "Unconstrained build operations Thread 104" [_thread_blocked, id=29656, stack(0x0000007059300000,0x0000007059400000)]
  0x000002269df2a570 JavaThread "Unconstrained build operations Thread 105" [_thread_blocked, id=9748, stack(0x0000007059400000,0x0000007059500000)]
  0x000002268f764b40 JavaThread "Unconstrained build operations Thread 106" [_thread_blocked, id=11728, stack(0x0000007059500000,0x0000007059600000)]
  0x000002268f7631f0 JavaThread "Unconstrained build operations Thread 107" [_thread_blocked, id=5096, stack(0x0000007059600000,0x0000007059700000)]
  0x000002268f764630 JavaThread "Unconstrained build operations Thread 108" [_thread_blocked, id=15724, stack(0x0000007059700000,0x0000007059800000)]
  0x000002268f7669a0 JavaThread "Unconstrained build operations Thread 109" [_thread_blocked, id=2044, stack(0x0000007059800000,0x0000007059900000)]
  0x000002268f5f5980 JavaThread "Unconstrained build operations Thread 110" [_thread_blocked, id=6816, stack(0x0000007059900000,0x0000007059a00000)]
  0x00000226fc5aa600 JavaThread "Unconstrained build operations Thread 111" [_thread_blocked, id=12680, stack(0x0000007059a00000,0x0000007059b00000)]
  0x00000226fb1d0210 JavaThread "Unconstrained build operations Thread 112" [_thread_blocked, id=26248, stack(0x0000007059b00000,0x0000007059c00000)]
  0x00000226fb1d1b60 JavaThread "Unconstrained build operations Thread 113" [_thread_blocked, id=4276, stack(0x0000007059c00000,0x0000007059d00000)]
  0x00000226fb1d1140 JavaThread "Unconstrained build operations Thread 114" [_thread_blocked, id=30712, stack(0x0000007059d00000,0x0000007059e00000)]
  0x00000226fb1d0720 JavaThread "Unconstrained build operations Thread 115" [_thread_blocked, id=6096, stack(0x0000007059e00000,0x0000007059f00000)]
  0x0000022680688700 JavaThread "Unconstrained build operations Thread 116" [_thread_blocked, id=4028, stack(0x0000007059f00000,0x000000705a000000)]
  0x0000022680689b40 JavaThread "Unconstrained build operations Thread 117" [_thread_blocked, id=17028, stack(0x000000705a000000,0x000000705a100000)]
  0x000002268e0c9030 JavaThread "pool-28-thread-1" [_thread_blocked, id=16420, stack(0x000000705a100000,0x000000705a200000)]
  0x0000022685313100 JavaThread "pool-28-thread-2" [_thread_blocked, id=14268, stack(0x000000705a200000,0x000000705a300000)]
  0x0000022697a90fd0 JavaThread "pool-28-thread-3" [_thread_blocked, id=1820, stack(0x000000705a300000,0x000000705a400000)]
  0x000002268f763700 JavaThread "Unconstrained build operations Thread 118" [_thread_blocked, id=27300, stack(0x000000704cb00000,0x000000704cc00000)]
  0x000002268f764120 JavaThread "Unconstrained build operations Thread 119" [_thread_blocked, id=20540, stack(0x000000705a500000,0x000000705a600000)]
  0x000002268f765050 JavaThread "Unconstrained build operations Thread 120" [_thread_blocked, id=31188, stack(0x000000705a600000,0x000000705a700000)]
  0x000002269ce3df80 JavaThread "WorkerExecutor Queue Thread 13" [_thread_blocked, id=26772, stack(0x000000705a700000,0x000000705a800000)]
  0x00000226fe13f1f0 JavaThread "RMI TCP Connection(57)-127.0.0.1" daemon [_thread_in_native, id=29880, stack(0x000000705ac00000,0x000000705ad00000)]
  0x000002269df2aa80 JavaThread "pool-28-thread-4" [_thread_blocked, id=22744, stack(0x000000705ad00000,0x000000705ae00000)]
  0x000002269df2af90 JavaThread "pool-28-thread-5" [_thread_blocked, id=2436, stack(0x000000705ae00000,0x000000705af00000)]
  0x000002269df277e0 JavaThread "pool-28-thread-6" [_thread_blocked, id=27204, stack(0x000000705af00000,0x000000705b000000)]
  0x00000226fb1d1650 JavaThread "pool-28-thread-7" [_thread_blocked, id=13164, stack(0x000000705b000000,0x000000705b100000)]
  0x0000022697a8fb90 JavaThread "RMI TCP Connection(56)-127.0.0.1" daemon [_thread_in_native, id=31580, stack(0x000000705ab00000,0x000000705ac00000)]
  0x000002268f765560 JavaThread "RMI RenewClean-[127.0.0.1:17925,org.jetbrains.kotlin.daemon.common.LoopbackNetworkInterface$ClientLoopbackSocketFactory@a59298c]" daemon [_thread_blocked, id=30940, stack(0x0000007055700000,0x0000007055800000)]
  0x00000226ff515900 JavaThread "RMI TCP Connection(59)-127.0.0.1" daemon [_thread_in_native, id=22600, stack(0x0000007058800000,0x0000007058900000)]
  0x00000226fe13bf50 JavaThread "RMI RenewClean-[127.0.0.1:17925,org.jetbrains.kotlin.daemon.common.LoopbackNetworkInterface$ClientLoopbackSocketFactory@9e54f87]" daemon [_thread_blocked, id=18168, stack(0x000000705aa00000,0x000000705ab00000)]
  0x00000226ff515e10 JavaThread "RMI TCP Connection(60)-127.0.0.1" daemon [_thread_in_native, id=7280, stack(0x000000705b100000,0x000000705b200000)]
  0x00000226fe13c970 JavaThread "WorkerExecutor Queue Thread 14" [_thread_blocked, id=17612, stack(0x000000705b200000,0x000000705b300000)]
  0x000002269d4c24b0 JavaThread "pool-29-thread-1" [_thread_blocked, id=16768, stack(0x000000705b300000,0x000000705b400000)]
  0x000002269d4c29c0 JavaThread "stderr" [_thread_in_native, id=20416, stack(0x000000705b400000,0x000000705b500000)]
  0x000002269d4c0650 JavaThread "stdout" [_thread_in_native, id=25480, stack(0x000000705b500000,0x000000705b600000)]

Other Threads:
  0x00000226f2f4ec60 VMThread "VM Thread" [stack: 0x000000704b200000,0x000000704b300000] [id=17432]
  0x00000226f3599ad0 WatcherThread [stack: 0x000000704be00000,0x000000704bf00000] [id=17720]
  0x00000226d66da0c0 GCTaskThread "GC Thread#0" [stack: 0x000000704ad00000,0x000000704ae00000] [id=1508]
  0x00000226f3759fb0 GCTaskThread "GC Thread#1" [stack: 0x000000704c100000,0x000000704c200000] [id=27816]
  0x00000226f37f35f0 GCTaskThread "GC Thread#2" [stack: 0x000000704c200000,0x000000704c300000] [id=17740]
  0x00000226f37f38b0 GCTaskThread "GC Thread#3" [stack: 0x000000704c300000,0x000000704c400000] [id=26144]
  0x00000226f38e3220 GCTaskThread "GC Thread#4" [stack: 0x000000704c400000,0x000000704c500000] [id=29912]
  0x00000226f8c0cc20 GCTaskThread "GC Thread#5" [stack: 0x000000704bf00000,0x000000704c000000] [id=9196]
  0x00000226f91ddce0 GCTaskThread "GC Thread#6" [stack: 0x000000704c000000,0x000000704c100000] [id=10012]
  0x00000226f968e490 GCTaskThread "GC Thread#7" [stack: 0x000000704c600000,0x000000704c700000] [id=2568]
  0x00000226f97300f0 GCTaskThread "GC Thread#8" [stack: 0x000000704d100000,0x000000704d200000] [id=14036]
  0x00000226f9771980 GCTaskThread "GC Thread#9" [stack: 0x000000704d200000,0x000000704d300000] [id=16396]
  0x00000226d66e7f30 ConcurrentGCThread "G1 Main Marker" [stack: 0x000000704ae00000,0x000000704af00000] [id=25708]
=>0x00000226d66e9530 ConcurrentGCThread "G1 Conc#0" [stack: 0x000000704af00000,0x000000704b000000] [id=9044]
  0x00000226f99d78b0 ConcurrentGCThread "G1 Conc#1" [stack: 0x000000704d300000,0x000000704d400000] [id=28988]
  0x00000226f9960af0 ConcurrentGCThread "G1 Conc#2" [stack: 0x000000704d400000,0x000000704d500000] [id=9636]
  0x00000226d672e6c0 ConcurrentGCThread "G1 Refine#0" [stack: 0x000000704b000000,0x000000704b100000] [id=4780]
  0x00000226fc486fb0 ConcurrentGCThread "G1 Refine#1" [stack: 0x000000704df00000,0x000000704e000000] [id=19924]
  0x00000226fa6a5d20 ConcurrentGCThread "G1 Refine#2" [stack: 0x000000704e000000,0x000000704e100000] [id=25740]
  0x00000226fb7e2cc0 ConcurrentGCThread "G1 Refine#3" [stack: 0x000000704e100000,0x000000704e200000] [id=31224]
  0x00000226fb94f310 ConcurrentGCThread "G1 Refine#4" [stack: 0x000000704e200000,0x000000704e300000] [id=15140]
  0x00000226fcc614f0 ConcurrentGCThread "G1 Refine#5" [stack: 0x000000704e300000,0x000000704e400000] [id=17872]
  0x00000226f2df1170 ConcurrentGCThread "G1 Service" [stack: 0x000000704b100000,0x000000704b200000] [id=27400]

Threads with active compile tasks:
C2 CompilerThread0  3374626 75412       4       com.android.tools.r8.internal.r32::a (972 bytes)
C2 CompilerThread2  3374626 75494       4       com.android.tools.r8.internal.q41::a (2722 bytes)

VM state: not at safepoint (normal execution)

VM Mutex/Monitor currently owned by a thread: None

Heap address: 0x0000000740000000, size: 3072 MB, Compressed Oops mode: Zero based, Oop shift amount: 3

CDS archive(s) not mapped
Compressed class space mapped at: 0x0000000800000000-0x0000000840000000, reserved size: 1073741824
Narrow klass base: 0x0000000800000000, Narrow klass shift: 0, Narrow klass range: 0x40000000

GC Precious Log:
 CPUs: 12 total, 12 available
 Memory: 15741M
 Large Page Support: Disabled
 NUMA Support: Disabled
 Compressed Oops: Enabled (Zero based)
 Heap Region Size: 2M
 Heap Min Capacity: 8M
 Heap Initial Capacity: 246M
 Heap Max Capacity: 3G
 Pre-touch: Disabled
 Parallel Workers: 10
 Concurrent Workers: 3
 Concurrent Refinement Workers: 10
 Periodic GC: Disabled

Heap:
 garbage-first heap   total 2633728K, used 1160899K [0x0000000740000000, 0x0000000800000000)
  region size 2048K, 180 young (368640K), 15 survivors (30720K)
 Metaspace       used 365210K, committed 368768K, reserved 1376256K
  class space    used 45561K, committed 47296K, reserved 1048576K

Heap Regions: E=young(eden), S=young(survivor), O=old, HS=humongous(starts), HC=humongous(continues), CS=collection set, F=free, OA=open archive, CA=closed archive, TAMS=top-at-mark-start (previous, next)
|   0|0x0000000740000000, 0x0000000740200000, 0x0000000740200000|100%|HS|  |TAMS 0x0000000740200000, 0x0000000740200000| Complete 
|   1|0x0000000740200000, 0x0000000740400000, 0x0000000740400000|100%|HC|  |TAMS 0x0000000740400000, 0x0000000740400000| Complete 
|   2|0x0000000740400000, 0x0000000740600000, 0x0000000740600000|100%| O|  |TAMS 0x0000000740600000, 0x0000000740600000| Untracked 
|   3|0x0000000740600000, 0x0000000740800000, 0x0000000740800000|100%| O|  |TAMS 0x0000000740800000, 0x0000000740800000| Untracked 
|   4|0x0000000740800000, 0x0000000740a00000, 0x0000000740a00000|100%| O|  |TAMS 0x0000000740a00000, 0x0000000740a00000| Untracked 
|   5|0x0000000740a00000, 0x0000000740c00000, 0x0000000740c00000|100%| O|  |TAMS 0x0000000740c00000, 0x0000000740c00000| Untracked 
|   6|0x0000000740c00000, 0x0000000740e00000, 0x0000000740e00000|100%| O|  |TAMS 0x0000000740e00000, 0x0000000740e00000| Untracked 
|   7|0x0000000740e00000, 0x0000000741000000, 0x0000000741000000|100%| O|  |TAMS 0x0000000741000000, 0x0000000741000000| Untracked 
|   8|0x0000000741000000, 0x0000000741200000, 0x0000000741200000|100%| O|  |TAMS 0x0000000741200000, 0x0000000741200000| Untracked 
|   9|0x0000000741200000, 0x0000000741400000, 0x0000000741400000|100%| O|  |TAMS 0x0000000741400000, 0x0000000741400000| Untracked 
|  10|0x0000000741400000, 0x0000000741600000, 0x0000000741600000|100%| O|  |TAMS 0x0000000741600000, 0x0000000741600000| Untracked 
|  11|0x0000000741600000, 0x0000000741800000, 0x0000000741800000|100%| O|  |TAMS 0x0000000741800000, 0x0000000741800000| Untracked 
|  12|0x0000000741800000, 0x0000000741a00000, 0x0000000741a00000|100%|HS|  |TAMS 0x0000000741a00000, 0x0000000741a00000| Complete 
|  13|0x0000000741a00000, 0x0000000741c00000, 0x0000000741c00000|100%|HS|  |TAMS 0x0000000741c00000, 0x0000000741c00000| Complete 
|  14|0x0000000741c00000, 0x0000000741e00000, 0x0000000741e00000|100%| O|  |TAMS 0x0000000741e00000, 0x0000000741e00000| Untracked 
|  15|0x0000000741e00000, 0x0000000742000000, 0x0000000742000000|100%|HS|  |TAMS 0x0000000742000000, 0x0000000742000000| Complete 
|  16|0x0000000742000000, 0x0000000742200000, 0x0000000742200000|100%| O|  |TAMS 0x0000000742200000, 0x0000000742200000| Untracked 
|  17|0x0000000742200000, 0x0000000742400000, 0x0000000742400000|100%| O|  |TAMS 0x0000000742400000, 0x0000000742400000| Untracked 
|  18|0x0000000742400000, 0x0000000742600000, 0x0000000742600000|100%| O|  |TAMS 0x0000000742600000, 0x0000000742600000| Untracked 
|  19|0x0000000742600000, 0x0000000742800000, 0x0000000742800000|100%| O|  |TAMS 0x0000000742800000, 0x0000000742800000| Untracked 
|  20|0x0000000742800000, 0x0000000742a00000, 0x0000000742a00000|100%| O|  |TAMS 0x0000000742a00000, 0x0000000742a00000| Untracked 
|  21|0x0000000742a00000, 0x0000000742c00000, 0x0000000742c00000|100%| O|  |TAMS 0x0000000742c00000, 0x0000000742c00000| Untracked 
|  22|0x0000000742c00000, 0x0000000742e00000, 0x0000000742e00000|100%| O|  |TAMS 0x0000000742e00000, 0x0000000742e00000| Untracked 
|  23|0x0000000742e00000, 0x0000000743000000, 0x0000000743000000|100%| O|  |TAMS 0x0000000743000000, 0x0000000743000000| Untracked 
|  24|0x0000000743000000, 0x0000000743200000, 0x0000000743200000|100%| O|  |TAMS 0x0000000743200000, 0x0000000743200000| Untracked 
|  25|0x0000000743200000, 0x0000000743400000, 0x0000000743400000|100%| O|  |TAMS 0x0000000743400000, 0x0000000743400000| Untracked 
|  26|0x0000000743400000, 0x0000000743600000, 0x0000000743600000|100%| O|  |TAMS 0x0000000743600000, 0x0000000743600000| Untracked 
|  27|0x0000000743600000, 0x0000000743800000, 0x0000000743800000|100%| O|  |TAMS 0x0000000743800000, 0x0000000743800000| Untracked 
|  28|0x0000000743800000, 0x0000000743a00000, 0x0000000743a00000|100%| O|  |TAMS 0x0000000743a00000, 0x0000000743a00000| Untracked 
|  29|0x0000000743a00000, 0x0000000743c00000, 0x0000000743c00000|100%|HS|  |TAMS 0x0000000743c00000, 0x0000000743c00000| Complete 
|  30|0x0000000743c00000, 0x0000000743e00000, 0x0000000743e00000|100%| O|  |TAMS 0x0000000743e00000, 0x0000000743e00000| Untracked 
|  31|0x0000000743e00000, 0x0000000744000000, 0x0000000744000000|100%|HS|  |TAMS 0x0000000744000000, 0x0000000744000000| Complete 
|  32|0x0000000744000000, 0x0000000744200000, 0x0000000744200000|100%| O|  |TAMS 0x0000000744200000, 0x0000000744200000| Untracked 
|  33|0x0000000744200000, 0x0000000744400000, 0x0000000744400000|100%| O|  |TAMS 0x0000000744400000, 0x0000000744400000| Untracked 
|  34|0x0000000744400000, 0x0000000744600000, 0x0000000744600000|100%| O|  |TAMS 0x0000000744600000, 0x0000000744600000| Untracked 
|  35|0x0000000744600000, 0x0000000744800000, 0x0000000744800000|100%| O|  |TAMS 0x0000000744800000, 0x0000000744800000| Untracked 
|  36|0x0000000744800000, 0x0000000744a00000, 0x0000000744a00000|100%| O|  |TAMS 0x0000000744a00000, 0x0000000744a00000| Untracked 
|  37|0x0000000744a00000, 0x0000000744c00000, 0x0000000744c00000|100%| O|  |TAMS 0x0000000744c00000, 0x0000000744c00000| Untracked 
|  38|0x0000000744c00000, 0x0000000744e00000, 0x0000000744e00000|100%|HS|  |TAMS 0x0000000744e00000, 0x0000000744e00000| Complete 
|  39|0x0000000744e00000, 0x0000000745000000, 0x0000000745000000|100%|HC|  |TAMS 0x0000000745000000, 0x0000000745000000| Complete 
|  40|0x0000000745000000, 0x0000000745200000, 0x0000000745200000|100%| O|  |TAMS 0x0000000745200000, 0x0000000745200000| Untracked 
|  41|0x0000000745200000, 0x0000000745400000, 0x0000000745400000|100%| O|  |TAMS 0x0000000745400000, 0x0000000745400000| Untracked 
|  42|0x0000000745400000, 0x0000000745600000, 0x0000000745600000|100%| O|  |TAMS 0x0000000745600000, 0x0000000745600000| Untracked 
|  43|0x0000000745600000, 0x0000000745800000, 0x0000000745800000|100%|HS|  |TAMS 0x0000000745800000, 0x0000000745800000| Complete 
|  44|0x0000000745800000, 0x0000000745a00000, 0x0000000745a00000|100%|HC|  |TAMS 0x0000000745a00000, 0x0000000745a00000| Complete 
|  45|0x0000000745a00000, 0x0000000745c00000, 0x0000000745c00000|100%| O|  |TAMS 0x0000000745c00000, 0x0000000745c00000| Untracked 
|  46|0x0000000745c00000, 0x0000000745e00000, 0x0000000745e00000|100%| O|  |TAMS 0x0000000745e00000, 0x0000000745e00000| Untracked 
|  47|0x0000000745e00000, 0x0000000746000000, 0x0000000746000000|100%| O|  |TAMS 0x0000000745e00000, 0x0000000746000000| Untracked 
|  48|0x0000000746000000, 0x0000000746200000, 0x0000000746200000|100%| O|  |TAMS 0x0000000746200000, 0x0000000746200000| Untracked 
|  49|0x0000000746200000, 0x0000000746400000, 0x0000000746400000|100%| O|  |TAMS 0x0000000746400000, 0x0000000746400000| Untracked 
|  50|0x0000000746400000, 0x0000000746600000, 0x0000000746600000|100%| O|  |TAMS 0x0000000746600000, 0x0000000746600000| Untracked 
|  51|0x0000000746600000, 0x0000000746800000, 0x0000000746800000|100%| O|  |TAMS 0x0000000746800000, 0x0000000746800000| Untracked 
|  52|0x0000000746800000, 0x0000000746a00000, 0x0000000746a00000|100%|HS|  |TAMS 0x0000000746a00000, 0x0000000746a00000| Complete 
|  53|0x0000000746a00000, 0x0000000746c00000, 0x0000000746c00000|100%|HC|  |TAMS 0x0000000746c00000, 0x0000000746c00000| Complete 
|  54|0x0000000746c00000, 0x0000000746e00000, 0x0000000746e00000|100%|HC|  |TAMS 0x0000000746e00000, 0x0000000746e00000| Complete 
|  55|0x0000000746e00000, 0x0000000747000000, 0x0000000747000000|100%|HS|  |TAMS 0x0000000747000000, 0x0000000747000000| Complete 
|  56|0x0000000747000000, 0x0000000747200000, 0x0000000747200000|100%|HC|  |TAMS 0x0000000747200000, 0x0000000747200000| Complete 
|  57|0x0000000747200000, 0x0000000747400000, 0x0000000747400000|100%|HC|  |TAMS 0x0000000747400000, 0x0000000747400000| Complete 
|  58|0x0000000747400000, 0x0000000747600000, 0x0000000747600000|100%|HS|  |TAMS 0x0000000747600000, 0x0000000747600000| Complete 
|  59|0x0000000747600000, 0x0000000747800000, 0x0000000747800000|100%|HC|  |TAMS 0x0000000747800000, 0x0000000747800000| Complete 
|  60|0x0000000747800000, 0x0000000747a00000, 0x0000000747a00000|100%|HS|  |TAMS 0x0000000747a00000, 0x0000000747a00000| Complete 
|  61|0x0000000747a00000, 0x0000000747c00000, 0x0000000747c00000|100%|HC|  |TAMS 0x0000000747c00000, 0x0000000747c00000| Complete 
|  62|0x0000000747c00000, 0x0000000747e00000, 0x0000000747e00000|100%|HC|  |TAMS 0x0000000747e00000, 0x0000000747e00000| Complete 
|  63|0x0000000747e00000, 0x0000000748000000, 0x0000000748000000|100%|HS|  |TAMS 0x0000000747e00000, 0x0000000747e00000| Complete 
|  64|0x0000000748000000, 0x0000000748200000, 0x0000000748200000|100%| O|  |TAMS 0x0000000748200000, 0x0000000748200000| Untracked 
|  65|0x0000000748200000, 0x0000000748400000, 0x0000000748400000|100%| O|  |TAMS 0x0000000748400000, 0x0000000748400000| Untracked 
|  66|0x0000000748400000, 0x0000000748600000, 0x0000000748600000|100%| O|  |TAMS 0x0000000748600000, 0x0000000748600000| Untracked 
|  67|0x0000000748600000, 0x0000000748800000, 0x0000000748800000|100%| O|  |TAMS 0x0000000748800000, 0x0000000748800000| Untracked 
|  68|0x0000000748800000, 0x0000000748a00000, 0x0000000748a00000|100%| O|  |TAMS 0x0000000748a00000, 0x0000000748a00000| Untracked 
|  69|0x0000000748a00000, 0x0000000748c00000, 0x0000000748c00000|100%| O|  |TAMS 0x0000000748c00000, 0x0000000748c00000| Untracked 
|  70|0x0000000748c00000, 0x0000000748e00000, 0x0000000748e00000|100%| O|  |TAMS 0x0000000748e00000, 0x0000000748e00000| Untracked 
|  71|0x0000000748e00000, 0x0000000749000000, 0x0000000749000000|100%| O|  |TAMS 0x0000000749000000, 0x0000000749000000| Untracked 
|  72|0x0000000749000000, 0x0000000749200000, 0x0000000749200000|100%|HS|  |TAMS 0x0000000749200000, 0x0000000749200000| Complete 
|  73|0x0000000749200000, 0x0000000749400000, 0x0000000749400000|100%|HC|  |TAMS 0x0000000749400000, 0x0000000749400000| Complete 
|  74|0x0000000749400000, 0x0000000749600000, 0x0000000749600000|100%|HC|  |TAMS 0x0000000749600000, 0x0000000749600000| Complete 
|  75|0x0000000749600000, 0x0000000749600000, 0x0000000749800000|  0%| F|  |TAMS 0x0000000749600000, 0x0000000749600000| Untracked 
|  76|0x0000000749800000, 0x0000000749a00000, 0x0000000749a00000|100%| O|  |TAMS 0x0000000749a00000, 0x0000000749a00000| Untracked 
|  77|0x0000000749a00000, 0x0000000749c00000, 0x0000000749c00000|100%| O|  |TAMS 0x0000000749c00000, 0x0000000749c00000| Untracked 
|  78|0x0000000749c00000, 0x0000000749e00000, 0x0000000749e00000|100%| O|  |TAMS 0x0000000749e00000, 0x0000000749e00000| Untracked 
|  79|0x0000000749e00000, 0x000000074a000000, 0x000000074a000000|100%| O|  |TAMS 0x000000074a000000, 0x000000074a000000| Untracked 
|  80|0x000000074a000000, 0x000000074a200000, 0x000000074a200000|100%| O|  |TAMS 0x000000074a200000, 0x000000074a200000| Untracked 
|  81|0x000000074a200000, 0x000000074a400000, 0x000000074a400000|100%| O|  |TAMS 0x000000074a400000, 0x000000074a400000| Untracked 
|  82|0x000000074a400000, 0x000000074a600000, 0x000000074a600000|100%| O|  |TAMS 0x000000074a600000, 0x000000074a600000| Untracked 
|  83|0x000000074a600000, 0x000000074a800000, 0x000000074a800000|100%| O|  |TAMS 0x000000074a800000, 0x000000074a800000| Untracked 
|  84|0x000000074a800000, 0x000000074aa00000, 0x000000074aa00000|100%| O|  |TAMS 0x000000074aa00000, 0x000000074aa00000| Untracked 
|  85|0x000000074aa00000, 0x000000074ac00000, 0x000000074ac00000|100%| O|  |TAMS 0x000000074ac00000, 0x000000074ac00000| Untracked 
|  86|0x000000074ac00000, 0x000000074ae00000, 0x000000074ae00000|100%| O|  |TAMS 0x000000074ae00000, 0x000000074ae00000| Untracked 
|  87|0x000000074ae00000, 0x000000074b000000, 0x000000074b000000|100%| O|  |TAMS 0x000000074b000000, 0x000000074b000000| Untracked 
|  88|0x000000074b000000, 0x000000074b000000, 0x000000074b200000|  0%| F|  |TAMS 0x000000074b000000, 0x000000074b000000| Untracked 
|  89|0x000000074b200000, 0x000000074b400000, 0x000000074b400000|100%| O|  |TAMS 0x000000074b400000, 0x000000074b400000| Untracked 
|  90|0x000000074b400000, 0x000000074b600000, 0x000000074b600000|100%| O|  |TAMS 0x000000074b600000, 0x000000074b600000| Untracked 
|  91|0x000000074b600000, 0x000000074b800000, 0x000000074b800000|100%| O|  |TAMS 0x000000074b800000, 0x000000074b800000| Untracked 
|  92|0x000000074b800000, 0x000000074ba00000, 0x000000074ba00000|100%| O|  |TAMS 0x000000074ba00000, 0x000000074ba00000| Untracked 
|  93|0x000000074ba00000, 0x000000074bc00000, 0x000000074bc00000|100%| O|  |TAMS 0x000000074bc00000, 0x000000074bc00000| Untracked 
|  94|0x000000074bc00000, 0x000000074be00000, 0x000000074be00000|100%| O|  |TAMS 0x000000074be00000, 0x000000074be00000| Untracked 
|  95|0x000000074be00000, 0x000000074c000000, 0x000000074c000000|100%| O|  |TAMS 0x000000074c000000, 0x000000074c000000| Untracked 
|  96|0x000000074c000000, 0x000000074c200000, 0x000000074c200000|100%| O|  |TAMS 0x000000074c200000, 0x000000074c200000| Untracked 
|  97|0x000000074c200000, 0x000000074c400000, 0x000000074c400000|100%| O|  |TAMS 0x000000074c400000, 0x000000074c400000| Untracked 
|  98|0x000000074c400000, 0x000000074c600000, 0x000000074c600000|100%| O|  |TAMS 0x000000074c600000, 0x000000074c600000| Untracked 
|  99|0x000000074c600000, 0x000000074c800000, 0x000000074c800000|100%| O|  |TAMS 0x000000074c800000, 0x000000074c800000| Untracked 
| 100|0x000000074c800000, 0x000000074ca00000, 0x000000074ca00000|100%| O|  |TAMS 0x000000074ca00000, 0x000000074ca00000| Untracked 
| 101|0x000000074ca00000, 0x000000074cc00000, 0x000000074cc00000|100%| O|  |TAMS 0x000000074cc00000, 0x000000074cc00000| Untracked 
| 102|0x000000074cc00000, 0x000000074ce00000, 0x000000074ce00000|100%| O|  |TAMS 0x000000074ce00000, 0x000000074ce00000| Untracked 
| 103|0x000000074ce00000, 0x000000074d000000, 0x000000074d000000|100%| O|  |TAMS 0x000000074d000000, 0x000000074d000000| Untracked 
| 104|0x000000074d000000, 0x000000074d200000, 0x000000074d200000|100%| O|  |TAMS 0x000000074d200000, 0x000000074d200000| Untracked 
| 105|0x000000074d200000, 0x000000074d400000, 0x000000074d400000|100%| O|  |TAMS 0x000000074d400000, 0x000000074d400000| Untracked 
| 106|0x000000074d400000, 0x000000074d600000, 0x000000074d600000|100%| O|  |TAMS 0x000000074d600000, 0x000000074d600000| Untracked 
| 107|0x000000074d600000, 0x000000074d800000, 0x000000074d800000|100%| O|  |TAMS 0x000000074d800000, 0x000000074d800000| Untracked 
| 108|0x000000074d800000, 0x000000074da00000, 0x000000074da00000|100%| O|  |TAMS 0x000000074da00000, 0x000000074da00000| Untracked 
| 109|0x000000074da00000, 0x000000074dc00000, 0x000000074dc00000|100%| O|  |TAMS 0x000000074dc00000, 0x000000074dc00000| Untracked 
| 110|0x000000074dc00000, 0x000000074de00000, 0x000000074de00000|100%| O|  |TAMS 0x000000074de00000, 0x000000074de00000| Untracked 
| 111|0x000000074de00000, 0x000000074e000000, 0x000000074e000000|100%| O|  |TAMS 0x000000074e000000, 0x000000074e000000| Untracked 
| 112|0x000000074e000000, 0x000000074e200000, 0x000000074e200000|100%| O|  |TAMS 0x000000074e200000, 0x000000074e200000| Untracked 
| 113|0x000000074e200000, 0x000000074e400000, 0x000000074e400000|100%| O|  |TAMS 0x000000074e400000, 0x000000074e400000| Untracked 
| 114|0x000000074e400000, 0x000000074e600000, 0x000000074e600000|100%| O|  |TAMS 0x000000074e600000, 0x000000074e600000| Untracked 
| 115|0x000000074e600000, 0x000000074e800000, 0x000000074e800000|100%| O|  |TAMS 0x000000074e800000, 0x000000074e800000| Untracked 
| 116|0x000000074e800000, 0x000000074ea00000, 0x000000074ea00000|100%| O|  |TAMS 0x000000074ea00000, 0x000000074ea00000| Untracked 
| 117|0x000000074ea00000, 0x000000074ec00000, 0x000000074ec00000|100%| O|  |TAMS 0x000000074ec00000, 0x000000074ec00000| Untracked 
| 118|0x000000074ec00000, 0x000000074ee00000, 0x000000074ee00000|100%| O|  |TAMS 0x000000074ee00000, 0x000000074ee00000| Untracked 
| 119|0x000000074ee00000, 0x000000074f000000, 0x000000074f000000|100%| O|  |TAMS 0x000000074f000000, 0x000000074f000000| Untracked 
| 120|0x000000074f000000, 0x000000074f200000, 0x000000074f200000|100%| O|  |TAMS 0x000000074f200000, 0x000000074f200000| Untracked 
| 121|0x000000074f200000, 0x000000074f400000, 0x000000074f400000|100%| O|  |TAMS 0x000000074f400000, 0x000000074f400000| Untracked 
| 122|0x000000074f400000, 0x000000074f600000, 0x000000074f600000|100%| O|  |TAMS 0x000000074f600000, 0x000000074f600000| Untracked 
| 123|0x000000074f600000, 0x000000074f800000, 0x000000074f800000|100%| O|  |TAMS 0x000000074f800000, 0x000000074f800000| Untracked 
| 124|0x000000074f800000, 0x000000074fa00000, 0x000000074fa00000|100%| O|  |TAMS 0x000000074fa00000, 0x000000074fa00000| Untracked 
| 125|0x000000074fa00000, 0x000000074fc00000, 0x000000074fc00000|100%| O|  |TAMS 0x000000074fc00000, 0x000000074fc00000| Untracked 
| 126|0x000000074fc00000, 0x000000074fe00000, 0x000000074fe00000|100%| O|  |TAMS 0x000000074fe00000, 0x000000074fe00000| Untracked 
| 127|0x000000074fe00000, 0x0000000750000000, 0x0000000750000000|100%| O|  |TAMS 0x0000000750000000, 0x0000000750000000| Untracked 
| 128|0x0000000750000000, 0x0000000750200000, 0x0000000750200000|100%| O|  |TAMS 0x0000000750200000, 0x0000000750200000| Untracked 
| 129|0x0000000750200000, 0x0000000750400000, 0x0000000750400000|100%| O|  |TAMS 0x0000000750400000, 0x0000000750400000| Untracked 
| 130|0x0000000750400000, 0x0000000750600000, 0x0000000750600000|100%| O|  |TAMS 0x0000000750600000, 0x0000000750600000| Untracked 
| 131|0x0000000750600000, 0x0000000750800000, 0x0000000750800000|100%|HS|  |TAMS 0x0000000750600000, 0x0000000750600000| Complete 
| 132|0x0000000750800000, 0x0000000750a00000, 0x0000000750a00000|100%|HC|  |TAMS 0x0000000750800000, 0x0000000750800000| Complete 
| 133|0x0000000750a00000, 0x0000000750c00000, 0x0000000750c00000|100%| O|  |TAMS 0x0000000750c00000, 0x0000000750c00000| Untracked 
| 134|0x0000000750c00000, 0x0000000750e00000, 0x0000000750e00000|100%|HS|  |TAMS 0x0000000750e00000, 0x0000000750e00000| Complete 
| 135|0x0000000750e00000, 0x0000000751000000, 0x0000000751000000|100%| O|  |TAMS 0x0000000751000000, 0x0000000751000000| Untracked 
| 136|0x0000000751000000, 0x0000000751200000, 0x0000000751200000|100%| O|  |TAMS 0x0000000751200000, 0x0000000751200000| Untracked 
| 137|0x0000000751200000, 0x0000000751400000, 0x0000000751400000|100%| O|  |TAMS 0x0000000751400000, 0x0000000751400000| Untracked 
| 138|0x0000000751400000, 0x0000000751600000, 0x0000000751600000|100%| O|  |TAMS 0x0000000751600000, 0x0000000751600000| Untracked 
| 139|0x0000000751600000, 0x0000000751800000, 0x0000000751800000|100%| O|  |TAMS 0x0000000751800000, 0x0000000751800000| Untracked 
| 140|0x0000000751800000, 0x0000000751a00000, 0x0000000751a00000|100%| O|  |TAMS 0x0000000751a00000, 0x0000000751a00000| Untracked 
| 141|0x0000000751a00000, 0x0000000751c00000, 0x0000000751c00000|100%| O|  |TAMS 0x0000000751c00000, 0x0000000751c00000| Untracked 
| 142|0x0000000751c00000, 0x0000000751e00000, 0x0000000751e00000|100%| O|  |TAMS 0x0000000751e00000, 0x0000000751e00000| Untracked 
| 143|0x0000000751e00000, 0x0000000752000000, 0x0000000752000000|100%| O|  |TAMS 0x0000000752000000, 0x0000000752000000| Untracked 
| 144|0x0000000752000000, 0x0000000752200000, 0x0000000752200000|100%| O|  |TAMS 0x0000000752200000, 0x0000000752200000| Untracked 
| 145|0x0000000752200000, 0x0000000752400000, 0x0000000752400000|100%| O|  |TAMS 0x0000000752400000, 0x0000000752400000| Untracked 
| 146|0x0000000752400000, 0x0000000752600000, 0x0000000752600000|100%| O|  |TAMS 0x0000000752600000, 0x0000000752600000| Untracked 
| 147|0x0000000752600000, 0x0000000752800000, 0x0000000752800000|100%| O|  |TAMS 0x0000000752800000, 0x0000000752800000| Untracked 
| 148|0x0000000752800000, 0x0000000752a00000, 0x0000000752a00000|100%| O|  |TAMS 0x0000000752a00000, 0x0000000752a00000| Untracked 
| 149|0x0000000752a00000, 0x0000000752c00000, 0x0000000752c00000|100%| O|  |TAMS 0x0000000752c00000, 0x0000000752c00000| Untracked 
| 150|0x0000000752c00000, 0x0000000752e00000, 0x0000000752e00000|100%| O|  |TAMS 0x0000000752e00000, 0x0000000752e00000| Untracked 
| 151|0x0000000752e00000, 0x0000000753000000, 0x0000000753000000|100%| O|  |TAMS 0x0000000753000000, 0x0000000753000000| Untracked 
| 152|0x0000000753000000, 0x0000000753200000, 0x0000000753200000|100%| O|  |TAMS 0x0000000753200000, 0x0000000753200000| Untracked 
| 153|0x0000000753200000, 0x0000000753400000, 0x0000000753400000|100%| O|  |TAMS 0x0000000753400000, 0x0000000753400000| Untracked 
| 154|0x0000000753400000, 0x0000000753600000, 0x0000000753600000|100%| O|  |TAMS 0x0000000753600000, 0x0000000753600000| Untracked 
| 155|0x0000000753600000, 0x0000000753800000, 0x0000000753800000|100%| O|  |TAMS 0x0000000753800000, 0x0000000753800000| Untracked 
| 156|0x0000000753800000, 0x0000000753a00000, 0x0000000753a00000|100%| O|  |TAMS 0x0000000753a00000, 0x0000000753a00000| Untracked 
| 157|0x0000000753a00000, 0x0000000753c00000, 0x0000000753c00000|100%| O|  |TAMS 0x0000000753c00000, 0x0000000753c00000| Untracked 
| 158|0x0000000753c00000, 0x0000000753e00000, 0x0000000753e00000|100%| O|  |TAMS 0x0000000753e00000, 0x0000000753e00000| Untracked 
| 159|0x0000000753e00000, 0x0000000754000000, 0x0000000754000000|100%| O|  |TAMS 0x0000000754000000, 0x0000000754000000| Untracked 
| 160|0x0000000754000000, 0x0000000754200000, 0x0000000754200000|100%| O|  |TAMS 0x0000000754200000, 0x0000000754200000| Untracked 
| 161|0x0000000754200000, 0x0000000754400000, 0x0000000754400000|100%| O|  |TAMS 0x0000000754400000, 0x0000000754400000| Untracked 
| 162|0x0000000754400000, 0x0000000754600000, 0x0000000754600000|100%| O|  |TAMS 0x0000000754600000, 0x0000000754600000| Untracked 
| 163|0x0000000754600000, 0x0000000754800000, 0x0000000754800000|100%| O|  |TAMS 0x0000000754800000, 0x0000000754800000| Untracked 
| 164|0x0000000754800000, 0x0000000754a00000, 0x0000000754a00000|100%| O|  |TAMS 0x0000000754a00000, 0x0000000754a00000| Untracked 
| 165|0x0000000754a00000, 0x0000000754a00000, 0x0000000754c00000|  0%| F|  |TAMS 0x0000000754a00000, 0x0000000754a00000| Untracked 
| 166|0x0000000754c00000, 0x0000000754c00000, 0x0000000754e00000|  0%| F|  |TAMS 0x0000000754c00000, 0x0000000754c00000| Untracked 
| 167|0x0000000754e00000, 0x0000000754e00000, 0x0000000755000000|  0%| F|  |TAMS 0x0000000754e00000, 0x0000000754e00000| Untracked 
| 168|0x0000000755000000, 0x0000000755200000, 0x0000000755200000|100%| O|  |TAMS 0x0000000755200000, 0x0000000755200000| Untracked 
| 169|0x0000000755200000, 0x0000000755400000, 0x0000000755400000|100%| O|  |TAMS 0x0000000755400000, 0x0000000755400000| Untracked 
| 170|0x0000000755400000, 0x0000000755600000, 0x0000000755600000|100%| O|  |TAMS 0x0000000755600000, 0x0000000755600000| Untracked 
| 171|0x0000000755600000, 0x0000000755800000, 0x0000000755800000|100%| O|  |TAMS 0x0000000755800000, 0x0000000755800000| Untracked 
| 172|0x0000000755800000, 0x0000000755a00000, 0x0000000755a00000|100%| O|  |TAMS 0x0000000755a00000, 0x0000000755a00000| Untracked 
| 173|0x0000000755a00000, 0x0000000755c00000, 0x0000000755c00000|100%| O|  |TAMS 0x0000000755c00000, 0x0000000755c00000| Untracked 
| 174|0x0000000755c00000, 0x0000000755e00000, 0x0000000755e00000|100%| O|  |TAMS 0x0000000755e00000, 0x0000000755e00000| Untracked 
| 175|0x0000000755e00000, 0x0000000756000000, 0x0000000756000000|100%| O|  |TAMS 0x0000000756000000, 0x0000000756000000| Untracked 
| 176|0x0000000756000000, 0x0000000756200000, 0x0000000756200000|100%| O|  |TAMS 0x0000000756200000, 0x0000000756200000| Untracked 
| 177|0x0000000756200000, 0x0000000756400000, 0x0000000756400000|100%| O|  |TAMS 0x0000000756400000, 0x0000000756400000| Untracked 
| 178|0x0000000756400000, 0x0000000756600000, 0x0000000756600000|100%| O|  |TAMS 0x0000000756600000, 0x0000000756600000| Untracked 
| 179|0x0000000756600000, 0x0000000756800000, 0x0000000756800000|100%| O|  |TAMS 0x0000000756600000, 0x0000000756800000| Untracked 
| 180|0x0000000756800000, 0x0000000756a00000, 0x0000000756a00000|100%| O|  |TAMS 0x0000000756a00000, 0x0000000756a00000| Untracked 
| 181|0x0000000756a00000, 0x0000000756c00000, 0x0000000756c00000|100%| O|  |TAMS 0x0000000756c00000, 0x0000000756c00000| Untracked 
| 182|0x0000000756c00000, 0x0000000756c00000, 0x0000000756e00000|  0%| F|  |TAMS 0x0000000756c00000, 0x0000000756c00000| Untracked 
| 183|0x0000000756e00000, 0x0000000757000000, 0x0000000757000000|100%| O|  |TAMS 0x0000000757000000, 0x0000000757000000| Untracked 
| 184|0x0000000757000000, 0x0000000757200000, 0x0000000757200000|100%| O|  |TAMS 0x0000000757200000, 0x0000000757200000| Untracked 
| 185|0x0000000757200000, 0x0000000757400000, 0x0000000757400000|100%| O|  |TAMS 0x0000000757400000, 0x0000000757400000| Untracked 
| 186|0x0000000757400000, 0x0000000757600000, 0x0000000757600000|100%| O|  |TAMS 0x0000000757400000, 0x0000000757600000| Untracked 
| 187|0x0000000757600000, 0x0000000757800000, 0x0000000757800000|100%| O|  |TAMS 0x0000000757800000, 0x0000000757800000| Untracked 
| 188|0x0000000757800000, 0x0000000757800000, 0x0000000757a00000|  0%| F|  |TAMS 0x0000000757800000, 0x0000000757800000| Untracked 
| 189|0x0000000757a00000, 0x0000000757a00000, 0x0000000757c00000|  0%| F|  |TAMS 0x0000000757a00000, 0x0000000757a00000| Untracked 
| 190|0x0000000757c00000, 0x0000000757e00000, 0x0000000757e00000|100%| O|  |TAMS 0x0000000757e00000, 0x0000000757e00000| Untracked 
| 191|0x0000000757e00000, 0x0000000758000000, 0x0000000758000000|100%| O|  |TAMS 0x0000000758000000, 0x0000000758000000| Untracked 
| 192|0x0000000758000000, 0x0000000758200000, 0x0000000758200000|100%| O|  |TAMS 0x0000000758200000, 0x0000000758200000| Untracked 
| 193|0x0000000758200000, 0x0000000758400000, 0x0000000758400000|100%| O|  |TAMS 0x0000000758400000, 0x0000000758400000| Untracked 
| 194|0x0000000758400000, 0x0000000758600000, 0x0000000758600000|100%| O|  |TAMS 0x0000000758600000, 0x0000000758600000| Untracked 
| 195|0x0000000758600000, 0x0000000758600000, 0x0000000758800000|  0%| F|  |TAMS 0x0000000758600000, 0x0000000758600000| Untracked 
| 196|0x0000000758800000, 0x0000000758a00000, 0x0000000758a00000|100%| O|  |TAMS 0x0000000758a00000, 0x0000000758a00000| Untracked 
| 197|0x0000000758a00000, 0x0000000758c00000, 0x0000000758c00000|100%| O|  |TAMS 0x0000000758c00000, 0x0000000758c00000| Untracked 
| 198|0x0000000758c00000, 0x0000000758e00000, 0x0000000758e00000|100%| O|  |TAMS 0x0000000758c00000, 0x0000000758e00000| Untracked 
| 199|0x0000000758e00000, 0x0000000759000000, 0x0000000759000000|100%| O|  |TAMS 0x0000000759000000, 0x0000000759000000| Untracked 
| 200|0x0000000759000000, 0x0000000759200000, 0x0000000759200000|100%| O|  |TAMS 0x0000000759200000, 0x0000000759200000| Untracked 
| 201|0x0000000759200000, 0x0000000759200000, 0x0000000759400000|  0%| F|  |TAMS 0x0000000759200000, 0x0000000759200000| Untracked 
| 202|0x0000000759400000, 0x0000000759400000, 0x0000000759600000|  0%| F|  |TAMS 0x0000000759400000, 0x0000000759400000| Untracked 
| 203|0x0000000759600000, 0x0000000759800000, 0x0000000759800000|100%| O|  |TAMS 0x0000000759800000, 0x0000000759800000| Untracked 
| 204|0x0000000759800000, 0x0000000759a00000, 0x0000000759a00000|100%| O|  |TAMS 0x0000000759a00000, 0x0000000759a00000| Untracked 
| 205|0x0000000759a00000, 0x0000000759c00000, 0x0000000759c00000|100%| O|  |TAMS 0x0000000759c00000, 0x0000000759c00000| Untracked 
| 206|0x0000000759c00000, 0x0000000759e00000, 0x0000000759e00000|100%| O|  |TAMS 0x0000000759e00000, 0x0000000759e00000| Untracked 
| 207|0x0000000759e00000, 0x000000075a000000, 0x000000075a000000|100%| O|  |TAMS 0x000000075a000000, 0x000000075a000000| Untracked 
| 208|0x000000075a000000, 0x000000075a200000, 0x000000075a200000|100%| O|  |TAMS 0x000000075a200000, 0x000000075a200000| Untracked 
| 209|0x000000075a200000, 0x000000075a400000, 0x000000075a400000|100%| O|  |TAMS 0x000000075a400000, 0x000000075a400000| Untracked 
| 210|0x000000075a400000, 0x000000075a600000, 0x000000075a600000|100%| O|  |TAMS 0x000000075a600000, 0x000000075a600000| Untracked 
| 211|0x000000075a600000, 0x000000075a800000, 0x000000075a800000|100%| O|  |TAMS 0x000000075a800000, 0x000000075a800000| Untracked 
| 212|0x000000075a800000, 0x000000075aa00000, 0x000000075aa00000|100%| O|  |TAMS 0x000000075aa00000, 0x000000075aa00000| Untracked 
| 213|0x000000075aa00000, 0x000000075ac00000, 0x000000075ac00000|100%| O|  |TAMS 0x000000075ac00000, 0x000000075ac00000| Untracked 
| 214|0x000000075ac00000, 0x000000075ae00000, 0x000000075ae00000|100%| O|  |TAMS 0x000000075ac00000, 0x000000075ae00000| Untracked 
| 215|0x000000075ae00000, 0x000000075b000000, 0x000000075b000000|100%| O|  |TAMS 0x000000075b000000, 0x000000075b000000| Untracked 
| 216|0x000000075b000000, 0x000000075b200000, 0x000000075b200000|100%| O|  |TAMS 0x000000075b000000, 0x000000075b200000| Untracked 
| 217|0x000000075b200000, 0x000000075b200000, 0x000000075b400000|  0%| F|  |TAMS 0x000000075b200000, 0x000000075b200000| Untracked 
| 218|0x000000075b400000, 0x000000075b600000, 0x000000075b600000|100%| O|  |TAMS 0x000000075b600000, 0x000000075b600000| Untracked 
| 219|0x000000075b600000, 0x000000075b800000, 0x000000075b800000|100%| O|  |TAMS 0x000000075b800000, 0x000000075b800000| Untracked 
| 220|0x000000075b800000, 0x000000075ba00000, 0x000000075ba00000|100%| O|  |TAMS 0x000000075ba00000, 0x000000075ba00000| Untracked 
| 221|0x000000075ba00000, 0x000000075bc00000, 0x000000075bc00000|100%| O|  |TAMS 0x000000075bc00000, 0x000000075bc00000| Untracked 
| 222|0x000000075bc00000, 0x000000075be00000, 0x000000075be00000|100%| O|  |TAMS 0x000000075be00000, 0x000000075be00000| Untracked 
| 223|0x000000075be00000, 0x000000075c000000, 0x000000075c000000|100%| O|  |TAMS 0x000000075c000000, 0x000000075c000000| Untracked 
| 224|0x000000075c000000, 0x000000075c200000, 0x000000075c200000|100%| O|  |TAMS 0x000000075c200000, 0x000000075c200000| Untracked 
| 225|0x000000075c200000, 0x000000075c400000, 0x000000075c400000|100%| O|  |TAMS 0x000000075c200000, 0x000000075c400000| Untracked 
| 226|0x000000075c400000, 0x000000075c600000, 0x000000075c600000|100%| O|  |TAMS 0x000000075c400000, 0x000000075c600000| Untracked 
| 227|0x000000075c600000, 0x000000075c800000, 0x000000075c800000|100%| O|  |TAMS 0x000000075c800000, 0x000000075c800000| Untracked 
| 228|0x000000075c800000, 0x000000075ca00000, 0x000000075ca00000|100%| O|  |TAMS 0x000000075ca00000, 0x000000075ca00000| Untracked 
| 229|0x000000075ca00000, 0x000000075cc00000, 0x000000075cc00000|100%| O|  |TAMS 0x000000075cc00000, 0x000000075cc00000| Untracked 
| 230|0x000000075cc00000, 0x000000075cc00000, 0x000000075ce00000|  0%| F|  |TAMS 0x000000075cc00000, 0x000000075cc00000| Untracked 
| 231|0x000000075ce00000, 0x000000075d000000, 0x000000075d000000|100%| O|  |TAMS 0x000000075d000000, 0x000000075d000000| Untracked 
| 232|0x000000075d000000, 0x000000075d200000, 0x000000075d200000|100%| O|  |TAMS 0x000000075d200000, 0x000000075d200000| Untracked 
| 233|0x000000075d200000, 0x000000075d400000, 0x000000075d400000|100%| O|  |TAMS 0x000000075d400000, 0x000000075d400000| Untracked 
| 234|0x000000075d400000, 0x000000075d600000, 0x000000075d600000|100%| O|  |TAMS 0x000000075d600000, 0x000000075d600000| Untracked 
| 235|0x000000075d600000, 0x000000075d800000, 0x000000075d800000|100%| O|  |TAMS 0x000000075d800000, 0x000000075d800000| Untracked 
| 236|0x000000075d800000, 0x000000075da00000, 0x000000075da00000|100%| O|  |TAMS 0x000000075da00000, 0x000000075da00000| Untracked 
| 237|0x000000075da00000, 0x000000075dc00000, 0x000000075dc00000|100%| O|  |TAMS 0x000000075dc00000, 0x000000075dc00000| Untracked 
| 238|0x000000075dc00000, 0x000000075de00000, 0x000000075de00000|100%| O|  |TAMS 0x000000075de00000, 0x000000075de00000| Untracked 
| 239|0x000000075de00000, 0x000000075e000000, 0x000000075e000000|100%| O|  |TAMS 0x000000075de00000, 0x000000075e000000| Untracked 
| 240|0x000000075e000000, 0x000000075e200000, 0x000000075e200000|100%| O|  |TAMS 0x000000075e000000, 0x000000075e200000| Untracked 
| 241|0x000000075e200000, 0x000000075e400000, 0x000000075e400000|100%| O|  |TAMS 0x000000075e200000, 0x000000075e400000| Untracked 
| 242|0x000000075e400000, 0x000000075e600000, 0x000000075e600000|100%| O|  |TAMS 0x000000075e400000, 0x000000075e600000| Untracked 
| 243|0x000000075e600000, 0x000000075e800000, 0x000000075e800000|100%| O|  |TAMS 0x000000075e800000, 0x000000075e800000| Untracked 
| 244|0x000000075e800000, 0x000000075ea00000, 0x000000075ea00000|100%| O|  |TAMS 0x000000075ea00000, 0x000000075ea00000| Untracked 
| 245|0x000000075ea00000, 0x000000075ec00000, 0x000000075ec00000|100%| O|  |TAMS 0x000000075ec00000, 0x000000075ec00000| Untracked 
| 246|0x000000075ec00000, 0x000000075ee00000, 0x000000075ee00000|100%| O|  |TAMS 0x000000075ee00000, 0x000000075ee00000| Untracked 
| 247|0x000000075ee00000, 0x000000075f000000, 0x000000075f000000|100%| O|  |TAMS 0x000000075f000000, 0x000000075f000000| Untracked 
| 248|0x000000075f000000, 0x000000075f200000, 0x000000075f200000|100%| O|  |TAMS 0x000000075f200000, 0x000000075f200000| Untracked 
| 249|0x000000075f200000, 0x000000075f400000, 0x000000075f400000|100%| O|  |TAMS 0x000000075f400000, 0x000000075f400000| Untracked 
| 250|0x000000075f400000, 0x000000075f400000, 0x000000075f600000|  0%| F|  |TAMS 0x000000075f400000, 0x000000075f400000| Untracked 
| 251|0x000000075f600000, 0x000000075f800000, 0x000000075f800000|100%| O|  |TAMS 0x000000075f800000, 0x000000075f800000| Untracked 
| 252|0x000000075f800000, 0x000000075fa00000, 0x000000075fa00000|100%| O|  |TAMS 0x000000075f800000, 0x000000075fa00000| Untracked 
| 253|0x000000075fa00000, 0x000000075fc00000, 0x000000075fc00000|100%| O|  |TAMS 0x000000075fc00000, 0x000000075fc00000| Untracked 
| 254|0x000000075fc00000, 0x000000075fc00000, 0x000000075fe00000|  0%| F|  |TAMS 0x000000075fc00000, 0x000000075fc00000| Untracked 
| 255|0x000000075fe00000, 0x0000000760000000, 0x0000000760000000|100%| O|  |TAMS 0x0000000760000000, 0x0000000760000000| Untracked 
| 256|0x0000000760000000, 0x0000000760200000, 0x0000000760200000|100%| O|  |TAMS 0x0000000760200000, 0x0000000760200000| Untracked 
| 257|0x0000000760200000, 0x0000000760400000, 0x0000000760400000|100%| O|  |TAMS 0x0000000760400000, 0x0000000760400000| Untracked 
| 258|0x0000000760400000, 0x0000000760600000, 0x0000000760600000|100%| O|  |TAMS 0x0000000760600000, 0x0000000760600000| Untracked 
| 259|0x0000000760600000, 0x0000000760800000, 0x0000000760800000|100%| O|  |TAMS 0x0000000760800000, 0x0000000760800000| Untracked 
| 260|0x0000000760800000, 0x0000000760a00000, 0x0000000760a00000|100%| O|  |TAMS 0x0000000760a00000, 0x0000000760a00000| Untracked 
| 261|0x0000000760a00000, 0x0000000760c00000, 0x0000000760c00000|100%| O|  |TAMS 0x0000000760c00000, 0x0000000760c00000| Untracked 
| 262|0x0000000760c00000, 0x0000000760e00000, 0x0000000760e00000|100%| O|  |TAMS 0x0000000760e00000, 0x0000000760e00000| Untracked 
| 263|0x0000000760e00000, 0x0000000761000000, 0x0000000761000000|100%| O|  |TAMS 0x0000000761000000, 0x0000000761000000| Untracked 
| 264|0x0000000761000000, 0x0000000761200000, 0x0000000761200000|100%| O|  |TAMS 0x0000000761200000, 0x0000000761200000| Untracked 
| 265|0x0000000761200000, 0x0000000761400000, 0x0000000761400000|100%| O|  |TAMS 0x0000000761400000, 0x0000000761400000| Untracked 
| 266|0x0000000761400000, 0x0000000761600000, 0x0000000761600000|100%| O|  |TAMS 0x0000000761600000, 0x0000000761600000| Untracked 
| 267|0x0000000761600000, 0x0000000761800000, 0x0000000761800000|100%| O|  |TAMS 0x0000000761800000, 0x0000000761800000| Untracked 
| 268|0x0000000761800000, 0x0000000761a00000, 0x0000000761a00000|100%| O|  |TAMS 0x0000000761a00000, 0x0000000761a00000| Untracked 
| 269|0x0000000761a00000, 0x0000000761a00000, 0x0000000761c00000|  0%| F|  |TAMS 0x0000000761a00000, 0x0000000761a00000| Untracked 
| 270|0x0000000761c00000, 0x0000000761e00000, 0x0000000761e00000|100%| O|  |TAMS 0x0000000761e00000, 0x0000000761e00000| Untracked 
| 271|0x0000000761e00000, 0x0000000761e00000, 0x0000000762000000|  0%| F|  |TAMS 0x0000000761e00000, 0x0000000761e00000| Untracked 
| 272|0x0000000762000000, 0x0000000762000000, 0x0000000762200000|  0%| F|  |TAMS 0x0000000762000000, 0x0000000762000000| Untracked 
| 273|0x0000000762200000, 0x0000000762400000, 0x0000000762400000|100%| O|  |TAMS 0x0000000762400000, 0x0000000762400000| Untracked 
| 274|0x0000000762400000, 0x0000000762600000, 0x0000000762600000|100%| O|  |TAMS 0x0000000762600000, 0x0000000762600000| Untracked 
| 275|0x0000000762600000, 0x0000000762800000, 0x0000000762800000|100%| O|  |TAMS 0x0000000762800000, 0x0000000762800000| Untracked 
| 276|0x0000000762800000, 0x0000000762a00000, 0x0000000762a00000|100%| O|  |TAMS 0x0000000762a00000, 0x0000000762a00000| Untracked 
| 277|0x0000000762a00000, 0x0000000762c00000, 0x0000000762c00000|100%| O|  |TAMS 0x0000000762c00000, 0x0000000762c00000| Untracked 
| 278|0x0000000762c00000, 0x0000000762e00000, 0x0000000762e00000|100%| O|  |TAMS 0x0000000762e00000, 0x0000000762e00000| Untracked 
| 279|0x0000000762e00000, 0x0000000763000000, 0x0000000763000000|100%| O|  |TAMS 0x0000000763000000, 0x0000000763000000| Untracked 
| 280|0x0000000763000000, 0x0000000763200000, 0x0000000763200000|100%| O|  |TAMS 0x0000000763200000, 0x0000000763200000| Untracked 
| 281|0x0000000763200000, 0x0000000763400000, 0x0000000763400000|100%| O|  |TAMS 0x0000000763400000, 0x0000000763400000| Untracked 
| 282|0x0000000763400000, 0x0000000763600000, 0x0000000763600000|100%| O|  |TAMS 0x0000000763600000, 0x0000000763600000| Untracked 
| 283|0x0000000763600000, 0x0000000763800000, 0x0000000763800000|100%| O|  |TAMS 0x0000000763800000, 0x0000000763800000| Untracked 
| 284|0x0000000763800000, 0x0000000763a00000, 0x0000000763a00000|100%| O|  |TAMS 0x0000000763a00000, 0x0000000763a00000| Untracked 
| 285|0x0000000763a00000, 0x0000000763c00000, 0x0000000763c00000|100%| O|  |TAMS 0x0000000763c00000, 0x0000000763c00000| Untracked 
| 286|0x0000000763c00000, 0x0000000763e00000, 0x0000000763e00000|100%| O|  |TAMS 0x0000000763e00000, 0x0000000763e00000| Untracked 
| 287|0x0000000763e00000, 0x0000000764000000, 0x0000000764000000|100%| O|  |TAMS 0x0000000764000000, 0x0000000764000000| Untracked 
| 288|0x0000000764000000, 0x0000000764200000, 0x0000000764200000|100%| O|  |TAMS 0x0000000764200000, 0x0000000764200000| Untracked 
| 289|0x0000000764200000, 0x0000000764400000, 0x0000000764400000|100%| O|  |TAMS 0x0000000764400000, 0x0000000764400000| Untracked 
| 290|0x0000000764400000, 0x0000000764600000, 0x0000000764600000|100%| O|  |TAMS 0x0000000764600000, 0x0000000764600000| Untracked 
| 291|0x0000000764600000, 0x0000000764800000, 0x0000000764800000|100%| O|  |TAMS 0x0000000764800000, 0x0000000764800000| Untracked 
| 292|0x0000000764800000, 0x0000000764a00000, 0x0000000764a00000|100%| O|  |TAMS 0x0000000764a00000, 0x0000000764a00000| Untracked 
| 293|0x0000000764a00000, 0x0000000764c00000, 0x0000000764c00000|100%| O|  |TAMS 0x0000000764c00000, 0x0000000764c00000| Untracked 
| 294|0x0000000764c00000, 0x0000000764e00000, 0x0000000764e00000|100%| O|  |TAMS 0x0000000764e00000, 0x0000000764e00000| Untracked 
| 295|0x0000000764e00000, 0x0000000765000000, 0x0000000765000000|100%| O|  |TAMS 0x0000000765000000, 0x0000000765000000| Untracked 
| 296|0x0000000765000000, 0x0000000765200000, 0x0000000765200000|100%| O|  |TAMS 0x0000000765200000, 0x0000000765200000| Untracked 
| 297|0x0000000765200000, 0x0000000765400000, 0x0000000765400000|100%| O|  |TAMS 0x0000000765200000, 0x0000000765400000| Untracked 
| 298|0x0000000765400000, 0x0000000765600000, 0x0000000765600000|100%| O|  |TAMS 0x0000000765600000, 0x0000000765600000| Untracked 
| 299|0x0000000765600000, 0x0000000765800000, 0x0000000765800000|100%| O|  |TAMS 0x0000000765800000, 0x0000000765800000| Untracked 
| 300|0x0000000765800000, 0x0000000765a00000, 0x0000000765a00000|100%| O|  |TAMS 0x0000000765a00000, 0x0000000765a00000| Untracked 
| 301|0x0000000765a00000, 0x0000000765c00000, 0x0000000765c00000|100%| O|  |TAMS 0x0000000765c00000, 0x0000000765c00000| Untracked 
| 302|0x0000000765c00000, 0x0000000765e00000, 0x0000000765e00000|100%| O|  |TAMS 0x0000000765e00000, 0x0000000765e00000| Untracked 
| 303|0x0000000765e00000, 0x0000000766000000, 0x0000000766000000|100%| O|  |TAMS 0x0000000766000000, 0x0000000766000000| Untracked 
| 304|0x0000000766000000, 0x0000000766200000, 0x0000000766200000|100%| O|  |TAMS 0x0000000766000000, 0x0000000766200000| Untracked 
| 305|0x0000000766200000, 0x0000000766400000, 0x0000000766400000|100%| O|  |TAMS 0x0000000766200000, 0x0000000766400000| Untracked 
| 306|0x0000000766400000, 0x0000000766600000, 0x0000000766600000|100%| O|  |TAMS 0x0000000766400000, 0x0000000766600000| Untracked 
| 307|0x0000000766600000, 0x0000000766800000, 0x0000000766800000|100%| O|  |TAMS 0x0000000766800000, 0x0000000766800000| Untracked 
| 308|0x0000000766800000, 0x0000000766a00000, 0x0000000766a00000|100%| O|  |TAMS 0x0000000766a00000, 0x0000000766a00000| Untracked 
| 309|0x0000000766a00000, 0x0000000766c00000, 0x0000000766c00000|100%| O|  |TAMS 0x0000000766c00000, 0x0000000766c00000| Untracked 
| 310|0x0000000766c00000, 0x0000000766c00000, 0x0000000766e00000|  0%| F|  |TAMS 0x0000000766c00000, 0x0000000766c00000| Untracked 
| 311|0x0000000766e00000, 0x0000000766e00000, 0x0000000767000000|  0%| F|  |TAMS 0x0000000766e00000, 0x0000000766e00000| Untracked 
| 312|0x0000000767000000, 0x0000000767200000, 0x0000000767200000|100%| O|  |TAMS 0x0000000767200000, 0x0000000767200000| Untracked 
| 313|0x0000000767200000, 0x0000000767400000, 0x0000000767400000|100%| O|  |TAMS 0x0000000767200000, 0x0000000767400000| Untracked 
| 314|0x0000000767400000, 0x0000000767600000, 0x0000000767600000|100%| O|  |TAMS 0x0000000767400000, 0x0000000767600000| Untracked 
| 315|0x0000000767600000, 0x0000000767800000, 0x0000000767800000|100%| O|  |TAMS 0x0000000767800000, 0x0000000767800000| Untracked 
| 316|0x0000000767800000, 0x0000000767a00000, 0x0000000767a00000|100%| O|  |TAMS 0x0000000767800000, 0x0000000767a00000| Untracked 
| 317|0x0000000767a00000, 0x0000000767c00000, 0x0000000767c00000|100%| O|  |TAMS 0x0000000767a00000, 0x0000000767c00000| Untracked 
| 318|0x0000000767c00000, 0x0000000767c00000, 0x0000000767e00000|  0%| F|  |TAMS 0x0000000767c00000, 0x0000000767c00000| Untracked 
| 319|0x0000000767e00000, 0x0000000768000000, 0x0000000768000000|100%| O|  |TAMS 0x0000000768000000, 0x0000000768000000| Untracked 
| 320|0x0000000768000000, 0x0000000768000000, 0x0000000768200000|  0%| F|  |TAMS 0x0000000768000000, 0x0000000768000000| Untracked 
| 321|0x0000000768200000, 0x0000000768200000, 0x0000000768400000|  0%| F|  |TAMS 0x0000000768200000, 0x0000000768200000| Untracked 
| 322|0x0000000768400000, 0x0000000768600000, 0x0000000768600000|100%| O|  |TAMS 0x0000000768600000, 0x0000000768600000| Untracked 
| 323|0x0000000768600000, 0x0000000768800000, 0x0000000768800000|100%| O|  |TAMS 0x0000000768800000, 0x0000000768800000| Untracked 
| 324|0x0000000768800000, 0x0000000768a00000, 0x0000000768a00000|100%| O|  |TAMS 0x0000000768a00000, 0x0000000768a00000| Untracked 
| 325|0x0000000768a00000, 0x0000000768c00000, 0x0000000768c00000|100%| O|  |TAMS 0x0000000768a00000, 0x0000000768c00000| Untracked 
| 326|0x0000000768c00000, 0x0000000768e00000, 0x0000000768e00000|100%| O|  |TAMS 0x0000000768c00000, 0x0000000768e00000| Untracked 
| 327|0x0000000768e00000, 0x0000000769000000, 0x0000000769000000|100%| O|  |TAMS 0x0000000769000000, 0x0000000769000000| Untracked 
| 328|0x0000000769000000, 0x0000000769000000, 0x0000000769200000|  0%| F|  |TAMS 0x0000000769000000, 0x0000000769000000| Untracked 
| 329|0x0000000769200000, 0x0000000769200000, 0x0000000769400000|  0%| F|  |TAMS 0x0000000769200000, 0x0000000769200000| Untracked 
| 330|0x0000000769400000, 0x0000000769400000, 0x0000000769600000|  0%| F|  |TAMS 0x0000000769400000, 0x0000000769400000| Untracked 
| 331|0x0000000769600000, 0x0000000769800000, 0x0000000769800000|100%| O|  |TAMS 0x0000000769600000, 0x0000000769800000| Untracked 
| 332|0x0000000769800000, 0x0000000769a00000, 0x0000000769a00000|100%| O|  |TAMS 0x0000000769800000, 0x0000000769a00000| Untracked 
| 333|0x0000000769a00000, 0x0000000769c00000, 0x0000000769c00000|100%| O|  |TAMS 0x0000000769a00000, 0x0000000769c00000| Untracked 
| 334|0x0000000769c00000, 0x0000000769e00000, 0x0000000769e00000|100%| O|  |TAMS 0x0000000769e00000, 0x0000000769e00000| Untracked 
| 335|0x0000000769e00000, 0x000000076a000000, 0x000000076a000000|100%| O|  |TAMS 0x0000000769e00000, 0x000000076a000000| Untracked 
| 336|0x000000076a000000, 0x000000076a200000, 0x000000076a200000|100%| O|  |TAMS 0x000000076a000000, 0x000000076a200000| Untracked 
| 337|0x000000076a200000, 0x000000076a400000, 0x000000076a400000|100%| O|  |TAMS 0x000000076a200000, 0x000000076a400000| Untracked 
| 338|0x000000076a400000, 0x000000076a400000, 0x000000076a600000|  0%| F|  |TAMS 0x000000076a400000, 0x000000076a400000| Untracked 
| 339|0x000000076a600000, 0x000000076a800000, 0x000000076a800000|100%| O|  |TAMS 0x000000076a600000, 0x000000076a800000| Untracked 
| 340|0x000000076a800000, 0x000000076a800000, 0x000000076aa00000|  0%| F|  |TAMS 0x000000076a800000, 0x000000076a800000| Untracked 
| 341|0x000000076aa00000, 0x000000076ac00000, 0x000000076ac00000|100%| O|  |TAMS 0x000000076aa00000, 0x000000076ac00000| Untracked 
| 342|0x000000076ac00000, 0x000000076ae00000, 0x000000076ae00000|100%| O|  |TAMS 0x000000076ae00000, 0x000000076ae00000| Untracked 
| 343|0x000000076ae00000, 0x000000076b000000, 0x000000076b000000|100%| O|  |TAMS 0x000000076b000000, 0x000000076b000000| Untracked 
| 344|0x000000076b000000, 0x000000076b200000, 0x000000076b200000|100%| O|  |TAMS 0x000000076b200000, 0x000000076b200000| Untracked 
| 345|0x000000076b200000, 0x000000076b400000, 0x000000076b400000|100%| O|  |TAMS 0x000000076b400000, 0x000000076b400000| Untracked 
| 346|0x000000076b400000, 0x000000076b600000, 0x000000076b600000|100%| O|  |TAMS 0x000000076b600000, 0x000000076b600000| Untracked 
| 347|0x000000076b600000, 0x000000076b800000, 0x000000076b800000|100%| O|  |TAMS 0x000000076b800000, 0x000000076b800000| Untracked 
| 348|0x000000076b800000, 0x000000076ba00000, 0x000000076ba00000|100%| O|  |TAMS 0x000000076ba00000, 0x000000076ba00000| Untracked 
| 349|0x000000076ba00000, 0x000000076bc00000, 0x000000076bc00000|100%| O|  |TAMS 0x000000076bc00000, 0x000000076bc00000| Untracked 
| 350|0x000000076bc00000, 0x000000076be00000, 0x000000076be00000|100%| O|  |TAMS 0x000000076be00000, 0x000000076be00000| Untracked 
| 351|0x000000076be00000, 0x000000076c000000, 0x000000076c000000|100%| O|  |TAMS 0x000000076be00000, 0x000000076c000000| Untracked 
| 352|0x000000076c000000, 0x000000076c200000, 0x000000076c200000|100%| O|  |TAMS 0x000000076c000000, 0x000000076c200000| Untracked 
| 353|0x000000076c200000, 0x000000076c200000, 0x000000076c400000|  0%| F|  |TAMS 0x000000076c200000, 0x000000076c200000| Untracked 
| 354|0x000000076c400000, 0x000000076c400000, 0x000000076c600000|  0%| F|  |TAMS 0x000000076c400000, 0x000000076c400000| Untracked 
| 355|0x000000076c600000, 0x000000076c600000, 0x000000076c800000|  0%| F|  |TAMS 0x000000076c600000, 0x000000076c600000| Untracked 
| 356|0x000000076c800000, 0x000000076c800000, 0x000000076ca00000|  0%| F|  |TAMS 0x000000076c800000, 0x000000076c800000| Untracked 
| 357|0x000000076ca00000, 0x000000076cc00000, 0x000000076cc00000|100%| O|  |TAMS 0x000000076cc00000, 0x000000076cc00000| Untracked 
| 358|0x000000076cc00000, 0x000000076ce00000, 0x000000076ce00000|100%| O|  |TAMS 0x000000076ce00000, 0x000000076ce00000| Untracked 
| 359|0x000000076ce00000, 0x000000076d000000, 0x000000076d000000|100%| O|  |TAMS 0x000000076d000000, 0x000000076d000000| Untracked 
| 360|0x000000076d000000, 0x000000076d200000, 0x000000076d200000|100%| O|  |TAMS 0x000000076d200000, 0x000000076d200000| Untracked 
| 361|0x000000076d200000, 0x000000076d400000, 0x000000076d400000|100%| O|  |TAMS 0x000000076d400000, 0x000000076d400000| Untracked 
| 362|0x000000076d400000, 0x000000076d400000, 0x000000076d600000|  0%| F|  |TAMS 0x000000076d400000, 0x000000076d400000| Untracked 
| 363|0x000000076d600000, 0x000000076d600000, 0x000000076d800000|  0%| F|  |TAMS 0x000000076d600000, 0x000000076d600000| Untracked 
| 364|0x000000076d800000, 0x000000076d800000, 0x000000076da00000|  0%| F|  |TAMS 0x000000076d800000, 0x000000076d800000| Untracked 
| 365|0x000000076da00000, 0x000000076da00000, 0x000000076dc00000|  0%| F|  |TAMS 0x000000076da00000, 0x000000076da00000| Untracked 
| 366|0x000000076dc00000, 0x000000076de00000, 0x000000076de00000|100%| O|  |TAMS 0x000000076dc00000, 0x000000076de00000| Untracked 
| 367|0x000000076de00000, 0x000000076e000000, 0x000000076e000000|100%| O|  |TAMS 0x000000076e000000, 0x000000076e000000| Untracked 
| 368|0x000000076e000000, 0x000000076e200000, 0x000000076e200000|100%| O|  |TAMS 0x000000076e200000, 0x000000076e200000| Untracked 
| 369|0x000000076e200000, 0x000000076e400000, 0x000000076e400000|100%| O|  |TAMS 0x000000076e200000, 0x000000076e400000| Untracked 
| 370|0x000000076e400000, 0x000000076e600000, 0x000000076e600000|100%| O|  |TAMS 0x000000076e400000, 0x000000076e600000| Untracked 
| 371|0x000000076e600000, 0x000000076e600000, 0x000000076e800000|  0%| F|  |TAMS 0x000000076e600000, 0x000000076e600000| Untracked 
| 372|0x000000076e800000, 0x000000076e800000, 0x000000076ea00000|  0%| F|  |TAMS 0x000000076e800000, 0x000000076e800000| Untracked 
| 373|0x000000076ea00000, 0x000000076ea00000, 0x000000076ec00000|  0%| F|  |TAMS 0x000000076ea00000, 0x000000076ea00000| Untracked 
| 374|0x000000076ec00000, 0x000000076ec00000, 0x000000076ee00000|  0%| F|  |TAMS 0x000000076ec00000, 0x000000076ec00000| Untracked 
| 375|0x000000076ee00000, 0x000000076ee00000, 0x000000076f000000|  0%| F|  |TAMS 0x000000076ee00000, 0x000000076ee00000| Untracked 
| 376|0x000000076f000000, 0x000000076f200000, 0x000000076f200000|100%| O|  |TAMS 0x000000076f200000, 0x000000076f200000| Untracked 
| 377|0x000000076f200000, 0x000000076f400000, 0x000000076f400000|100%| O|  |TAMS 0x000000076f400000, 0x000000076f400000| Untracked 
| 378|0x000000076f400000, 0x000000076f600000, 0x000000076f600000|100%| O|  |TAMS 0x000000076f600000, 0x000000076f600000| Untracked 
| 379|0x000000076f600000, 0x000000076f800000, 0x000000076f800000|100%| O|  |TAMS 0x000000076f800000, 0x000000076f800000| Untracked 
| 380|0x000000076f800000, 0x000000076fa00000, 0x000000076fa00000|100%| O|  |TAMS 0x000000076fa00000, 0x000000076fa00000| Untracked 
| 381|0x000000076fa00000, 0x000000076fc00000, 0x000000076fc00000|100%| O|  |TAMS 0x000000076fc00000, 0x000000076fc00000| Untracked 
| 382|0x000000076fc00000, 0x000000076fe00000, 0x000000076fe00000|100%| O|  |TAMS 0x000000076fe00000, 0x000000076fe00000| Untracked 
| 383|0x000000076fe00000, 0x0000000770000000, 0x0000000770000000|100%| O|  |TAMS 0x0000000770000000, 0x0000000770000000| Untracked 
| 384|0x0000000770000000, 0x0000000770200000, 0x0000000770200000|100%| O|  |TAMS 0x0000000770200000, 0x0000000770200000| Untracked 
| 385|0x0000000770200000, 0x0000000770400000, 0x0000000770400000|100%| O|  |TAMS 0x0000000770400000, 0x0000000770400000| Untracked 
| 386|0x0000000770400000, 0x0000000770600000, 0x0000000770600000|100%| O|  |TAMS 0x0000000770600000, 0x0000000770600000| Untracked 
| 387|0x0000000770600000, 0x0000000770800000, 0x0000000770800000|100%| O|  |TAMS 0x0000000770800000, 0x0000000770800000| Untracked 
| 388|0x0000000770800000, 0x0000000770a00000, 0x0000000770a00000|100%| O|  |TAMS 0x0000000770a00000, 0x0000000770a00000| Untracked 
| 389|0x0000000770a00000, 0x0000000770c00000, 0x0000000770c00000|100%| O|  |TAMS 0x0000000770c00000, 0x0000000770c00000| Untracked 
| 390|0x0000000770c00000, 0x0000000770c00000, 0x0000000770e00000|  0%| F|  |TAMS 0x0000000770c00000, 0x0000000770c00000| Untracked 
| 391|0x0000000770e00000, 0x0000000771000000, 0x0000000771000000|100%| O|  |TAMS 0x0000000771000000, 0x0000000771000000| Untracked 
| 392|0x0000000771000000, 0x0000000771000000, 0x0000000771200000|  0%| F|  |TAMS 0x0000000771000000, 0x0000000771000000| Untracked 
| 393|0x0000000771200000, 0x0000000771400000, 0x0000000771400000|100%| O|  |TAMS 0x0000000771200000, 0x0000000771400000| Untracked 
| 394|0x0000000771400000, 0x0000000771600000, 0x0000000771600000|100%| O|  |TAMS 0x0000000771400000, 0x0000000771600000| Untracked 
| 395|0x0000000771600000, 0x0000000771800000, 0x0000000771800000|100%| O|  |TAMS 0x0000000771600000, 0x0000000771800000| Untracked 
| 396|0x0000000771800000, 0x0000000771a00000, 0x0000000771a00000|100%| O|  |TAMS 0x0000000771a00000, 0x0000000771a00000| Untracked 
| 397|0x0000000771a00000, 0x0000000771a00000, 0x0000000771c00000|  0%| F|  |TAMS 0x0000000771a00000, 0x0000000771a00000| Untracked 
| 398|0x0000000771c00000, 0x0000000771e00000, 0x0000000771e00000|100%| O|  |TAMS 0x0000000771e00000, 0x0000000771e00000| Untracked 
| 399|0x0000000771e00000, 0x0000000771e00000, 0x0000000772000000|  0%| F|  |TAMS 0x0000000771e00000, 0x0000000771e00000| Untracked 
| 400|0x0000000772000000, 0x0000000772200000, 0x0000000772200000|100%| O|  |TAMS 0x0000000772200000, 0x0000000772200000| Untracked 
| 401|0x0000000772200000, 0x0000000772400000, 0x0000000772400000|100%| O|  |TAMS 0x0000000772400000, 0x0000000772400000| Untracked 
| 402|0x0000000772400000, 0x0000000772600000, 0x0000000772600000|100%| O|  |TAMS 0x0000000772600000, 0x0000000772600000| Untracked 
| 403|0x0000000772600000, 0x0000000772800000, 0x0000000772800000|100%| O|  |TAMS 0x0000000772800000, 0x0000000772800000| Untracked 
| 404|0x0000000772800000, 0x0000000772a00000, 0x0000000772a00000|100%| O|  |TAMS 0x0000000772a00000, 0x0000000772a00000| Untracked 
| 405|0x0000000772a00000, 0x0000000772c00000, 0x0000000772c00000|100%| O|  |TAMS 0x0000000772c00000, 0x0000000772c00000| Untracked 
| 406|0x0000000772c00000, 0x0000000772e00000, 0x0000000772e00000|100%| O|  |TAMS 0x0000000772e00000, 0x0000000772e00000| Untracked 
| 407|0x0000000772e00000, 0x0000000773000000, 0x0000000773000000|100%| O|  |TAMS 0x0000000773000000, 0x0000000773000000| Untracked 
| 408|0x0000000773000000, 0x0000000773200000, 0x0000000773200000|100%| O|  |TAMS 0x0000000773200000, 0x0000000773200000| Untracked 
| 409|0x0000000773200000, 0x0000000773400000, 0x0000000773400000|100%| O|  |TAMS 0x0000000773400000, 0x0000000773400000| Untracked 
| 410|0x0000000773400000, 0x0000000773600000, 0x0000000773600000|100%| O|  |TAMS 0x0000000773600000, 0x0000000773600000| Untracked 
| 411|0x0000000773600000, 0x0000000773800000, 0x0000000773800000|100%| O|  |TAMS 0x0000000773800000, 0x0000000773800000| Untracked 
| 412|0x0000000773800000, 0x0000000773a00000, 0x0000000773a00000|100%| O|  |TAMS 0x0000000773a00000, 0x0000000773a00000| Untracked 
| 413|0x0000000773a00000, 0x0000000773c00000, 0x0000000773c00000|100%| O|  |TAMS 0x0000000773c00000, 0x0000000773c00000| Untracked 
| 414|0x0000000773c00000, 0x0000000773e00000, 0x0000000773e00000|100%| O|  |TAMS 0x0000000773e00000, 0x0000000773e00000| Untracked 
| 415|0x0000000773e00000, 0x0000000774000000, 0x0000000774000000|100%| O|  |TAMS 0x0000000774000000, 0x0000000774000000| Untracked 
| 416|0x0000000774000000, 0x0000000774200000, 0x0000000774200000|100%| O|  |TAMS 0x0000000774200000, 0x0000000774200000| Untracked 
| 417|0x0000000774200000, 0x0000000774400000, 0x0000000774400000|100%| O|  |TAMS 0x0000000774400000, 0x0000000774400000| Untracked 
| 418|0x0000000774400000, 0x0000000774600000, 0x0000000774600000|100%| O|  |TAMS 0x0000000774600000, 0x0000000774600000| Untracked 
| 419|0x0000000774600000, 0x0000000774800000, 0x0000000774800000|100%| O|  |TAMS 0x0000000774800000, 0x0000000774800000| Untracked 
| 420|0x0000000774800000, 0x0000000774a00000, 0x0000000774a00000|100%| O|  |TAMS 0x0000000774a00000, 0x0000000774a00000| Untracked 
| 421|0x0000000774a00000, 0x0000000774c00000, 0x0000000774c00000|100%| O|  |TAMS 0x0000000774c00000, 0x0000000774c00000| Untracked 
| 422|0x0000000774c00000, 0x0000000774e00000, 0x0000000774e00000|100%| O|  |TAMS 0x0000000774e00000, 0x0000000774e00000| Untracked 
| 423|0x0000000774e00000, 0x0000000775000000, 0x0000000775000000|100%| O|  |TAMS 0x0000000775000000, 0x0000000775000000| Untracked 
| 424|0x0000000775000000, 0x0000000775200000, 0x0000000775200000|100%| O|  |TAMS 0x0000000775200000, 0x0000000775200000| Untracked 
| 425|0x0000000775200000, 0x0000000775400000, 0x0000000775400000|100%| O|  |TAMS 0x0000000775400000, 0x0000000775400000| Untracked 
| 426|0x0000000775400000, 0x0000000775600000, 0x0000000775600000|100%| O|  |TAMS 0x0000000775600000, 0x0000000775600000| Untracked 
| 427|0x0000000775600000, 0x0000000775800000, 0x0000000775800000|100%| O|  |TAMS 0x0000000775800000, 0x0000000775800000| Untracked 
| 428|0x0000000775800000, 0x0000000775a00000, 0x0000000775a00000|100%| O|  |TAMS 0x0000000775a00000, 0x0000000775a00000| Untracked 
| 429|0x0000000775a00000, 0x0000000775c00000, 0x0000000775c00000|100%| O|  |TAMS 0x0000000775a6b400, 0x0000000775c00000| Untracked 
| 430|0x0000000775c00000, 0x0000000775e00000, 0x0000000775e00000|100%| O|  |TAMS 0x0000000775c00000, 0x0000000775e00000| Untracked 
| 431|0x0000000775e00000, 0x0000000776000000, 0x0000000776000000|100%| O|  |TAMS 0x0000000775e00000, 0x0000000776000000| Untracked 
| 432|0x0000000776000000, 0x0000000776200000, 0x0000000776200000|100%| O|  |TAMS 0x0000000776000000, 0x0000000776200000| Untracked 
| 433|0x0000000776200000, 0x0000000776248600, 0x0000000776400000| 14%| O|  |TAMS 0x0000000776200000, 0x0000000776248600| Untracked 
| 434|0x0000000776400000, 0x0000000776400000, 0x0000000776600000|  0%| F|  |TAMS 0x0000000776400000, 0x0000000776400000| Untracked 
| 435|0x0000000776600000, 0x0000000776600000, 0x0000000776800000|  0%| F|  |TAMS 0x0000000776600000, 0x0000000776600000| Untracked 
| 436|0x0000000776800000, 0x0000000776800000, 0x0000000776a00000|  0%| F|  |TAMS 0x0000000776800000, 0x0000000776800000| Untracked 
| 437|0x0000000776a00000, 0x0000000776a00000, 0x0000000776c00000|  0%| F|  |TAMS 0x0000000776a00000, 0x0000000776a00000| Untracked 
| 438|0x0000000776c00000, 0x0000000776c00000, 0x0000000776e00000|  0%| F|  |TAMS 0x0000000776c00000, 0x0000000776c00000| Untracked 
| 439|0x0000000776e00000, 0x0000000776e00000, 0x0000000777000000|  0%| F|  |TAMS 0x0000000776e00000, 0x0000000776e00000| Untracked 
| 440|0x0000000777000000, 0x0000000777000000, 0x0000000777200000|  0%| F|  |TAMS 0x0000000777000000, 0x0000000777000000| Untracked 
| 441|0x0000000777200000, 0x0000000777200000, 0x0000000777400000|  0%| F|  |TAMS 0x0000000777200000, 0x0000000777200000| Untracked 
| 442|0x0000000777400000, 0x0000000777400000, 0x0000000777600000|  0%| F|  |TAMS 0x0000000777400000, 0x0000000777400000| Untracked 
| 443|0x0000000777600000, 0x0000000777600000, 0x0000000777800000|  0%| F|  |TAMS 0x0000000777600000, 0x0000000777600000| Untracked 
| 444|0x0000000777800000, 0x0000000777800000, 0x0000000777a00000|  0%| F|  |TAMS 0x0000000777800000, 0x0000000777800000| Untracked 
| 445|0x0000000777a00000, 0x0000000777a00000, 0x0000000777c00000|  0%| F|  |TAMS 0x0000000777a00000, 0x0000000777a00000| Untracked 
| 446|0x0000000777c00000, 0x0000000777c00000, 0x0000000777e00000|  0%| F|  |TAMS 0x0000000777c00000, 0x0000000777c00000| Untracked 
| 447|0x0000000777e00000, 0x0000000777e00000, 0x0000000778000000|  0%| F|  |TAMS 0x0000000777e00000, 0x0000000777e00000| Untracked 
| 448|0x0000000778000000, 0x0000000778000000, 0x0000000778200000|  0%| F|  |TAMS 0x0000000778000000, 0x0000000778000000| Untracked 
| 449|0x0000000778200000, 0x0000000778200000, 0x0000000778400000|  0%| F|  |TAMS 0x0000000778200000, 0x0000000778200000| Untracked 
| 450|0x0000000778400000, 0x0000000778400000, 0x0000000778600000|  0%| F|  |TAMS 0x0000000778400000, 0x0000000778400000| Untracked 
| 451|0x0000000778600000, 0x0000000778600000, 0x0000000778800000|  0%| F|  |TAMS 0x0000000778600000, 0x0000000778600000| Untracked 
| 452|0x0000000778800000, 0x0000000778800000, 0x0000000778a00000|  0%| F|  |TAMS 0x0000000778800000, 0x0000000778800000| Untracked 
| 453|0x0000000778a00000, 0x0000000778a00000, 0x0000000778c00000|  0%| F|  |TAMS 0x0000000778a00000, 0x0000000778a00000| Untracked 
| 454|0x0000000778c00000, 0x0000000778c00000, 0x0000000778e00000|  0%| F|  |TAMS 0x0000000778c00000, 0x0000000778c00000| Untracked 
| 455|0x0000000778e00000, 0x0000000778e00000, 0x0000000779000000|  0%| F|  |TAMS 0x0000000778e00000, 0x0000000778e00000| Untracked 
| 456|0x0000000779000000, 0x0000000779000000, 0x0000000779200000|  0%| F|  |TAMS 0x0000000779000000, 0x0000000779000000| Untracked 
| 457|0x0000000779200000, 0x0000000779200000, 0x0000000779400000|  0%| F|  |TAMS 0x0000000779200000, 0x0000000779200000| Untracked 
| 458|0x0000000779400000, 0x0000000779400000, 0x0000000779600000|  0%| F|  |TAMS 0x0000000779400000, 0x0000000779400000| Untracked 
| 459|0x0000000779600000, 0x0000000779600000, 0x0000000779800000|  0%| F|  |TAMS 0x0000000779600000, 0x0000000779600000| Untracked 
| 460|0x0000000779800000, 0x0000000779800000, 0x0000000779a00000|  0%| F|  |TAMS 0x0000000779800000, 0x0000000779800000| Untracked 
| 461|0x0000000779a00000, 0x0000000779a00000, 0x0000000779c00000|  0%| F|  |TAMS 0x0000000779a00000, 0x0000000779a00000| Untracked 
| 462|0x0000000779c00000, 0x0000000779c00000, 0x0000000779e00000|  0%| F|  |TAMS 0x0000000779c00000, 0x0000000779c00000| Untracked 
| 463|0x0000000779e00000, 0x0000000779e00000, 0x000000077a000000|  0%| F|  |TAMS 0x0000000779e00000, 0x0000000779e00000| Untracked 
| 464|0x000000077a000000, 0x000000077a000000, 0x000000077a200000|  0%| F|  |TAMS 0x000000077a000000, 0x000000077a000000| Untracked 
| 465|0x000000077a200000, 0x000000077a200000, 0x000000077a400000|  0%| F|  |TAMS 0x000000077a200000, 0x000000077a200000| Untracked 
| 466|0x000000077a400000, 0x000000077a400000, 0x000000077a600000|  0%| F|  |TAMS 0x000000077a400000, 0x000000077a400000| Untracked 
| 467|0x000000077a600000, 0x000000077a600000, 0x000000077a800000|  0%| F|  |TAMS 0x000000077a600000, 0x000000077a600000| Untracked 
| 468|0x000000077a800000, 0x000000077a800000, 0x000000077aa00000|  0%| F|  |TAMS 0x000000077a800000, 0x000000077a800000| Untracked 
| 469|0x000000077aa00000, 0x000000077aa00000, 0x000000077ac00000|  0%| F|  |TAMS 0x000000077aa00000, 0x000000077aa00000| Untracked 
| 470|0x000000077ac00000, 0x000000077ac00000, 0x000000077ae00000|  0%| F|  |TAMS 0x000000077ac00000, 0x000000077ac00000| Untracked 
| 471|0x000000077ae00000, 0x000000077ae00000, 0x000000077b000000|  0%| F|  |TAMS 0x000000077ae00000, 0x000000077ae00000| Untracked 
| 472|0x000000077b000000, 0x000000077b000000, 0x000000077b200000|  0%| F|  |TAMS 0x000000077b000000, 0x000000077b000000| Untracked 
| 473|0x000000077b200000, 0x000000077b200000, 0x000000077b400000|  0%| F|  |TAMS 0x000000077b200000, 0x000000077b200000| Untracked 
| 474|0x000000077b400000, 0x000000077b400000, 0x000000077b600000|  0%| F|  |TAMS 0x000000077b400000, 0x000000077b400000| Untracked 
| 475|0x000000077b600000, 0x000000077b600000, 0x000000077b800000|  0%| F|  |TAMS 0x000000077b600000, 0x000000077b600000| Untracked 
| 476|0x000000077b800000, 0x000000077b800000, 0x000000077ba00000|  0%| F|  |TAMS 0x000000077b800000, 0x000000077b800000| Untracked 
| 477|0x000000077ba00000, 0x000000077ba00000, 0x000000077bc00000|  0%| F|  |TAMS 0x000000077ba00000, 0x000000077ba00000| Untracked 
| 478|0x000000077bc00000, 0x000000077bc00000, 0x000000077be00000|  0%| F|  |TAMS 0x000000077bc00000, 0x000000077bc00000| Untracked 
| 479|0x000000077be00000, 0x000000077be00000, 0x000000077c000000|  0%| F|  |TAMS 0x000000077be00000, 0x000000077be00000| Untracked 
| 480|0x000000077c000000, 0x000000077c000000, 0x000000077c200000|  0%| F|  |TAMS 0x000000077c000000, 0x000000077c000000| Untracked 
| 481|0x000000077c200000, 0x000000077c200000, 0x000000077c400000|  0%| F|  |TAMS 0x000000077c200000, 0x000000077c200000| Untracked 
| 482|0x000000077c400000, 0x000000077c400000, 0x000000077c600000|  0%| F|  |TAMS 0x000000077c400000, 0x000000077c400000| Untracked 
| 483|0x000000077c600000, 0x000000077c600000, 0x000000077c800000|  0%| F|  |TAMS 0x000000077c600000, 0x000000077c600000| Untracked 
| 484|0x000000077c800000, 0x000000077c800000, 0x000000077ca00000|  0%| F|  |TAMS 0x000000077c800000, 0x000000077c800000| Untracked 
| 485|0x000000077ca00000, 0x000000077ca00000, 0x000000077cc00000|  0%| F|  |TAMS 0x000000077ca00000, 0x000000077ca00000| Untracked 
| 486|0x000000077cc00000, 0x000000077cc00000, 0x000000077ce00000|  0%| F|  |TAMS 0x000000077cc00000, 0x000000077cc00000| Untracked 
| 487|0x000000077ce00000, 0x000000077ce00000, 0x000000077d000000|  0%| F|  |TAMS 0x000000077ce00000, 0x000000077ce00000| Untracked 
| 488|0x000000077d000000, 0x000000077d000000, 0x000000077d200000|  0%| F|  |TAMS 0x000000077d000000, 0x000000077d000000| Untracked 
| 489|0x000000077d200000, 0x000000077d200000, 0x000000077d400000|  0%| F|  |TAMS 0x000000077d200000, 0x000000077d200000| Untracked 
| 490|0x000000077d400000, 0x000000077d400000, 0x000000077d600000|  0%| F|  |TAMS 0x000000077d400000, 0x000000077d400000| Untracked 
| 491|0x000000077d600000, 0x000000077d600000, 0x000000077d800000|  0%| F|  |TAMS 0x000000077d600000, 0x000000077d600000| Untracked 
| 492|0x000000077d800000, 0x000000077d800000, 0x000000077da00000|  0%| F|  |TAMS 0x000000077d800000, 0x000000077d800000| Untracked 
| 493|0x000000077da00000, 0x000000077da00000, 0x000000077dc00000|  0%| F|  |TAMS 0x000000077da00000, 0x000000077da00000| Untracked 
| 494|0x000000077dc00000, 0x000000077dc00000, 0x000000077de00000|  0%| F|  |TAMS 0x000000077dc00000, 0x000000077dc00000| Untracked 
| 495|0x000000077de00000, 0x000000077de00000, 0x000000077e000000|  0%| F|  |TAMS 0x000000077de00000, 0x000000077de00000| Untracked 
| 496|0x000000077e000000, 0x000000077e000000, 0x000000077e200000|  0%| F|  |TAMS 0x000000077e000000, 0x000000077e000000| Untracked 
| 497|0x000000077e200000, 0x000000077e200000, 0x000000077e400000|  0%| F|  |TAMS 0x000000077e200000, 0x000000077e200000| Untracked 
| 498|0x000000077e400000, 0x000000077e400000, 0x000000077e600000|  0%| F|  |TAMS 0x000000077e400000, 0x000000077e400000| Untracked 
| 499|0x000000077e600000, 0x000000077e600000, 0x000000077e800000|  0%| F|  |TAMS 0x000000077e600000, 0x000000077e600000| Untracked 
| 500|0x000000077e800000, 0x000000077e800000, 0x000000077ea00000|  0%| F|  |TAMS 0x000000077e800000, 0x000000077e800000| Untracked 
| 501|0x000000077ea00000, 0x000000077ea00000, 0x000000077ec00000|  0%| F|  |TAMS 0x000000077ea00000, 0x000000077ea00000| Untracked 
| 502|0x000000077ec00000, 0x000000077ec00000, 0x000000077ee00000|  0%| F|  |TAMS 0x000000077ec00000, 0x000000077ec00000| Untracked 
| 503|0x000000077ee00000, 0x000000077ee00000, 0x000000077f000000|  0%| F|  |TAMS 0x000000077ee00000, 0x000000077ee00000| Untracked 
| 504|0x000000077f000000, 0x000000077f000000, 0x000000077f200000|  0%| F|  |TAMS 0x000000077f000000, 0x000000077f000000| Untracked 
| 505|0x000000077f200000, 0x000000077f200000, 0x000000077f400000|  0%| F|  |TAMS 0x000000077f200000, 0x000000077f200000| Untracked 
| 506|0x000000077f400000, 0x000000077f400000, 0x000000077f600000|  0%| F|  |TAMS 0x000000077f400000, 0x000000077f400000| Untracked 
| 507|0x000000077f600000, 0x000000077f600000, 0x000000077f800000|  0%| F|  |TAMS 0x000000077f600000, 0x000000077f600000| Untracked 
| 508|0x000000077f800000, 0x000000077f800000, 0x000000077fa00000|  0%| F|  |TAMS 0x000000077f800000, 0x000000077f800000| Untracked 
| 509|0x000000077fa00000, 0x000000077fa00000, 0x000000077fc00000|  0%| F|  |TAMS 0x000000077fa00000, 0x000000077fa00000| Untracked 
| 510|0x000000077fc00000, 0x000000077fc00000, 0x000000077fe00000|  0%| F|  |TAMS 0x000000077fc00000, 0x000000077fc00000| Untracked 
| 511|0x000000077fe00000, 0x000000077fe00000, 0x0000000780000000|  0%| F|  |TAMS 0x000000077fe00000, 0x000000077fe00000| Untracked 
| 512|0x0000000780000000, 0x0000000780000000, 0x0000000780200000|  0%| F|  |TAMS 0x0000000780000000, 0x0000000780000000| Untracked 
| 513|0x0000000780200000, 0x0000000780200000, 0x0000000780400000|  0%| F|  |TAMS 0x0000000780200000, 0x0000000780200000| Untracked 
| 514|0x0000000780400000, 0x0000000780400000, 0x0000000780600000|  0%| F|  |TAMS 0x0000000780400000, 0x0000000780400000| Untracked 
| 515|0x0000000780600000, 0x0000000780600000, 0x0000000780800000|  0%| F|  |TAMS 0x0000000780600000, 0x0000000780600000| Untracked 
| 516|0x0000000780800000, 0x0000000780800000, 0x0000000780a00000|  0%| F|  |TAMS 0x0000000780800000, 0x0000000780800000| Untracked 
| 517|0x0000000780a00000, 0x0000000780a00000, 0x0000000780c00000|  0%| F|  |TAMS 0x0000000780a00000, 0x0000000780a00000| Untracked 
| 518|0x0000000780c00000, 0x0000000780c00000, 0x0000000780e00000|  0%| F|  |TAMS 0x0000000780c00000, 0x0000000780c00000| Untracked 
| 519|0x0000000780e00000, 0x0000000780e00000, 0x0000000781000000|  0%| F|  |TAMS 0x0000000780e00000, 0x0000000780e00000| Untracked 
| 520|0x0000000781000000, 0x0000000781000000, 0x0000000781200000|  0%| F|  |TAMS 0x0000000781000000, 0x0000000781000000| Untracked 
| 521|0x0000000781200000, 0x0000000781200000, 0x0000000781400000|  0%| F|  |TAMS 0x0000000781200000, 0x0000000781200000| Untracked 
| 522|0x0000000781400000, 0x0000000781400000, 0x0000000781600000|  0%| F|  |TAMS 0x0000000781400000, 0x0000000781400000| Untracked 
| 523|0x0000000781600000, 0x0000000781600000, 0x0000000781800000|  0%| F|  |TAMS 0x0000000781600000, 0x0000000781600000| Untracked 
| 524|0x0000000781800000, 0x0000000781800000, 0x0000000781a00000|  0%| F|  |TAMS 0x0000000781800000, 0x0000000781800000| Untracked 
| 525|0x0000000781a00000, 0x0000000781a00000, 0x0000000781c00000|  0%| F|  |TAMS 0x0000000781a00000, 0x0000000781a00000| Untracked 
| 526|0x0000000781c00000, 0x0000000781c00000, 0x0000000781e00000|  0%| F|  |TAMS 0x0000000781c00000, 0x0000000781c00000| Untracked 
| 527|0x0000000781e00000, 0x0000000781e00000, 0x0000000782000000|  0%| F|  |TAMS 0x0000000781e00000, 0x0000000781e00000| Untracked 
| 528|0x0000000782000000, 0x0000000782000000, 0x0000000782200000|  0%| F|  |TAMS 0x0000000782000000, 0x0000000782000000| Untracked 
| 529|0x0000000782200000, 0x0000000782200000, 0x0000000782400000|  0%| F|  |TAMS 0x0000000782200000, 0x0000000782200000| Untracked 
| 530|0x0000000782400000, 0x0000000782400000, 0x0000000782600000|  0%| F|  |TAMS 0x0000000782400000, 0x0000000782400000| Untracked 
| 531|0x0000000782600000, 0x0000000782600000, 0x0000000782800000|  0%| F|  |TAMS 0x0000000782600000, 0x0000000782600000| Untracked 
| 532|0x0000000782800000, 0x0000000782800000, 0x0000000782a00000|  0%| F|  |TAMS 0x0000000782800000, 0x0000000782800000| Untracked 
| 533|0x0000000782a00000, 0x0000000782a00000, 0x0000000782c00000|  0%| F|  |TAMS 0x0000000782a00000, 0x0000000782a00000| Untracked 
| 534|0x0000000782c00000, 0x0000000782c00000, 0x0000000782e00000|  0%| F|  |TAMS 0x0000000782c00000, 0x0000000782c00000| Untracked 
| 535|0x0000000782e00000, 0x0000000782e00000, 0x0000000783000000|  0%| F|  |TAMS 0x0000000782e00000, 0x0000000782e00000| Untracked 
| 536|0x0000000783000000, 0x0000000783000000, 0x0000000783200000|  0%| F|  |TAMS 0x0000000783000000, 0x0000000783000000| Untracked 
| 537|0x0000000783200000, 0x0000000783200000, 0x0000000783400000|  0%| F|  |TAMS 0x0000000783200000, 0x0000000783200000| Untracked 
| 538|0x0000000783400000, 0x0000000783400000, 0x0000000783600000|  0%| F|  |TAMS 0x0000000783400000, 0x0000000783400000| Untracked 
| 539|0x0000000783600000, 0x0000000783600000, 0x0000000783800000|  0%| F|  |TAMS 0x0000000783600000, 0x0000000783600000| Untracked 
| 540|0x0000000783800000, 0x0000000783800000, 0x0000000783a00000|  0%| F|  |TAMS 0x0000000783800000, 0x0000000783800000| Untracked 
| 541|0x0000000783a00000, 0x0000000783a00000, 0x0000000783c00000|  0%| F|  |TAMS 0x0000000783a00000, 0x0000000783a00000| Untracked 
| 542|0x0000000783c00000, 0x0000000783c00000, 0x0000000783e00000|  0%| F|  |TAMS 0x0000000783c00000, 0x0000000783c00000| Untracked 
| 543|0x0000000783e00000, 0x0000000783e00000, 0x0000000784000000|  0%| F|  |TAMS 0x0000000783e00000, 0x0000000783e00000| Untracked 
| 544|0x0000000784000000, 0x0000000784000000, 0x0000000784200000|  0%| F|  |TAMS 0x0000000784000000, 0x0000000784000000| Untracked 
| 545|0x0000000784200000, 0x0000000784200000, 0x0000000784400000|  0%| F|  |TAMS 0x0000000784200000, 0x0000000784200000| Untracked 
| 546|0x0000000784400000, 0x0000000784400000, 0x0000000784600000|  0%| F|  |TAMS 0x0000000784400000, 0x0000000784400000| Untracked 
| 547|0x0000000784600000, 0x0000000784600000, 0x0000000784800000|  0%| F|  |TAMS 0x0000000784600000, 0x0000000784600000| Untracked 
| 548|0x0000000784800000, 0x0000000784800000, 0x0000000784a00000|  0%| F|  |TAMS 0x0000000784800000, 0x0000000784800000| Untracked 
| 549|0x0000000784a00000, 0x0000000784a00000, 0x0000000784c00000|  0%| F|  |TAMS 0x0000000784a00000, 0x0000000784a00000| Untracked 
| 550|0x0000000784c00000, 0x0000000784c00000, 0x0000000784e00000|  0%| F|  |TAMS 0x0000000784c00000, 0x0000000784c00000| Untracked 
| 551|0x0000000784e00000, 0x0000000784e00000, 0x0000000785000000|  0%| F|  |TAMS 0x0000000784e00000, 0x0000000784e00000| Untracked 
| 552|0x0000000785000000, 0x0000000785000000, 0x0000000785200000|  0%| F|  |TAMS 0x0000000785000000, 0x0000000785000000| Untracked 
| 553|0x0000000785200000, 0x0000000785200000, 0x0000000785400000|  0%| F|  |TAMS 0x0000000785200000, 0x0000000785200000| Untracked 
| 554|0x0000000785400000, 0x0000000785400000, 0x0000000785600000|  0%| F|  |TAMS 0x0000000785400000, 0x0000000785400000| Untracked 
| 555|0x0000000785600000, 0x0000000785600000, 0x0000000785800000|  0%| F|  |TAMS 0x0000000785600000, 0x0000000785600000| Untracked 
| 556|0x0000000785800000, 0x0000000785800000, 0x0000000785a00000|  0%| F|  |TAMS 0x0000000785800000, 0x0000000785800000| Untracked 
| 557|0x0000000785a00000, 0x0000000785a00000, 0x0000000785c00000|  0%| F|  |TAMS 0x0000000785a00000, 0x0000000785a00000| Untracked 
| 558|0x0000000785c00000, 0x0000000785c00000, 0x0000000785e00000|  0%| F|  |TAMS 0x0000000785c00000, 0x0000000785c00000| Untracked 
| 559|0x0000000785e00000, 0x0000000785e00000, 0x0000000786000000|  0%| F|  |TAMS 0x0000000785e00000, 0x0000000785e00000| Untracked 
| 560|0x0000000786000000, 0x0000000786000000, 0x0000000786200000|  0%| F|  |TAMS 0x0000000786000000, 0x0000000786000000| Untracked 
| 561|0x0000000786200000, 0x0000000786200000, 0x0000000786400000|  0%| F|  |TAMS 0x0000000786200000, 0x0000000786200000| Untracked 
| 562|0x0000000786400000, 0x0000000786400000, 0x0000000786600000|  0%| F|  |TAMS 0x0000000786400000, 0x0000000786400000| Untracked 
| 563|0x0000000786600000, 0x0000000786600000, 0x0000000786800000|  0%| F|  |TAMS 0x0000000786600000, 0x0000000786600000| Untracked 
| 564|0x0000000786800000, 0x0000000786800000, 0x0000000786a00000|  0%| F|  |TAMS 0x0000000786800000, 0x0000000786800000| Untracked 
| 565|0x0000000786a00000, 0x0000000786a00000, 0x0000000786c00000|  0%| F|  |TAMS 0x0000000786a00000, 0x0000000786a00000| Untracked 
| 566|0x0000000786c00000, 0x0000000786c00000, 0x0000000786e00000|  0%| F|  |TAMS 0x0000000786c00000, 0x0000000786c00000| Untracked 
| 567|0x0000000786e00000, 0x0000000786e00000, 0x0000000787000000|  0%| F|  |TAMS 0x0000000786e00000, 0x0000000786e00000| Untracked 
| 568|0x0000000787000000, 0x0000000787000000, 0x0000000787200000|  0%| F|  |TAMS 0x0000000787000000, 0x0000000787000000| Untracked 
| 569|0x0000000787200000, 0x0000000787200000, 0x0000000787400000|  0%| F|  |TAMS 0x0000000787200000, 0x0000000787200000| Untracked 
| 570|0x0000000787400000, 0x0000000787400000, 0x0000000787600000|  0%| F|  |TAMS 0x0000000787400000, 0x0000000787400000| Untracked 
| 571|0x0000000787600000, 0x0000000787600000, 0x0000000787800000|  0%| F|  |TAMS 0x0000000787600000, 0x0000000787600000| Untracked 
| 572|0x0000000787800000, 0x0000000787800000, 0x0000000787a00000|  0%| F|  |TAMS 0x0000000787800000, 0x0000000787800000| Untracked 
| 573|0x0000000787a00000, 0x0000000787a00000, 0x0000000787c00000|  0%| F|  |TAMS 0x0000000787a00000, 0x0000000787a00000| Untracked 
| 574|0x0000000787c00000, 0x0000000787c00000, 0x0000000787e00000|  0%| F|  |TAMS 0x0000000787c00000, 0x0000000787c00000| Untracked 
| 575|0x0000000787e00000, 0x0000000787e00000, 0x0000000788000000|  0%| F|  |TAMS 0x0000000787e00000, 0x0000000787e00000| Untracked 
| 576|0x0000000788000000, 0x0000000788000000, 0x0000000788200000|  0%| F|  |TAMS 0x0000000788000000, 0x0000000788000000| Untracked 
| 577|0x0000000788200000, 0x0000000788200000, 0x0000000788400000|  0%| F|  |TAMS 0x0000000788200000, 0x0000000788200000| Untracked 
| 578|0x0000000788400000, 0x0000000788400000, 0x0000000788600000|  0%| F|  |TAMS 0x0000000788400000, 0x0000000788400000| Untracked 
| 579|0x0000000788600000, 0x0000000788600000, 0x0000000788800000|  0%| F|  |TAMS 0x0000000788600000, 0x0000000788600000| Untracked 
| 580|0x0000000788800000, 0x0000000788800000, 0x0000000788a00000|  0%| F|  |TAMS 0x0000000788800000, 0x0000000788800000| Untracked 
| 581|0x0000000788a00000, 0x0000000788a00000, 0x0000000788c00000|  0%| F|  |TAMS 0x0000000788a00000, 0x0000000788a00000| Untracked 
| 582|0x0000000788c00000, 0x0000000788c00000, 0x0000000788e00000|  0%| F|  |TAMS 0x0000000788c00000, 0x0000000788c00000| Untracked 
| 583|0x0000000788e00000, 0x0000000788e00000, 0x0000000789000000|  0%| F|  |TAMS 0x0000000788e00000, 0x0000000788e00000| Untracked 
| 584|0x0000000789000000, 0x0000000789000000, 0x0000000789200000|  0%| F|  |TAMS 0x0000000789000000, 0x0000000789000000| Untracked 
| 585|0x0000000789200000, 0x0000000789200000, 0x0000000789400000|  0%| F|  |TAMS 0x0000000789200000, 0x0000000789200000| Untracked 
| 586|0x0000000789400000, 0x0000000789400000, 0x0000000789600000|  0%| F|  |TAMS 0x0000000789400000, 0x0000000789400000| Untracked 
| 587|0x0000000789600000, 0x0000000789600000, 0x0000000789800000|  0%| F|  |TAMS 0x0000000789600000, 0x0000000789600000| Untracked 
| 588|0x0000000789800000, 0x0000000789800000, 0x0000000789a00000|  0%| F|  |TAMS 0x0000000789800000, 0x0000000789800000| Untracked 
| 589|0x0000000789a00000, 0x0000000789a00000, 0x0000000789c00000|  0%| F|  |TAMS 0x0000000789a00000, 0x0000000789a00000| Untracked 
| 590|0x0000000789c00000, 0x0000000789c00000, 0x0000000789e00000|  0%| F|  |TAMS 0x0000000789c00000, 0x0000000789c00000| Untracked 
| 591|0x0000000789e00000, 0x0000000789e00000, 0x000000078a000000|  0%| F|  |TAMS 0x0000000789e00000, 0x0000000789e00000| Untracked 
| 592|0x000000078a000000, 0x000000078a000000, 0x000000078a200000|  0%| F|  |TAMS 0x000000078a000000, 0x000000078a000000| Untracked 
| 593|0x000000078a200000, 0x000000078a200000, 0x000000078a400000|  0%| F|  |TAMS 0x000000078a200000, 0x000000078a200000| Untracked 
| 594|0x000000078a400000, 0x000000078a400000, 0x000000078a600000|  0%| F|  |TAMS 0x000000078a400000, 0x000000078a400000| Untracked 
| 595|0x000000078a600000, 0x000000078a600000, 0x000000078a800000|  0%| F|  |TAMS 0x000000078a600000, 0x000000078a600000| Untracked 
| 596|0x000000078a800000, 0x000000078a800000, 0x000000078aa00000|  0%| F|  |TAMS 0x000000078a800000, 0x000000078a800000| Untracked 
| 597|0x000000078aa00000, 0x000000078aa00000, 0x000000078ac00000|  0%| F|  |TAMS 0x000000078aa00000, 0x000000078aa00000| Untracked 
| 598|0x000000078ac00000, 0x000000078ac00000, 0x000000078ae00000|  0%| F|  |TAMS 0x000000078ac00000, 0x000000078ac00000| Untracked 
| 599|0x000000078ae00000, 0x000000078ae00000, 0x000000078b000000|  0%| F|  |TAMS 0x000000078ae00000, 0x000000078ae00000| Untracked 
| 600|0x000000078b000000, 0x000000078b000000, 0x000000078b200000|  0%| F|  |TAMS 0x000000078b000000, 0x000000078b000000| Untracked 
| 601|0x000000078b200000, 0x000000078b200000, 0x000000078b400000|  0%| F|  |TAMS 0x000000078b200000, 0x000000078b200000| Untracked 
| 602|0x000000078b400000, 0x000000078b400000, 0x000000078b600000|  0%| F|  |TAMS 0x000000078b400000, 0x000000078b400000| Untracked 
| 603|0x000000078b600000, 0x000000078b600000, 0x000000078b800000|  0%| F|  |TAMS 0x000000078b600000, 0x000000078b600000| Untracked 
| 604|0x000000078b800000, 0x000000078b800000, 0x000000078ba00000|  0%| F|  |TAMS 0x000000078b800000, 0x000000078b800000| Untracked 
| 605|0x000000078ba00000, 0x000000078ba00000, 0x000000078bc00000|  0%| F|  |TAMS 0x000000078ba00000, 0x000000078ba00000| Untracked 
| 606|0x000000078bc00000, 0x000000078bc00000, 0x000000078be00000|  0%| F|  |TAMS 0x000000078bc00000, 0x000000078bc00000| Untracked 
| 607|0x000000078be00000, 0x000000078be00000, 0x000000078c000000|  0%| F|  |TAMS 0x000000078be00000, 0x000000078be00000| Untracked 
| 608|0x000000078c000000, 0x000000078c000000, 0x000000078c200000|  0%| F|  |TAMS 0x000000078c000000, 0x000000078c000000| Untracked 
| 609|0x000000078c200000, 0x000000078c200000, 0x000000078c400000|  0%| F|  |TAMS 0x000000078c200000, 0x000000078c200000| Untracked 
| 610|0x000000078c400000, 0x000000078c400000, 0x000000078c600000|  0%| F|  |TAMS 0x000000078c400000, 0x000000078c400000| Untracked 
| 611|0x000000078c600000, 0x000000078c600000, 0x000000078c800000|  0%| F|  |TAMS 0x000000078c600000, 0x000000078c600000| Untracked 
| 612|0x000000078c800000, 0x000000078c800000, 0x000000078ca00000|  0%| F|  |TAMS 0x000000078c800000, 0x000000078c800000| Untracked 
| 613|0x000000078ca00000, 0x000000078ca00000, 0x000000078cc00000|  0%| F|  |TAMS 0x000000078ca00000, 0x000000078ca00000| Untracked 
| 614|0x000000078cc00000, 0x000000078cc00000, 0x000000078ce00000|  0%| F|  |TAMS 0x000000078cc00000, 0x000000078cc00000| Untracked 
| 615|0x000000078ce00000, 0x000000078ce00000, 0x000000078d000000|  0%| F|  |TAMS 0x000000078ce00000, 0x000000078ce00000| Untracked 
| 616|0x000000078d000000, 0x000000078d000000, 0x000000078d200000|  0%| F|  |TAMS 0x000000078d000000, 0x000000078d000000| Untracked 
| 617|0x000000078d200000, 0x000000078d200000, 0x000000078d400000|  0%| F|  |TAMS 0x000000078d200000, 0x000000078d200000| Untracked 
| 618|0x000000078d400000, 0x000000078d400000, 0x000000078d600000|  0%| F|  |TAMS 0x000000078d400000, 0x000000078d400000| Untracked 
| 619|0x000000078d600000, 0x000000078d600000, 0x000000078d800000|  0%| F|  |TAMS 0x000000078d600000, 0x000000078d600000| Untracked 
| 620|0x000000078d800000, 0x000000078d800000, 0x000000078da00000|  0%| F|  |TAMS 0x000000078d800000, 0x000000078d800000| Untracked 
| 621|0x000000078da00000, 0x000000078da00000, 0x000000078dc00000|  0%| F|  |TAMS 0x000000078da00000, 0x000000078da00000| Untracked 
| 622|0x000000078dc00000, 0x000000078dc00000, 0x000000078de00000|  0%| F|  |TAMS 0x000000078dc00000, 0x000000078dc00000| Untracked 
| 623|0x000000078de00000, 0x000000078de00000, 0x000000078e000000|  0%| F|  |TAMS 0x000000078de00000, 0x000000078de00000| Untracked 
| 624|0x000000078e000000, 0x000000078e000000, 0x000000078e200000|  0%| F|  |TAMS 0x000000078e000000, 0x000000078e000000| Untracked 
| 625|0x000000078e200000, 0x000000078e200000, 0x000000078e400000|  0%| F|  |TAMS 0x000000078e200000, 0x000000078e200000| Untracked 
| 626|0x000000078e400000, 0x000000078e400000, 0x000000078e600000|  0%| F|  |TAMS 0x000000078e400000, 0x000000078e400000| Untracked 
| 627|0x000000078e600000, 0x000000078e600000, 0x000000078e800000|  0%| F|  |TAMS 0x000000078e600000, 0x000000078e600000| Untracked 
| 628|0x000000078e800000, 0x000000078e800000, 0x000000078ea00000|  0%| F|  |TAMS 0x000000078e800000, 0x000000078e800000| Untracked 
| 629|0x000000078ea00000, 0x000000078ea00000, 0x000000078ec00000|  0%| F|  |TAMS 0x000000078ea00000, 0x000000078ea00000| Untracked 
| 630|0x000000078ec00000, 0x000000078ec00000, 0x000000078ee00000|  0%| F|  |TAMS 0x000000078ec00000, 0x000000078ec00000| Untracked 
| 631|0x000000078ee00000, 0x000000078ee00000, 0x000000078f000000|  0%| F|  |TAMS 0x000000078ee00000, 0x000000078ee00000| Untracked 
| 632|0x000000078f000000, 0x000000078f000000, 0x000000078f200000|  0%| F|  |TAMS 0x000000078f000000, 0x000000078f000000| Untracked 
| 633|0x000000078f200000, 0x000000078f200000, 0x000000078f400000|  0%| F|  |TAMS 0x000000078f200000, 0x000000078f200000| Untracked 
| 634|0x000000078f400000, 0x000000078f400000, 0x000000078f600000|  0%| F|  |TAMS 0x000000078f400000, 0x000000078f400000| Untracked 
| 635|0x000000078f600000, 0x000000078f600000, 0x000000078f800000|  0%| F|  |TAMS 0x000000078f600000, 0x000000078f600000| Untracked 
| 636|0x000000078f800000, 0x000000078f800000, 0x000000078fa00000|  0%| F|  |TAMS 0x000000078f800000, 0x000000078f800000| Untracked 
| 637|0x000000078fa00000, 0x000000078fa00000, 0x000000078fc00000|  0%| F|  |TAMS 0x000000078fa00000, 0x000000078fa00000| Untracked 
| 638|0x000000078fc00000, 0x000000078fc00000, 0x000000078fe00000|  0%| F|  |TAMS 0x000000078fc00000, 0x000000078fc00000| Untracked 
| 639|0x000000078fe00000, 0x000000078fe00000, 0x0000000790000000|  0%| F|  |TAMS 0x000000078fe00000, 0x000000078fe00000| Untracked 
| 640|0x0000000790000000, 0x0000000790000000, 0x0000000790200000|  0%| F|  |TAMS 0x0000000790000000, 0x0000000790000000| Untracked 
| 641|0x0000000790200000, 0x0000000790200000, 0x0000000790400000|  0%| F|  |TAMS 0x0000000790200000, 0x0000000790200000| Untracked 
| 642|0x0000000790400000, 0x0000000790400000, 0x0000000790600000|  0%| F|  |TAMS 0x0000000790400000, 0x0000000790400000| Untracked 
| 643|0x0000000790600000, 0x0000000790600000, 0x0000000790800000|  0%| F|  |TAMS 0x0000000790600000, 0x0000000790600000| Untracked 
| 644|0x0000000790800000, 0x0000000790800000, 0x0000000790a00000|  0%| F|  |TAMS 0x0000000790800000, 0x0000000790800000| Untracked 
| 645|0x0000000790a00000, 0x0000000790a00000, 0x0000000790c00000|  0%| F|  |TAMS 0x0000000790a00000, 0x0000000790a00000| Untracked 
| 646|0x0000000790c00000, 0x0000000790c00000, 0x0000000790e00000|  0%| F|  |TAMS 0x0000000790c00000, 0x0000000790c00000| Untracked 
| 647|0x0000000790e00000, 0x0000000790e00000, 0x0000000791000000|  0%| F|  |TAMS 0x0000000790e00000, 0x0000000790e00000| Untracked 
| 648|0x0000000791000000, 0x0000000791000000, 0x0000000791200000|  0%| F|  |TAMS 0x0000000791000000, 0x0000000791000000| Untracked 
| 649|0x0000000791200000, 0x0000000791200000, 0x0000000791400000|  0%| F|  |TAMS 0x0000000791200000, 0x0000000791200000| Untracked 
| 650|0x0000000791400000, 0x0000000791400000, 0x0000000791600000|  0%| F|  |TAMS 0x0000000791400000, 0x0000000791400000| Untracked 
| 651|0x0000000791600000, 0x0000000791600000, 0x0000000791800000|  0%| F|  |TAMS 0x0000000791600000, 0x0000000791600000| Untracked 
| 652|0x0000000791800000, 0x0000000791800000, 0x0000000791a00000|  0%| F|  |TAMS 0x0000000791800000, 0x0000000791800000| Untracked 
| 653|0x0000000791a00000, 0x0000000791a00000, 0x0000000791c00000|  0%| F|  |TAMS 0x0000000791a00000, 0x0000000791a00000| Untracked 
| 654|0x0000000791c00000, 0x0000000791c00000, 0x0000000791e00000|  0%| F|  |TAMS 0x0000000791c00000, 0x0000000791c00000| Untracked 
| 655|0x0000000791e00000, 0x0000000791e00000, 0x0000000792000000|  0%| F|  |TAMS 0x0000000791e00000, 0x0000000791e00000| Untracked 
| 656|0x0000000792000000, 0x0000000792000000, 0x0000000792200000|  0%| F|  |TAMS 0x0000000792000000, 0x0000000792000000| Untracked 
| 657|0x0000000792200000, 0x0000000792200000, 0x0000000792400000|  0%| F|  |TAMS 0x0000000792200000, 0x0000000792200000| Untracked 
| 658|0x0000000792400000, 0x0000000792400000, 0x0000000792600000|  0%| F|  |TAMS 0x0000000792400000, 0x0000000792400000| Untracked 
| 659|0x0000000792600000, 0x0000000792600000, 0x0000000792800000|  0%| F|  |TAMS 0x0000000792600000, 0x0000000792600000| Untracked 
| 660|0x0000000792800000, 0x0000000792800000, 0x0000000792a00000|  0%| F|  |TAMS 0x0000000792800000, 0x0000000792800000| Untracked 
| 661|0x0000000792a00000, 0x0000000792a00000, 0x0000000792c00000|  0%| F|  |TAMS 0x0000000792a00000, 0x0000000792a00000| Untracked 
| 662|0x0000000792c00000, 0x0000000792c00000, 0x0000000792e00000|  0%| F|  |TAMS 0x0000000792c00000, 0x0000000792c00000| Untracked 
| 663|0x0000000792e00000, 0x0000000792e00000, 0x0000000793000000|  0%| F|  |TAMS 0x0000000792e00000, 0x0000000792e00000| Untracked 
| 664|0x0000000793000000, 0x0000000793000000, 0x0000000793200000|  0%| F|  |TAMS 0x0000000793000000, 0x0000000793000000| Untracked 
| 665|0x0000000793200000, 0x0000000793200000, 0x0000000793400000|  0%| F|  |TAMS 0x0000000793200000, 0x0000000793200000| Untracked 
| 666|0x0000000793400000, 0x0000000793400000, 0x0000000793600000|  0%| F|  |TAMS 0x0000000793400000, 0x0000000793400000| Untracked 
| 667|0x0000000793600000, 0x0000000793600000, 0x0000000793800000|  0%| F|  |TAMS 0x0000000793600000, 0x0000000793600000| Untracked 
| 668|0x0000000793800000, 0x0000000793800000, 0x0000000793a00000|  0%| F|  |TAMS 0x0000000793800000, 0x0000000793800000| Untracked 
| 669|0x0000000793a00000, 0x0000000793a00000, 0x0000000793c00000|  0%| F|  |TAMS 0x0000000793a00000, 0x0000000793a00000| Untracked 
| 670|0x0000000793c00000, 0x0000000793c00000, 0x0000000793e00000|  0%| F|  |TAMS 0x0000000793c00000, 0x0000000793c00000| Untracked 
| 671|0x0000000793e00000, 0x0000000793e00000, 0x0000000794000000|  0%| F|  |TAMS 0x0000000793e00000, 0x0000000793e00000| Untracked 
| 672|0x0000000794000000, 0x0000000794000000, 0x0000000794200000|  0%| F|  |TAMS 0x0000000794000000, 0x0000000794000000| Untracked 
| 673|0x0000000794200000, 0x0000000794200000, 0x0000000794400000|  0%| F|  |TAMS 0x0000000794200000, 0x0000000794200000| Untracked 
| 674|0x0000000794400000, 0x0000000794400000, 0x0000000794600000|  0%| F|  |TAMS 0x0000000794400000, 0x0000000794400000| Untracked 
| 675|0x0000000794600000, 0x0000000794600000, 0x0000000794800000|  0%| F|  |TAMS 0x0000000794600000, 0x0000000794600000| Untracked 
| 676|0x0000000794800000, 0x0000000794800000, 0x0000000794a00000|  0%| F|  |TAMS 0x0000000794800000, 0x0000000794800000| Untracked 
| 677|0x0000000794a00000, 0x0000000794a00000, 0x0000000794c00000|  0%| F|  |TAMS 0x0000000794a00000, 0x0000000794a00000| Untracked 
| 678|0x0000000794c00000, 0x0000000794c00000, 0x0000000794e00000|  0%| F|  |TAMS 0x0000000794c00000, 0x0000000794c00000| Untracked 
| 679|0x0000000794e00000, 0x0000000794e00000, 0x0000000795000000|  0%| F|  |TAMS 0x0000000794e00000, 0x0000000794e00000| Untracked 
| 680|0x0000000795000000, 0x0000000795000000, 0x0000000795200000|  0%| F|  |TAMS 0x0000000795000000, 0x0000000795000000| Untracked 
| 681|0x0000000795200000, 0x0000000795200000, 0x0000000795400000|  0%| F|  |TAMS 0x0000000795200000, 0x0000000795200000| Untracked 
| 682|0x0000000795400000, 0x0000000795400000, 0x0000000795600000|  0%| F|  |TAMS 0x0000000795400000, 0x0000000795400000| Untracked 
| 683|0x0000000795600000, 0x0000000795600000, 0x0000000795800000|  0%| F|  |TAMS 0x0000000795600000, 0x0000000795600000| Untracked 
| 684|0x0000000795800000, 0x0000000795800000, 0x0000000795a00000|  0%| F|  |TAMS 0x0000000795800000, 0x0000000795800000| Untracked 
| 685|0x0000000795a00000, 0x0000000795a00000, 0x0000000795c00000|  0%| F|  |TAMS 0x0000000795a00000, 0x0000000795a00000| Untracked 
| 686|0x0000000795c00000, 0x0000000795c00000, 0x0000000795e00000|  0%| F|  |TAMS 0x0000000795c00000, 0x0000000795c00000| Untracked 
| 687|0x0000000795e00000, 0x0000000795e00000, 0x0000000796000000|  0%| F|  |TAMS 0x0000000795e00000, 0x0000000795e00000| Untracked 
| 688|0x0000000796000000, 0x0000000796000000, 0x0000000796200000|  0%| F|  |TAMS 0x0000000796000000, 0x0000000796000000| Untracked 
| 689|0x0000000796200000, 0x0000000796200000, 0x0000000796400000|  0%| F|  |TAMS 0x0000000796200000, 0x0000000796200000| Untracked 
| 690|0x0000000796400000, 0x0000000796400000, 0x0000000796600000|  0%| F|  |TAMS 0x0000000796400000, 0x0000000796400000| Untracked 
| 691|0x0000000796600000, 0x0000000796600000, 0x0000000796800000|  0%| F|  |TAMS 0x0000000796600000, 0x0000000796600000| Untracked 
| 692|0x0000000796800000, 0x0000000796800000, 0x0000000796a00000|  0%| F|  |TAMS 0x0000000796800000, 0x0000000796800000| Untracked 
| 693|0x0000000796a00000, 0x0000000796a00000, 0x0000000796c00000|  0%| F|  |TAMS 0x0000000796a00000, 0x0000000796a00000| Untracked 
| 694|0x0000000796c00000, 0x0000000796c00000, 0x0000000796e00000|  0%| F|  |TAMS 0x0000000796c00000, 0x0000000796c00000| Untracked 
| 695|0x0000000796e00000, 0x0000000796e00000, 0x0000000797000000|  0%| F|  |TAMS 0x0000000796e00000, 0x0000000796e00000| Untracked 
| 696|0x0000000797000000, 0x0000000797000000, 0x0000000797200000|  0%| F|  |TAMS 0x0000000797000000, 0x0000000797000000| Untracked 
| 697|0x0000000797200000, 0x0000000797200000, 0x0000000797400000|  0%| F|  |TAMS 0x0000000797200000, 0x0000000797200000| Untracked 
| 698|0x0000000797400000, 0x0000000797400000, 0x0000000797600000|  0%| F|  |TAMS 0x0000000797400000, 0x0000000797400000| Untracked 
| 699|0x0000000797600000, 0x0000000797600000, 0x0000000797800000|  0%| F|  |TAMS 0x0000000797600000, 0x0000000797600000| Untracked 
| 700|0x0000000797800000, 0x0000000797800000, 0x0000000797a00000|  0%| F|  |TAMS 0x0000000797800000, 0x0000000797800000| Untracked 
| 701|0x0000000797a00000, 0x0000000797a00000, 0x0000000797c00000|  0%| F|  |TAMS 0x0000000797a00000, 0x0000000797a00000| Untracked 
| 702|0x0000000797c00000, 0x0000000797c00000, 0x0000000797e00000|  0%| F|  |TAMS 0x0000000797c00000, 0x0000000797c00000| Untracked 
| 703|0x0000000797e00000, 0x0000000797e00000, 0x0000000798000000|  0%| F|  |TAMS 0x0000000797e00000, 0x0000000797e00000| Untracked 
| 704|0x0000000798000000, 0x0000000798000000, 0x0000000798200000|  0%| F|  |TAMS 0x0000000798000000, 0x0000000798000000| Untracked 
| 705|0x0000000798200000, 0x0000000798200000, 0x0000000798400000|  0%| F|  |TAMS 0x0000000798200000, 0x0000000798200000| Untracked 
| 706|0x0000000798400000, 0x0000000798400000, 0x0000000798600000|  0%| F|  |TAMS 0x0000000798400000, 0x0000000798400000| Untracked 
| 707|0x0000000798600000, 0x0000000798600000, 0x0000000798800000|  0%| F|  |TAMS 0x0000000798600000, 0x0000000798600000| Untracked 
| 708|0x0000000798800000, 0x0000000798800000, 0x0000000798a00000|  0%| F|  |TAMS 0x0000000798800000, 0x0000000798800000| Untracked 
| 709|0x0000000798a00000, 0x0000000798a00000, 0x0000000798c00000|  0%| F|  |TAMS 0x0000000798a00000, 0x0000000798a00000| Untracked 
| 710|0x0000000798c00000, 0x0000000798c00000, 0x0000000798e00000|  0%| F|  |TAMS 0x0000000798c00000, 0x0000000798c00000| Untracked 
| 711|0x0000000798e00000, 0x0000000798e00000, 0x0000000799000000|  0%| F|  |TAMS 0x0000000798e00000, 0x0000000798e00000| Untracked 
| 712|0x0000000799000000, 0x0000000799000000, 0x0000000799200000|  0%| F|  |TAMS 0x0000000799000000, 0x0000000799000000| Untracked 
| 713|0x0000000799200000, 0x0000000799200000, 0x0000000799400000|  0%| F|  |TAMS 0x0000000799200000, 0x0000000799200000| Untracked 
| 714|0x0000000799400000, 0x0000000799400000, 0x0000000799600000|  0%| F|  |TAMS 0x0000000799400000, 0x0000000799400000| Untracked 
| 715|0x0000000799600000, 0x0000000799600000, 0x0000000799800000|  0%| F|  |TAMS 0x0000000799600000, 0x0000000799600000| Untracked 
| 716|0x0000000799800000, 0x0000000799800000, 0x0000000799a00000|  0%| F|  |TAMS 0x0000000799800000, 0x0000000799800000| Untracked 
| 717|0x0000000799a00000, 0x0000000799a00000, 0x0000000799c00000|  0%| F|  |TAMS 0x0000000799a00000, 0x0000000799a00000| Untracked 
| 718|0x0000000799c00000, 0x0000000799c00000, 0x0000000799e00000|  0%| F|  |TAMS 0x0000000799c00000, 0x0000000799c00000| Untracked 
| 719|0x0000000799e00000, 0x0000000799e00000, 0x000000079a000000|  0%| F|  |TAMS 0x0000000799e00000, 0x0000000799e00000| Untracked 
| 720|0x000000079a000000, 0x000000079a000000, 0x000000079a200000|  0%| F|  |TAMS 0x000000079a000000, 0x000000079a000000| Untracked 
| 721|0x000000079a200000, 0x000000079a200000, 0x000000079a400000|  0%| F|  |TAMS 0x000000079a200000, 0x000000079a200000| Untracked 
| 722|0x000000079a400000, 0x000000079a400000, 0x000000079a600000|  0%| F|  |TAMS 0x000000079a400000, 0x000000079a400000| Untracked 
| 723|0x000000079a600000, 0x000000079a600000, 0x000000079a800000|  0%| F|  |TAMS 0x000000079a600000, 0x000000079a600000| Untracked 
| 724|0x000000079a800000, 0x000000079a800000, 0x000000079aa00000|  0%| F|  |TAMS 0x000000079a800000, 0x000000079a800000| Untracked 
| 725|0x000000079aa00000, 0x000000079aa00000, 0x000000079ac00000|  0%| F|  |TAMS 0x000000079aa00000, 0x000000079aa00000| Untracked 
| 726|0x000000079ac00000, 0x000000079ac00000, 0x000000079ae00000|  0%| F|  |TAMS 0x000000079ac00000, 0x000000079ac00000| Untracked 
| 727|0x000000079ae00000, 0x000000079ae00000, 0x000000079b000000|  0%| F|  |TAMS 0x000000079ae00000, 0x000000079ae00000| Untracked 
| 728|0x000000079b000000, 0x000000079b000000, 0x000000079b200000|  0%| F|  |TAMS 0x000000079b000000, 0x000000079b000000| Untracked 
| 729|0x000000079b200000, 0x000000079b200000, 0x000000079b400000|  0%| F|  |TAMS 0x000000079b200000, 0x000000079b200000| Untracked 
| 730|0x000000079b400000, 0x000000079b400000, 0x000000079b600000|  0%| F|  |TAMS 0x000000079b400000, 0x000000079b400000| Untracked 
| 731|0x000000079b600000, 0x000000079b600000, 0x000000079b800000|  0%| F|  |TAMS 0x000000079b600000, 0x000000079b600000| Untracked 
| 732|0x000000079b800000, 0x000000079b800000, 0x000000079ba00000|  0%| F|  |TAMS 0x000000079b800000, 0x000000079b800000| Untracked 
| 733|0x000000079ba00000, 0x000000079ba00000, 0x000000079bc00000|  0%| F|  |TAMS 0x000000079ba00000, 0x000000079ba00000| Untracked 
| 734|0x000000079bc00000, 0x000000079bc00000, 0x000000079be00000|  0%| F|  |TAMS 0x000000079bc00000, 0x000000079bc00000| Untracked 
| 735|0x000000079be00000, 0x000000079be00000, 0x000000079c000000|  0%| F|  |TAMS 0x000000079be00000, 0x000000079be00000| Untracked 
| 736|0x000000079c000000, 0x000000079c000000, 0x000000079c200000|  0%| F|  |TAMS 0x000000079c000000, 0x000000079c000000| Untracked 
| 737|0x000000079c200000, 0x000000079c200000, 0x000000079c400000|  0%| F|  |TAMS 0x000000079c200000, 0x000000079c200000| Untracked 
| 738|0x000000079c400000, 0x000000079c400000, 0x000000079c600000|  0%| F|  |TAMS 0x000000079c400000, 0x000000079c400000| Untracked 
| 739|0x000000079c600000, 0x000000079c600000, 0x000000079c800000|  0%| F|  |TAMS 0x000000079c600000, 0x000000079c600000| Untracked 
| 740|0x000000079c800000, 0x000000079c800000, 0x000000079ca00000|  0%| F|  |TAMS 0x000000079c800000, 0x000000079c800000| Untracked 
| 741|0x000000079ca00000, 0x000000079ca00000, 0x000000079cc00000|  0%| F|  |TAMS 0x000000079ca00000, 0x000000079ca00000| Untracked 
| 742|0x000000079cc00000, 0x000000079cc00000, 0x000000079ce00000|  0%| F|  |TAMS 0x000000079cc00000, 0x000000079cc00000| Untracked 
| 743|0x000000079ce00000, 0x000000079ce00000, 0x000000079d000000|  0%| F|  |TAMS 0x000000079ce00000, 0x000000079ce00000| Untracked 
| 744|0x000000079d000000, 0x000000079d000000, 0x000000079d200000|  0%| F|  |TAMS 0x000000079d000000, 0x000000079d000000| Untracked 
| 745|0x000000079d200000, 0x000000079d200000, 0x000000079d400000|  0%| F|  |TAMS 0x000000079d200000, 0x000000079d200000| Untracked 
| 746|0x000000079d400000, 0x000000079d400000, 0x000000079d600000|  0%| F|  |TAMS 0x000000079d400000, 0x000000079d400000| Untracked 
| 747|0x000000079d600000, 0x000000079d600000, 0x000000079d800000|  0%| F|  |TAMS 0x000000079d600000, 0x000000079d600000| Untracked 
| 748|0x000000079d800000, 0x000000079d800000, 0x000000079da00000|  0%| F|  |TAMS 0x000000079d800000, 0x000000079d800000| Untracked 
| 749|0x000000079da00000, 0x000000079da00000, 0x000000079dc00000|  0%| F|  |TAMS 0x000000079da00000, 0x000000079da00000| Untracked 
| 750|0x000000079dc00000, 0x000000079dc00000, 0x000000079de00000|  0%| F|  |TAMS 0x000000079dc00000, 0x000000079dc00000| Untracked 
| 751|0x000000079de00000, 0x000000079de00000, 0x000000079e000000|  0%| F|  |TAMS 0x000000079de00000, 0x000000079de00000| Untracked 
| 752|0x000000079e000000, 0x000000079e000000, 0x000000079e200000|  0%| F|  |TAMS 0x000000079e000000, 0x000000079e000000| Untracked 
| 753|0x000000079e200000, 0x000000079e200000, 0x000000079e400000|  0%| F|  |TAMS 0x000000079e200000, 0x000000079e200000| Untracked 
| 754|0x000000079e400000, 0x000000079e400000, 0x000000079e600000|  0%| F|  |TAMS 0x000000079e400000, 0x000000079e400000| Untracked 
| 755|0x000000079e600000, 0x000000079e600000, 0x000000079e800000|  0%| F|  |TAMS 0x000000079e600000, 0x000000079e600000| Untracked 
| 756|0x000000079e800000, 0x000000079e800000, 0x000000079ea00000|  0%| F|  |TAMS 0x000000079e800000, 0x000000079e800000| Untracked 
| 757|0x000000079ea00000, 0x000000079ea00000, 0x000000079ec00000|  0%| F|  |TAMS 0x000000079ea00000, 0x000000079ea00000| Untracked 
| 758|0x000000079ec00000, 0x000000079ec00000, 0x000000079ee00000|  0%| F|  |TAMS 0x000000079ec00000, 0x000000079ec00000| Untracked 
| 759|0x000000079ee00000, 0x000000079ee00000, 0x000000079f000000|  0%| F|  |TAMS 0x000000079ee00000, 0x000000079ee00000| Untracked 
| 760|0x000000079f000000, 0x000000079f000000, 0x000000079f200000|  0%| F|  |TAMS 0x000000079f000000, 0x000000079f000000| Untracked 
| 761|0x000000079f200000, 0x000000079f200000, 0x000000079f400000|  0%| F|  |TAMS 0x000000079f200000, 0x000000079f200000| Untracked 
| 762|0x000000079f400000, 0x000000079f400000, 0x000000079f600000|  0%| F|  |TAMS 0x000000079f400000, 0x000000079f400000| Untracked 
| 763|0x000000079f600000, 0x000000079f600000, 0x000000079f800000|  0%| F|  |TAMS 0x000000079f600000, 0x000000079f600000| Untracked 
| 764|0x000000079f800000, 0x000000079f800000, 0x000000079fa00000|  0%| F|  |TAMS 0x000000079f800000, 0x000000079f800000| Untracked 
| 765|0x000000079fa00000, 0x000000079fa00000, 0x000000079fc00000|  0%| F|  |TAMS 0x000000079fa00000, 0x000000079fa00000| Untracked 
| 766|0x000000079fc00000, 0x000000079fc00000, 0x000000079fe00000|  0%| F|  |TAMS 0x000000079fc00000, 0x000000079fc00000| Untracked 
| 767|0x000000079fe00000, 0x000000079fe00000, 0x00000007a0000000|  0%| F|  |TAMS 0x000000079fe00000, 0x000000079fe00000| Untracked 
| 768|0x00000007a0000000, 0x00000007a0000000, 0x00000007a0200000|  0%| F|  |TAMS 0x00000007a0000000, 0x00000007a0000000| Untracked 
| 769|0x00000007a0200000, 0x00000007a0200000, 0x00000007a0400000|  0%| F|  |TAMS 0x00000007a0200000, 0x00000007a0200000| Untracked 
| 770|0x00000007a0400000, 0x00000007a0400000, 0x00000007a0600000|  0%| F|  |TAMS 0x00000007a0400000, 0x00000007a0400000| Untracked 
| 771|0x00000007a0600000, 0x00000007a0600000, 0x00000007a0800000|  0%| F|  |TAMS 0x00000007a0600000, 0x00000007a0600000| Untracked 
| 772|0x00000007a0800000, 0x00000007a0800000, 0x00000007a0a00000|  0%| F|  |TAMS 0x00000007a0800000, 0x00000007a0800000| Untracked 
| 773|0x00000007a0a00000, 0x00000007a0a00000, 0x00000007a0c00000|  0%| F|  |TAMS 0x00000007a0a00000, 0x00000007a0a00000| Untracked 
| 774|0x00000007a0c00000, 0x00000007a0c00000, 0x00000007a0e00000|  0%| F|  |TAMS 0x00000007a0c00000, 0x00000007a0c00000| Untracked 
| 775|0x00000007a0e00000, 0x00000007a0e00000, 0x00000007a1000000|  0%| F|  |TAMS 0x00000007a0e00000, 0x00000007a0e00000| Untracked 
| 776|0x00000007a1000000, 0x00000007a1000000, 0x00000007a1200000|  0%| F|  |TAMS 0x00000007a1000000, 0x00000007a1000000| Untracked 
| 777|0x00000007a1200000, 0x00000007a1200000, 0x00000007a1400000|  0%| F|  |TAMS 0x00000007a1200000, 0x00000007a1200000| Untracked 
| 778|0x00000007a1400000, 0x00000007a1400000, 0x00000007a1600000|  0%| F|  |TAMS 0x00000007a1400000, 0x00000007a1400000| Untracked 
| 779|0x00000007a1600000, 0x00000007a1600000, 0x00000007a1800000|  0%| F|  |TAMS 0x00000007a1600000, 0x00000007a1600000| Untracked 
| 780|0x00000007a1800000, 0x00000007a1800000, 0x00000007a1a00000|  0%| F|  |TAMS 0x00000007a1800000, 0x00000007a1800000| Untracked 
| 781|0x00000007a1a00000, 0x00000007a1a00000, 0x00000007a1c00000|  0%| F|  |TAMS 0x00000007a1a00000, 0x00000007a1a00000| Untracked 
| 782|0x00000007a1c00000, 0x00000007a1c00000, 0x00000007a1e00000|  0%| F|  |TAMS 0x00000007a1c00000, 0x00000007a1c00000| Untracked 
| 783|0x00000007a1e00000, 0x00000007a1e00000, 0x00000007a2000000|  0%| F|  |TAMS 0x00000007a1e00000, 0x00000007a1e00000| Untracked 
| 784|0x00000007a2000000, 0x00000007a2000000, 0x00000007a2200000|  0%| F|  |TAMS 0x00000007a2000000, 0x00000007a2000000| Untracked 
| 785|0x00000007a2200000, 0x00000007a2200000, 0x00000007a2400000|  0%| F|  |TAMS 0x00000007a2200000, 0x00000007a2200000| Untracked 
| 786|0x00000007a2400000, 0x00000007a2400000, 0x00000007a2600000|  0%| F|  |TAMS 0x00000007a2400000, 0x00000007a2400000| Untracked 
| 787|0x00000007a2600000, 0x00000007a2600000, 0x00000007a2800000|  0%| F|  |TAMS 0x00000007a2600000, 0x00000007a2600000| Untracked 
| 788|0x00000007a2800000, 0x00000007a2800000, 0x00000007a2a00000|  0%| F|  |TAMS 0x00000007a2800000, 0x00000007a2800000| Untracked 
| 789|0x00000007a2a00000, 0x00000007a2a00000, 0x00000007a2c00000|  0%| F|  |TAMS 0x00000007a2a00000, 0x00000007a2a00000| Untracked 
| 790|0x00000007a2c00000, 0x00000007a2c00000, 0x00000007a2e00000|  0%| F|  |TAMS 0x00000007a2c00000, 0x00000007a2c00000| Untracked 
| 791|0x00000007a2e00000, 0x00000007a2e00000, 0x00000007a3000000|  0%| F|  |TAMS 0x00000007a2e00000, 0x00000007a2e00000| Untracked 
| 792|0x00000007a3000000, 0x00000007a3000000, 0x00000007a3200000|  0%| F|  |TAMS 0x00000007a3000000, 0x00000007a3000000| Untracked 
| 793|0x00000007a3200000, 0x00000007a3200000, 0x00000007a3400000|  0%| F|  |TAMS 0x00000007a3200000, 0x00000007a3200000| Untracked 
| 794|0x00000007a3400000, 0x00000007a3400000, 0x00000007a3600000|  0%| F|  |TAMS 0x00000007a3400000, 0x00000007a3400000| Untracked 
| 795|0x00000007a3600000, 0x00000007a3600000, 0x00000007a3800000|  0%| F|  |TAMS 0x00000007a3600000, 0x00000007a3600000| Untracked 
| 796|0x00000007a3800000, 0x00000007a3800000, 0x00000007a3a00000|  0%| F|  |TAMS 0x00000007a3800000, 0x00000007a3800000| Untracked 
| 797|0x00000007a3a00000, 0x00000007a3a00000, 0x00000007a3c00000|  0%| F|  |TAMS 0x00000007a3a00000, 0x00000007a3a00000| Untracked 
| 798|0x00000007a3c00000, 0x00000007a3c00000, 0x00000007a3e00000|  0%| F|  |TAMS 0x00000007a3c00000, 0x00000007a3c00000| Untracked 
| 799|0x00000007a3e00000, 0x00000007a3e00000, 0x00000007a4000000|  0%| F|  |TAMS 0x00000007a3e00000, 0x00000007a3e00000| Untracked 
| 800|0x00000007a4000000, 0x00000007a4000000, 0x00000007a4200000|  0%| F|  |TAMS 0x00000007a4000000, 0x00000007a4000000| Untracked 
| 801|0x00000007a4200000, 0x00000007a4200000, 0x00000007a4400000|  0%| F|  |TAMS 0x00000007a4200000, 0x00000007a4200000| Untracked 
| 802|0x00000007a4400000, 0x00000007a4400000, 0x00000007a4600000|  0%| F|  |TAMS 0x00000007a4400000, 0x00000007a4400000| Untracked 
| 803|0x00000007a4600000, 0x00000007a4600000, 0x00000007a4800000|  0%| F|  |TAMS 0x00000007a4600000, 0x00000007a4600000| Untracked 
| 804|0x00000007a4800000, 0x00000007a4800000, 0x00000007a4a00000|  0%| F|  |TAMS 0x00000007a4800000, 0x00000007a4800000| Untracked 
| 805|0x00000007a4a00000, 0x00000007a4a00000, 0x00000007a4c00000|  0%| F|  |TAMS 0x00000007a4a00000, 0x00000007a4a00000| Untracked 
| 806|0x00000007a4c00000, 0x00000007a4c00000, 0x00000007a4e00000|  0%| F|  |TAMS 0x00000007a4c00000, 0x00000007a4c00000| Untracked 
| 807|0x00000007a4e00000, 0x00000007a4e00000, 0x00000007a5000000|  0%| F|  |TAMS 0x00000007a4e00000, 0x00000007a4e00000| Untracked 
| 808|0x00000007a5000000, 0x00000007a5000000, 0x00000007a5200000|  0%| F|  |TAMS 0x00000007a5000000, 0x00000007a5000000| Untracked 
| 809|0x00000007a5200000, 0x00000007a5200000, 0x00000007a5400000|  0%| F|  |TAMS 0x00000007a5200000, 0x00000007a5200000| Untracked 
| 810|0x00000007a5400000, 0x00000007a5400000, 0x00000007a5600000|  0%| F|  |TAMS 0x00000007a5400000, 0x00000007a5400000| Untracked 
| 811|0x00000007a5600000, 0x00000007a5600000, 0x00000007a5800000|  0%| F|  |TAMS 0x00000007a5600000, 0x00000007a5600000| Untracked 
| 812|0x00000007a5800000, 0x00000007a5800000, 0x00000007a5a00000|  0%| F|  |TAMS 0x00000007a5800000, 0x00000007a5800000| Untracked 
| 813|0x00000007a5a00000, 0x00000007a5a00000, 0x00000007a5c00000|  0%| F|  |TAMS 0x00000007a5a00000, 0x00000007a5a00000| Untracked 
| 814|0x00000007a5c00000, 0x00000007a5c00000, 0x00000007a5e00000|  0%| F|  |TAMS 0x00000007a5c00000, 0x00000007a5c00000| Untracked 
| 815|0x00000007a5e00000, 0x00000007a5e00000, 0x00000007a6000000|  0%| F|  |TAMS 0x00000007a5e00000, 0x00000007a5e00000| Untracked 
| 816|0x00000007a6000000, 0x00000007a6000000, 0x00000007a6200000|  0%| F|  |TAMS 0x00000007a6000000, 0x00000007a6000000| Untracked 
| 817|0x00000007a6200000, 0x00000007a6200000, 0x00000007a6400000|  0%| F|  |TAMS 0x00000007a6200000, 0x00000007a6200000| Untracked 
| 818|0x00000007a6400000, 0x00000007a6400000, 0x00000007a6600000|  0%| F|  |TAMS 0x00000007a6400000, 0x00000007a6400000| Untracked 
| 819|0x00000007a6600000, 0x00000007a6600000, 0x00000007a6800000|  0%| F|  |TAMS 0x00000007a6600000, 0x00000007a6600000| Untracked 
| 820|0x00000007a6800000, 0x00000007a6800000, 0x00000007a6a00000|  0%| F|  |TAMS 0x00000007a6800000, 0x00000007a6800000| Untracked 
| 821|0x00000007a6a00000, 0x00000007a6a00000, 0x00000007a6c00000|  0%| F|  |TAMS 0x00000007a6a00000, 0x00000007a6a00000| Untracked 
| 822|0x00000007a6c00000, 0x00000007a6c00000, 0x00000007a6e00000|  0%| F|  |TAMS 0x00000007a6c00000, 0x00000007a6c00000| Untracked 
| 823|0x00000007a6e00000, 0x00000007a6e00000, 0x00000007a7000000|  0%| F|  |TAMS 0x00000007a6e00000, 0x00000007a6e00000| Untracked 
| 824|0x00000007a7000000, 0x00000007a7000000, 0x00000007a7200000|  0%| F|  |TAMS 0x00000007a7000000, 0x00000007a7000000| Untracked 
| 825|0x00000007a7200000, 0x00000007a7200000, 0x00000007a7400000|  0%| F|  |TAMS 0x00000007a7200000, 0x00000007a7200000| Untracked 
| 826|0x00000007a7400000, 0x00000007a7400000, 0x00000007a7600000|  0%| F|  |TAMS 0x00000007a7400000, 0x00000007a7400000| Untracked 
| 827|0x00000007a7600000, 0x00000007a7600000, 0x00000007a7800000|  0%| F|  |TAMS 0x00000007a7600000, 0x00000007a7600000| Untracked 
| 828|0x00000007a7800000, 0x00000007a7800000, 0x00000007a7a00000|  0%| F|  |TAMS 0x00000007a7800000, 0x00000007a7800000| Untracked 
| 829|0x00000007a7a00000, 0x00000007a7a00000, 0x00000007a7c00000|  0%| F|  |TAMS 0x00000007a7a00000, 0x00000007a7a00000| Untracked 
| 830|0x00000007a7c00000, 0x00000007a7c00000, 0x00000007a7e00000|  0%| F|  |TAMS 0x00000007a7c00000, 0x00000007a7c00000| Untracked 
| 831|0x00000007a7e00000, 0x00000007a7e00000, 0x00000007a8000000|  0%| F|  |TAMS 0x00000007a7e00000, 0x00000007a7e00000| Untracked 
| 832|0x00000007a8000000, 0x00000007a8000000, 0x00000007a8200000|  0%| F|  |TAMS 0x00000007a8000000, 0x00000007a8000000| Untracked 
| 833|0x00000007a8200000, 0x00000007a8200000, 0x00000007a8400000|  0%| F|  |TAMS 0x00000007a8200000, 0x00000007a8200000| Untracked 
| 834|0x00000007a8400000, 0x00000007a8400000, 0x00000007a8600000|  0%| F|  |TAMS 0x00000007a8400000, 0x00000007a8400000| Untracked 
| 835|0x00000007a8600000, 0x00000007a8600000, 0x00000007a8800000|  0%| F|  |TAMS 0x00000007a8600000, 0x00000007a8600000| Untracked 
| 836|0x00000007a8800000, 0x00000007a8800000, 0x00000007a8a00000|  0%| F|  |TAMS 0x00000007a8800000, 0x00000007a8800000| Untracked 
| 837|0x00000007a8a00000, 0x00000007a8a00000, 0x00000007a8c00000|  0%| F|  |TAMS 0x00000007a8a00000, 0x00000007a8a00000| Untracked 
| 838|0x00000007a8c00000, 0x00000007a8c00000, 0x00000007a8e00000|  0%| F|  |TAMS 0x00000007a8c00000, 0x00000007a8c00000| Untracked 
| 839|0x00000007a8e00000, 0x00000007a8e00000, 0x00000007a9000000|  0%| F|  |TAMS 0x00000007a8e00000, 0x00000007a8e00000| Untracked 
| 840|0x00000007a9000000, 0x00000007a9000000, 0x00000007a9200000|  0%| F|  |TAMS 0x00000007a9000000, 0x00000007a9000000| Untracked 
| 841|0x00000007a9200000, 0x00000007a9200000, 0x00000007a9400000|  0%| F|  |TAMS 0x00000007a9200000, 0x00000007a9200000| Untracked 
| 842|0x00000007a9400000, 0x00000007a9400000, 0x00000007a9600000|  0%| F|  |TAMS 0x00000007a9400000, 0x00000007a9400000| Untracked 
| 843|0x00000007a9600000, 0x00000007a9600000, 0x00000007a9800000|  0%| F|  |TAMS 0x00000007a9600000, 0x00000007a9600000| Untracked 
| 844|0x00000007a9800000, 0x00000007a9800000, 0x00000007a9a00000|  0%| F|  |TAMS 0x00000007a9800000, 0x00000007a9800000| Untracked 
| 845|0x00000007a9a00000, 0x00000007a9a00000, 0x00000007a9c00000|  0%| F|  |TAMS 0x00000007a9a00000, 0x00000007a9a00000| Untracked 
| 846|0x00000007a9c00000, 0x00000007a9c00000, 0x00000007a9e00000|  0%| F|  |TAMS 0x00000007a9c00000, 0x00000007a9c00000| Untracked 
| 847|0x00000007a9e00000, 0x00000007a9e00000, 0x00000007aa000000|  0%| F|  |TAMS 0x00000007a9e00000, 0x00000007a9e00000| Untracked 
| 848|0x00000007aa000000, 0x00000007aa000000, 0x00000007aa200000|  0%| F|  |TAMS 0x00000007aa000000, 0x00000007aa000000| Untracked 
| 849|0x00000007aa200000, 0x00000007aa200000, 0x00000007aa400000|  0%| F|  |TAMS 0x00000007aa200000, 0x00000007aa200000| Untracked 
| 850|0x00000007aa400000, 0x00000007aa400000, 0x00000007aa600000|  0%| F|  |TAMS 0x00000007aa400000, 0x00000007aa400000| Untracked 
| 851|0x00000007aa600000, 0x00000007aa600000, 0x00000007aa800000|  0%| F|  |TAMS 0x00000007aa600000, 0x00000007aa600000| Untracked 
| 852|0x00000007aa800000, 0x00000007aa968770, 0x00000007aaa00000| 70%| S|CS|TAMS 0x00000007aa800000, 0x00000007aa800000| Complete 
| 853|0x00000007aaa00000, 0x00000007aac00000, 0x00000007aac00000|100%| S|CS|TAMS 0x00000007aaa00000, 0x00000007aaa00000| Complete 
| 854|0x00000007aac00000, 0x00000007aae00000, 0x00000007aae00000|100%| S|CS|TAMS 0x00000007aac00000, 0x00000007aac00000| Complete 
| 855|0x00000007aae00000, 0x00000007ab000000, 0x00000007ab000000|100%| S|CS|TAMS 0x00000007aae00000, 0x00000007aae00000| Complete 
| 856|0x00000007ab000000, 0x00000007ab200000, 0x00000007ab200000|100%| S|CS|TAMS 0x00000007ab000000, 0x00000007ab000000| Complete 
| 857|0x00000007ab200000, 0x00000007ab400000, 0x00000007ab400000|100%| S|CS|TAMS 0x00000007ab200000, 0x00000007ab200000| Complete 
| 858|0x00000007ab400000, 0x00000007ab600000, 0x00000007ab600000|100%| S|CS|TAMS 0x00000007ab400000, 0x00000007ab400000| Complete 
| 859|0x00000007ab600000, 0x00000007ab800000, 0x00000007ab800000|100%| S|CS|TAMS 0x00000007ab600000, 0x00000007ab600000| Complete 
| 860|0x00000007ab800000, 0x00000007aba00000, 0x00000007aba00000|100%| S|CS|TAMS 0x00000007ab800000, 0x00000007ab800000| Complete 
| 861|0x00000007aba00000, 0x00000007abc00000, 0x00000007abc00000|100%| S|CS|TAMS 0x00000007aba00000, 0x00000007aba00000| Complete 
| 862|0x00000007abc00000, 0x00000007abe00000, 0x00000007abe00000|100%| S|CS|TAMS 0x00000007abc00000, 0x00000007abc00000| Complete 
| 863|0x00000007abe00000, 0x00000007ac000000, 0x00000007ac000000|100%| S|CS|TAMS 0x00000007abe00000, 0x00000007abe00000| Complete 
| 864|0x00000007ac000000, 0x00000007ac200000, 0x00000007ac200000|100%| S|CS|TAMS 0x00000007ac000000, 0x00000007ac000000| Complete 
| 865|0x00000007ac200000, 0x00000007ac400000, 0x00000007ac400000|100%| S|CS|TAMS 0x00000007ac200000, 0x00000007ac200000| Complete 
| 866|0x00000007ac400000, 0x00000007ac600000, 0x00000007ac600000|100%| S|CS|TAMS 0x00000007ac400000, 0x00000007ac400000| Complete 
| 867|0x00000007ac600000, 0x00000007ac600000, 0x00000007ac800000|  0%| F|  |TAMS 0x00000007ac600000, 0x00000007ac600000| Untracked 
| 868|0x00000007ac800000, 0x00000007ac800000, 0x00000007aca00000|  0%| F|  |TAMS 0x00000007ac800000, 0x00000007ac800000| Untracked 
| 869|0x00000007aca00000, 0x00000007aca00000, 0x00000007acc00000|  0%| F|  |TAMS 0x00000007aca00000, 0x00000007aca00000| Untracked 
| 870|0x00000007acc00000, 0x00000007acc00000, 0x00000007ace00000|  0%| F|  |TAMS 0x00000007acc00000, 0x00000007acc00000| Untracked 
| 871|0x00000007ace00000, 0x00000007ace00000, 0x00000007ad000000|  0%| F|  |TAMS 0x00000007ace00000, 0x00000007ace00000| Untracked 
| 872|0x00000007ad000000, 0x00000007ad000000, 0x00000007ad200000|  0%| F|  |TAMS 0x00000007ad000000, 0x00000007ad000000| Untracked 
| 873|0x00000007ad200000, 0x00000007ad200000, 0x00000007ad400000|  0%| F|  |TAMS 0x00000007ad200000, 0x00000007ad200000| Untracked 
| 874|0x00000007ad400000, 0x00000007ad400000, 0x00000007ad600000|  0%| F|  |TAMS 0x00000007ad400000, 0x00000007ad400000| Untracked 
| 875|0x00000007ad600000, 0x00000007ad600000, 0x00000007ad800000|  0%| F|  |TAMS 0x00000007ad600000, 0x00000007ad600000| Untracked 
| 876|0x00000007ad800000, 0x00000007ad800000, 0x00000007ada00000|  0%| F|  |TAMS 0x00000007ad800000, 0x00000007ad800000| Untracked 
| 877|0x00000007ada00000, 0x00000007ada00000, 0x00000007adc00000|  0%| F|  |TAMS 0x00000007ada00000, 0x00000007ada00000| Untracked 
| 878|0x00000007adc00000, 0x00000007adc00000, 0x00000007ade00000|  0%| F|  |TAMS 0x00000007adc00000, 0x00000007adc00000| Untracked 
| 879|0x00000007ade00000, 0x00000007ade00000, 0x00000007ae000000|  0%| F|  |TAMS 0x00000007ade00000, 0x00000007ade00000| Untracked 
| 880|0x00000007ae000000, 0x00000007ae000000, 0x00000007ae200000|  0%| F|  |TAMS 0x00000007ae000000, 0x00000007ae000000| Untracked 
| 881|0x00000007ae200000, 0x00000007ae200000, 0x00000007ae400000|  0%| F|  |TAMS 0x00000007ae200000, 0x00000007ae200000| Untracked 
| 882|0x00000007ae400000, 0x00000007ae400000, 0x00000007ae600000|  0%| F|  |TAMS 0x00000007ae400000, 0x00000007ae400000| Untracked 
| 883|0x00000007ae600000, 0x00000007ae600000, 0x00000007ae800000|  0%| F|  |TAMS 0x00000007ae600000, 0x00000007ae600000| Untracked 
| 884|0x00000007ae800000, 0x00000007ae800000, 0x00000007aea00000|  0%| F|  |TAMS 0x00000007ae800000, 0x00000007ae800000| Untracked 
| 885|0x00000007aea00000, 0x00000007aea00000, 0x00000007aec00000|  0%| F|  |TAMS 0x00000007aea00000, 0x00000007aea00000| Untracked 
| 886|0x00000007aec00000, 0x00000007aec00000, 0x00000007aee00000|  0%| F|  |TAMS 0x00000007aec00000, 0x00000007aec00000| Untracked 
| 887|0x00000007aee00000, 0x00000007aee00000, 0x00000007af000000|  0%| F|  |TAMS 0x00000007aee00000, 0x00000007aee00000| Untracked 
| 888|0x00000007af000000, 0x00000007af000000, 0x00000007af200000|  0%| F|  |TAMS 0x00000007af000000, 0x00000007af000000| Untracked 
| 889|0x00000007af200000, 0x00000007af200000, 0x00000007af400000|  0%| F|  |TAMS 0x00000007af200000, 0x00000007af200000| Untracked 
| 890|0x00000007af400000, 0x00000007af400000, 0x00000007af600000|  0%| F|  |TAMS 0x00000007af400000, 0x00000007af400000| Untracked 
| 891|0x00000007af600000, 0x00000007af600000, 0x00000007af800000|  0%| F|  |TAMS 0x00000007af600000, 0x00000007af600000| Untracked 
| 892|0x00000007af800000, 0x00000007af800000, 0x00000007afa00000|  0%| F|  |TAMS 0x00000007af800000, 0x00000007af800000| Untracked 
| 893|0x00000007afa00000, 0x00000007afa00000, 0x00000007afc00000|  0%| F|  |TAMS 0x00000007afa00000, 0x00000007afa00000| Untracked 
| 894|0x00000007afc00000, 0x00000007afc00000, 0x00000007afe00000|  0%| F|  |TAMS 0x00000007afc00000, 0x00000007afc00000| Untracked 
| 895|0x00000007afe00000, 0x00000007afe00000, 0x00000007b0000000|  0%| F|  |TAMS 0x00000007afe00000, 0x00000007afe00000| Untracked 
| 896|0x00000007b0000000, 0x00000007b0000000, 0x00000007b0200000|  0%| F|  |TAMS 0x00000007b0000000, 0x00000007b0000000| Untracked 
| 897|0x00000007b0200000, 0x00000007b0200000, 0x00000007b0400000|  0%| F|  |TAMS 0x00000007b0200000, 0x00000007b0200000| Untracked 
| 898|0x00000007b0400000, 0x00000007b0400000, 0x00000007b0600000|  0%| F|  |TAMS 0x00000007b0400000, 0x00000007b0400000| Untracked 
| 899|0x00000007b0600000, 0x00000007b0600000, 0x00000007b0800000|  0%| F|  |TAMS 0x00000007b0600000, 0x00000007b0600000| Untracked 
| 900|0x00000007b0800000, 0x00000007b0800000, 0x00000007b0a00000|  0%| F|  |TAMS 0x00000007b0800000, 0x00000007b0800000| Untracked 
| 901|0x00000007b0a00000, 0x00000007b0a00000, 0x00000007b0c00000|  0%| F|  |TAMS 0x00000007b0a00000, 0x00000007b0a00000| Untracked 
| 902|0x00000007b0c00000, 0x00000007b0c00000, 0x00000007b0e00000|  0%| F|  |TAMS 0x00000007b0c00000, 0x00000007b0c00000| Untracked 
| 903|0x00000007b0e00000, 0x00000007b0e00000, 0x00000007b1000000|  0%| F|  |TAMS 0x00000007b0e00000, 0x00000007b0e00000| Untracked 
| 904|0x00000007b1000000, 0x00000007b1000000, 0x00000007b1200000|  0%| F|  |TAMS 0x00000007b1000000, 0x00000007b1000000| Untracked 
| 905|0x00000007b1200000, 0x00000007b1200000, 0x00000007b1400000|  0%| F|  |TAMS 0x00000007b1200000, 0x00000007b1200000| Untracked 
| 906|0x00000007b1400000, 0x00000007b1400000, 0x00000007b1600000|  0%| F|  |TAMS 0x00000007b1400000, 0x00000007b1400000| Untracked 
| 907|0x00000007b1600000, 0x00000007b1600000, 0x00000007b1800000|  0%| F|  |TAMS 0x00000007b1600000, 0x00000007b1600000| Untracked 
| 908|0x00000007b1800000, 0x00000007b1800000, 0x00000007b1a00000|  0%| F|  |TAMS 0x00000007b1800000, 0x00000007b1800000| Untracked 
| 909|0x00000007b1a00000, 0x00000007b1a00000, 0x00000007b1c00000|  0%| F|  |TAMS 0x00000007b1a00000, 0x00000007b1a00000| Untracked 
| 910|0x00000007b1c00000, 0x00000007b1c00000, 0x00000007b1e00000|  0%| F|  |TAMS 0x00000007b1c00000, 0x00000007b1c00000| Untracked 
| 911|0x00000007b1e00000, 0x00000007b1e00000, 0x00000007b2000000|  0%| F|  |TAMS 0x00000007b1e00000, 0x00000007b1e00000| Untracked 
| 912|0x00000007b2000000, 0x00000007b2000000, 0x00000007b2200000|  0%| F|  |TAMS 0x00000007b2000000, 0x00000007b2000000| Untracked 
| 913|0x00000007b2200000, 0x00000007b2200000, 0x00000007b2400000|  0%| F|  |TAMS 0x00000007b2200000, 0x00000007b2200000| Untracked 
| 914|0x00000007b2400000, 0x00000007b2400000, 0x00000007b2600000|  0%| F|  |TAMS 0x00000007b2400000, 0x00000007b2400000| Untracked 
| 915|0x00000007b2600000, 0x00000007b2600000, 0x00000007b2800000|  0%| F|  |TAMS 0x00000007b2600000, 0x00000007b2600000| Untracked 
| 916|0x00000007b2800000, 0x00000007b2800000, 0x00000007b2a00000|  0%| F|  |TAMS 0x00000007b2800000, 0x00000007b2800000| Untracked 
| 917|0x00000007b2a00000, 0x00000007b2a00000, 0x00000007b2c00000|  0%| F|  |TAMS 0x00000007b2a00000, 0x00000007b2a00000| Untracked 
| 918|0x00000007b2c00000, 0x00000007b2c00000, 0x00000007b2e00000|  0%| F|  |TAMS 0x00000007b2c00000, 0x00000007b2c00000| Untracked 
| 919|0x00000007b2e00000, 0x00000007b2e00000, 0x00000007b3000000|  0%| F|  |TAMS 0x00000007b2e00000, 0x00000007b2e00000| Untracked 
| 920|0x00000007b3000000, 0x00000007b3000000, 0x00000007b3200000|  0%| F|  |TAMS 0x00000007b3000000, 0x00000007b3000000| Untracked 
| 921|0x00000007b3200000, 0x00000007b3200000, 0x00000007b3400000|  0%| F|  |TAMS 0x00000007b3200000, 0x00000007b3200000| Untracked 
| 922|0x00000007b3400000, 0x00000007b3400000, 0x00000007b3600000|  0%| F|  |TAMS 0x00000007b3400000, 0x00000007b3400000| Untracked 
| 923|0x00000007b3600000, 0x00000007b3600000, 0x00000007b3800000|  0%| F|  |TAMS 0x00000007b3600000, 0x00000007b3600000| Untracked 
| 924|0x00000007b3800000, 0x00000007b3800000, 0x00000007b3a00000|  0%| F|  |TAMS 0x00000007b3800000, 0x00000007b3800000| Untracked 
| 925|0x00000007b3a00000, 0x00000007b3a00000, 0x00000007b3c00000|  0%| F|  |TAMS 0x00000007b3a00000, 0x00000007b3a00000| Untracked 
| 926|0x00000007b3c00000, 0x00000007b3c00000, 0x00000007b3e00000|  0%| F|  |TAMS 0x00000007b3c00000, 0x00000007b3c00000| Untracked 
| 927|0x00000007b3e00000, 0x00000007b3e00000, 0x00000007b4000000|  0%| F|  |TAMS 0x00000007b3e00000, 0x00000007b3e00000| Untracked 
| 928|0x00000007b4000000, 0x00000007b4000000, 0x00000007b4200000|  0%| F|  |TAMS 0x00000007b4000000, 0x00000007b4000000| Untracked 
| 929|0x00000007b4200000, 0x00000007b4200000, 0x00000007b4400000|  0%| F|  |TAMS 0x00000007b4200000, 0x00000007b4200000| Untracked 
| 930|0x00000007b4400000, 0x00000007b4400000, 0x00000007b4600000|  0%| F|  |TAMS 0x00000007b4400000, 0x00000007b4400000| Untracked 
| 931|0x00000007b4600000, 0x00000007b4600000, 0x00000007b4800000|  0%| F|  |TAMS 0x00000007b4600000, 0x00000007b4600000| Untracked 
| 932|0x00000007b4800000, 0x00000007b4800000, 0x00000007b4a00000|  0%| F|  |TAMS 0x00000007b4800000, 0x00000007b4800000| Untracked 
| 933|0x00000007b4a00000, 0x00000007b4a00000, 0x00000007b4c00000|  0%| F|  |TAMS 0x00000007b4a00000, 0x00000007b4a00000| Untracked 
| 934|0x00000007b4c00000, 0x00000007b4c00000, 0x00000007b4e00000|  0%| F|  |TAMS 0x00000007b4c00000, 0x00000007b4c00000| Untracked 
| 935|0x00000007b4e00000, 0x00000007b4e00000, 0x00000007b5000000|  0%| F|  |TAMS 0x00000007b4e00000, 0x00000007b4e00000| Untracked 
| 936|0x00000007b5000000, 0x00000007b5000000, 0x00000007b5200000|  0%| F|  |TAMS 0x00000007b5000000, 0x00000007b5000000| Untracked 
| 937|0x00000007b5200000, 0x00000007b5200000, 0x00000007b5400000|  0%| F|  |TAMS 0x00000007b5200000, 0x00000007b5200000| Untracked 
| 938|0x00000007b5400000, 0x00000007b5400000, 0x00000007b5600000|  0%| F|  |TAMS 0x00000007b5400000, 0x00000007b5400000| Untracked 
| 939|0x00000007b5600000, 0x00000007b5600000, 0x00000007b5800000|  0%| F|  |TAMS 0x00000007b5600000, 0x00000007b5600000| Untracked 
| 940|0x00000007b5800000, 0x00000007b5800000, 0x00000007b5a00000|  0%| F|  |TAMS 0x00000007b5800000, 0x00000007b5800000| Untracked 
| 941|0x00000007b5a00000, 0x00000007b5a00000, 0x00000007b5c00000|  0%| F|  |TAMS 0x00000007b5a00000, 0x00000007b5a00000| Untracked 
| 942|0x00000007b5c00000, 0x00000007b5c00000, 0x00000007b5e00000|  0%| F|  |TAMS 0x00000007b5c00000, 0x00000007b5c00000| Untracked 
| 943|0x00000007b5e00000, 0x00000007b5e00000, 0x00000007b6000000|  0%| F|  |TAMS 0x00000007b5e00000, 0x00000007b5e00000| Untracked 
| 944|0x00000007b6000000, 0x00000007b6000000, 0x00000007b6200000|  0%| F|  |TAMS 0x00000007b6000000, 0x00000007b6000000| Untracked 
| 945|0x00000007b6200000, 0x00000007b6200000, 0x00000007b6400000|  0%| F|  |TAMS 0x00000007b6200000, 0x00000007b6200000| Untracked 
| 946|0x00000007b6400000, 0x00000007b6400000, 0x00000007b6600000|  0%| F|  |TAMS 0x00000007b6400000, 0x00000007b6400000| Untracked 
| 947|0x00000007b6600000, 0x00000007b6600000, 0x00000007b6800000|  0%| F|  |TAMS 0x00000007b6600000, 0x00000007b6600000| Untracked 
| 948|0x00000007b6800000, 0x00000007b6800000, 0x00000007b6a00000|  0%| F|  |TAMS 0x00000007b6800000, 0x00000007b6800000| Untracked 
| 949|0x00000007b6a00000, 0x00000007b6a00000, 0x00000007b6c00000|  0%| F|  |TAMS 0x00000007b6a00000, 0x00000007b6a00000| Untracked 
| 950|0x00000007b6c00000, 0x00000007b6c00000, 0x00000007b6e00000|  0%| F|  |TAMS 0x00000007b6c00000, 0x00000007b6c00000| Untracked 
| 951|0x00000007b6e00000, 0x00000007b6e00000, 0x00000007b7000000|  0%| F|  |TAMS 0x00000007b6e00000, 0x00000007b6e00000| Untracked 
| 952|0x00000007b7000000, 0x00000007b7000000, 0x00000007b7200000|  0%| F|  |TAMS 0x00000007b7000000, 0x00000007b7000000| Untracked 
| 953|0x00000007b7200000, 0x00000007b7200000, 0x00000007b7400000|  0%| F|  |TAMS 0x00000007b7200000, 0x00000007b7200000| Untracked 
| 954|0x00000007b7400000, 0x00000007b7400000, 0x00000007b7600000|  0%| F|  |TAMS 0x00000007b7400000, 0x00000007b7400000| Untracked 
| 955|0x00000007b7600000, 0x00000007b7600000, 0x00000007b7800000|  0%| F|  |TAMS 0x00000007b7600000, 0x00000007b7600000| Untracked 
| 956|0x00000007b7800000, 0x00000007b7800000, 0x00000007b7a00000|  0%| F|  |TAMS 0x00000007b7800000, 0x00000007b7800000| Untracked 
| 957|0x00000007b7a00000, 0x00000007b7a00000, 0x00000007b7c00000|  0%| F|  |TAMS 0x00000007b7a00000, 0x00000007b7a00000| Untracked 
| 958|0x00000007b7c00000, 0x00000007b7c00000, 0x00000007b7e00000|  0%| F|  |TAMS 0x00000007b7c00000, 0x00000007b7c00000| Untracked 
| 959|0x00000007b7e00000, 0x00000007b7e00000, 0x00000007b8000000|  0%| F|  |TAMS 0x00000007b7e00000, 0x00000007b7e00000| Untracked 
| 960|0x00000007b8000000, 0x00000007b8000000, 0x00000007b8200000|  0%| F|  |TAMS 0x00000007b8000000, 0x00000007b8000000| Untracked 
| 961|0x00000007b8200000, 0x00000007b8200000, 0x00000007b8400000|  0%| F|  |TAMS 0x00000007b8200000, 0x00000007b8200000| Untracked 
| 962|0x00000007b8400000, 0x00000007b8400000, 0x00000007b8600000|  0%| F|  |TAMS 0x00000007b8400000, 0x00000007b8400000| Untracked 
| 963|0x00000007b8600000, 0x00000007b8600000, 0x00000007b8800000|  0%| F|  |TAMS 0x00000007b8600000, 0x00000007b8600000| Untracked 
| 964|0x00000007b8800000, 0x00000007b8800000, 0x00000007b8a00000|  0%| F|  |TAMS 0x00000007b8800000, 0x00000007b8800000| Untracked 
| 965|0x00000007b8a00000, 0x00000007b8a00000, 0x00000007b8c00000|  0%| F|  |TAMS 0x00000007b8a00000, 0x00000007b8a00000| Untracked 
| 966|0x00000007b8c00000, 0x00000007b8c00000, 0x00000007b8e00000|  0%| F|  |TAMS 0x00000007b8c00000, 0x00000007b8c00000| Untracked 
| 967|0x00000007b8e00000, 0x00000007b8e00000, 0x00000007b9000000|  0%| F|  |TAMS 0x00000007b8e00000, 0x00000007b8e00000| Untracked 
| 968|0x00000007b9000000, 0x00000007b9000000, 0x00000007b9200000|  0%| F|  |TAMS 0x00000007b9000000, 0x00000007b9000000| Untracked 
| 969|0x00000007b9200000, 0x00000007b9200000, 0x00000007b9400000|  0%| F|  |TAMS 0x00000007b9200000, 0x00000007b9200000| Untracked 
| 970|0x00000007b9400000, 0x00000007b9400000, 0x00000007b9600000|  0%| F|  |TAMS 0x00000007b9400000, 0x00000007b9400000| Untracked 
| 971|0x00000007b9600000, 0x00000007b9600000, 0x00000007b9800000|  0%| F|  |TAMS 0x00000007b9600000, 0x00000007b9600000| Untracked 
| 972|0x00000007b9800000, 0x00000007b9800000, 0x00000007b9a00000|  0%| F|  |TAMS 0x00000007b9800000, 0x00000007b9800000| Untracked 
| 973|0x00000007b9a00000, 0x00000007b9a00000, 0x00000007b9c00000|  0%| F|  |TAMS 0x00000007b9a00000, 0x00000007b9a00000| Untracked 
| 974|0x00000007b9c00000, 0x00000007b9c00000, 0x00000007b9e00000|  0%| F|  |TAMS 0x00000007b9c00000, 0x00000007b9c00000| Untracked 
| 975|0x00000007b9e00000, 0x00000007b9e00000, 0x00000007ba000000|  0%| F|  |TAMS 0x00000007b9e00000, 0x00000007b9e00000| Untracked 
| 976|0x00000007ba000000, 0x00000007ba000000, 0x00000007ba200000|  0%| F|  |TAMS 0x00000007ba000000, 0x00000007ba000000| Untracked 
| 977|0x00000007ba200000, 0x00000007ba200000, 0x00000007ba400000|  0%| F|  |TAMS 0x00000007ba200000, 0x00000007ba200000| Untracked 
| 978|0x00000007ba400000, 0x00000007ba400000, 0x00000007ba600000|  0%| F|  |TAMS 0x00000007ba400000, 0x00000007ba400000| Untracked 
| 979|0x00000007ba600000, 0x00000007ba600000, 0x00000007ba800000|  0%| F|  |TAMS 0x00000007ba600000, 0x00000007ba600000| Untracked 
| 980|0x00000007ba800000, 0x00000007ba800000, 0x00000007baa00000|  0%| F|  |TAMS 0x00000007ba800000, 0x00000007ba800000| Untracked 
| 981|0x00000007baa00000, 0x00000007baa00000, 0x00000007bac00000|  0%| F|  |TAMS 0x00000007baa00000, 0x00000007baa00000| Untracked 
| 982|0x00000007bac00000, 0x00000007bac00000, 0x00000007bae00000|  0%| F|  |TAMS 0x00000007bac00000, 0x00000007bac00000| Untracked 
| 983|0x00000007bae00000, 0x00000007bae00000, 0x00000007bb000000|  0%| F|  |TAMS 0x00000007bae00000, 0x00000007bae00000| Untracked 
| 984|0x00000007bb000000, 0x00000007bb000000, 0x00000007bb200000|  0%| F|  |TAMS 0x00000007bb000000, 0x00000007bb000000| Untracked 
| 985|0x00000007bb200000, 0x00000007bb200000, 0x00000007bb400000|  0%| F|  |TAMS 0x00000007bb200000, 0x00000007bb200000| Untracked 
| 986|0x00000007bb400000, 0x00000007bb400000, 0x00000007bb600000|  0%| F|  |TAMS 0x00000007bb400000, 0x00000007bb400000| Untracked 
| 987|0x00000007bb600000, 0x00000007bb600000, 0x00000007bb800000|  0%| F|  |TAMS 0x00000007bb600000, 0x00000007bb600000| Untracked 
| 988|0x00000007bb800000, 0x00000007bb800000, 0x00000007bba00000|  0%| F|  |TAMS 0x00000007bb800000, 0x00000007bb800000| Untracked 
| 989|0x00000007bba00000, 0x00000007bba00000, 0x00000007bbc00000|  0%| F|  |TAMS 0x00000007bba00000, 0x00000007bba00000| Untracked 
| 990|0x00000007bbc00000, 0x00000007bbc00000, 0x00000007bbe00000|  0%| F|  |TAMS 0x00000007bbc00000, 0x00000007bbc00000| Untracked 
| 991|0x00000007bbe00000, 0x00000007bbe00000, 0x00000007bc000000|  0%| F|  |TAMS 0x00000007bbe00000, 0x00000007bbe00000| Untracked 
| 992|0x00000007bc000000, 0x00000007bc000000, 0x00000007bc200000|  0%| F|  |TAMS 0x00000007bc000000, 0x00000007bc000000| Untracked 
| 993|0x00000007bc200000, 0x00000007bc200000, 0x00000007bc400000|  0%| F|  |TAMS 0x00000007bc200000, 0x00000007bc200000| Untracked 
| 994|0x00000007bc400000, 0x00000007bc400000, 0x00000007bc600000|  0%| F|  |TAMS 0x00000007bc400000, 0x00000007bc400000| Untracked 
| 995|0x00000007bc600000, 0x00000007bc600000, 0x00000007bc800000|  0%| F|  |TAMS 0x00000007bc600000, 0x00000007bc600000| Untracked 
| 996|0x00000007bc800000, 0x00000007bc800000, 0x00000007bca00000|  0%| F|  |TAMS 0x00000007bc800000, 0x00000007bc800000| Untracked 
| 997|0x00000007bca00000, 0x00000007bca00000, 0x00000007bcc00000|  0%| F|  |TAMS 0x00000007bca00000, 0x00000007bca00000| Untracked 
| 998|0x00000007bcc00000, 0x00000007bcc00000, 0x00000007bce00000|  0%| F|  |TAMS 0x00000007bcc00000, 0x00000007bcc00000| Untracked 
| 999|0x00000007bce00000, 0x00000007bce00000, 0x00000007bd000000|  0%| F|  |TAMS 0x00000007bce00000, 0x00000007bce00000| Untracked 
|1000|0x00000007bd000000, 0x00000007bd000000, 0x00000007bd200000|  0%| F|  |TAMS 0x00000007bd000000, 0x00000007bd000000| Untracked 
|1001|0x00000007bd200000, 0x00000007bd200000, 0x00000007bd400000|  0%| F|  |TAMS 0x00000007bd200000, 0x00000007bd200000| Untracked 
|1002|0x00000007bd400000, 0x00000007bd400000, 0x00000007bd600000|  0%| F|  |TAMS 0x00000007bd400000, 0x00000007bd400000| Untracked 
|1003|0x00000007bd600000, 0x00000007bd600000, 0x00000007bd800000|  0%| F|  |TAMS 0x00000007bd600000, 0x00000007bd600000| Untracked 
|1004|0x00000007bd800000, 0x00000007bd800000, 0x00000007bda00000|  0%| F|  |TAMS 0x00000007bd800000, 0x00000007bd800000| Untracked 
|1005|0x00000007bda00000, 0x00000007bda00000, 0x00000007bdc00000|  0%| F|  |TAMS 0x00000007bda00000, 0x00000007bda00000| Untracked 
|1006|0x00000007bdc00000, 0x00000007bdc00000, 0x00000007bde00000|  0%| F|  |TAMS 0x00000007bdc00000, 0x00000007bdc00000| Untracked 
|1007|0x00000007bde00000, 0x00000007bde00000, 0x00000007be000000|  0%| F|  |TAMS 0x00000007bde00000, 0x00000007bde00000| Untracked 
|1008|0x00000007be000000, 0x00000007be000000, 0x00000007be200000|  0%| F|  |TAMS 0x00000007be000000, 0x00000007be000000| Untracked 
|1009|0x00000007be200000, 0x00000007be200000, 0x00000007be400000|  0%| F|  |TAMS 0x00000007be200000, 0x00000007be200000| Untracked 
|1010|0x00000007be400000, 0x00000007be400000, 0x00000007be600000|  0%| F|  |TAMS 0x00000007be400000, 0x00000007be400000| Untracked 
|1011|0x00000007be600000, 0x00000007be600000, 0x00000007be800000|  0%| F|  |TAMS 0x00000007be600000, 0x00000007be600000| Untracked 
|1012|0x00000007be800000, 0x00000007be800000, 0x00000007bea00000|  0%| F|  |TAMS 0x00000007be800000, 0x00000007be800000| Untracked 
|1013|0x00000007bea00000, 0x00000007bea00000, 0x00000007bec00000|  0%| F|  |TAMS 0x00000007bea00000, 0x00000007bea00000| Untracked 
|1014|0x00000007bec00000, 0x00000007bec00000, 0x00000007bee00000|  0%| F|  |TAMS 0x00000007bec00000, 0x00000007bec00000| Untracked 
|1015|0x00000007bee00000, 0x00000007bee00000, 0x00000007bf000000|  0%| F|  |TAMS 0x00000007bee00000, 0x00000007bee00000| Untracked 
|1016|0x00000007bf000000, 0x00000007bf000000, 0x00000007bf200000|  0%| F|  |TAMS 0x00000007bf000000, 0x00000007bf000000| Untracked 
|1017|0x00000007bf200000, 0x00000007bf200000, 0x00000007bf400000|  0%| F|  |TAMS 0x00000007bf200000, 0x00000007bf200000| Untracked 
|1018|0x00000007bf400000, 0x00000007bf400000, 0x00000007bf600000|  0%| F|  |TAMS 0x00000007bf400000, 0x00000007bf400000| Untracked 
|1019|0x00000007bf600000, 0x00000007bf600000, 0x00000007bf800000|  0%| F|  |TAMS 0x00000007bf600000, 0x00000007bf600000| Untracked 
|1020|0x00000007bf800000, 0x00000007bf800000, 0x00000007bfa00000|  0%| F|  |TAMS 0x00000007bf800000, 0x00000007bf800000| Untracked 
|1021|0x00000007bfa00000, 0x00000007bfa00000, 0x00000007bfc00000|  0%| F|  |TAMS 0x00000007bfa00000, 0x00000007bfa00000| Untracked 
|1022|0x00000007bfc00000, 0x00000007bfc00000, 0x00000007bfe00000|  0%| F|  |TAMS 0x00000007bfc00000, 0x00000007bfc00000| Untracked 
|1023|0x00000007bfe00000, 0x00000007bfe00000, 0x00000007c0000000|  0%| F|  |TAMS 0x00000007bfe00000, 0x00000007bfe00000| Untracked 
|1024|0x00000007c0000000, 0x00000007c0000000, 0x00000007c0200000|  0%| F|  |TAMS 0x00000007c0000000, 0x00000007c0000000| Untracked 
|1025|0x00000007c0200000, 0x00000007c0200000, 0x00000007c0400000|  0%| F|  |TAMS 0x00000007c0200000, 0x00000007c0200000| Untracked 
|1026|0x00000007c0400000, 0x00000007c0400000, 0x00000007c0600000|  0%| F|  |TAMS 0x00000007c0400000, 0x00000007c0400000| Untracked 
|1027|0x00000007c0600000, 0x00000007c0600000, 0x00000007c0800000|  0%| F|  |TAMS 0x00000007c0600000, 0x00000007c0600000| Untracked 
|1028|0x00000007c0800000, 0x00000007c0800000, 0x00000007c0a00000|  0%| F|  |TAMS 0x00000007c0800000, 0x00000007c0800000| Untracked 
|1029|0x00000007c0a00000, 0x00000007c0a00000, 0x00000007c0c00000|  0%| F|  |TAMS 0x00000007c0a00000, 0x00000007c0a00000| Untracked 
|1030|0x00000007c0c00000, 0x00000007c0c00000, 0x00000007c0e00000|  0%| F|  |TAMS 0x00000007c0c00000, 0x00000007c0c00000| Untracked 
|1031|0x00000007c0e00000, 0x00000007c0e00000, 0x00000007c1000000|  0%| F|  |TAMS 0x00000007c0e00000, 0x00000007c0e00000| Untracked 
|1032|0x00000007c1000000, 0x00000007c1000000, 0x00000007c1200000|  0%| F|  |TAMS 0x00000007c1000000, 0x00000007c1000000| Untracked 
|1033|0x00000007c1200000, 0x00000007c1200000, 0x00000007c1400000|  0%| F|  |TAMS 0x00000007c1200000, 0x00000007c1200000| Untracked 
|1034|0x00000007c1400000, 0x00000007c1400000, 0x00000007c1600000|  0%| F|  |TAMS 0x00000007c1400000, 0x00000007c1400000| Untracked 
|1035|0x00000007c1600000, 0x00000007c1600000, 0x00000007c1800000|  0%| F|  |TAMS 0x00000007c1600000, 0x00000007c1600000| Untracked 
|1036|0x00000007c1800000, 0x00000007c1800000, 0x00000007c1a00000|  0%| F|  |TAMS 0x00000007c1800000, 0x00000007c1800000| Untracked 
|1037|0x00000007c1a00000, 0x00000007c1a00000, 0x00000007c1c00000|  0%| F|  |TAMS 0x00000007c1a00000, 0x00000007c1a00000| Untracked 
|1038|0x00000007c1c00000, 0x00000007c1c00000, 0x00000007c1e00000|  0%| F|  |TAMS 0x00000007c1c00000, 0x00000007c1c00000| Untracked 
|1039|0x00000007c1e00000, 0x00000007c1e00000, 0x00000007c2000000|  0%| F|  |TAMS 0x00000007c1e00000, 0x00000007c1e00000| Untracked 
|1040|0x00000007c2000000, 0x00000007c2000000, 0x00000007c2200000|  0%| F|  |TAMS 0x00000007c2000000, 0x00000007c2000000| Untracked 
|1041|0x00000007c2200000, 0x00000007c2200000, 0x00000007c2400000|  0%| F|  |TAMS 0x00000007c2200000, 0x00000007c2200000| Untracked 
|1042|0x00000007c2400000, 0x00000007c2400000, 0x00000007c2600000|  0%| F|  |TAMS 0x00000007c2400000, 0x00000007c2400000| Untracked 
|1043|0x00000007c2600000, 0x00000007c2600000, 0x00000007c2800000|  0%| F|  |TAMS 0x00000007c2600000, 0x00000007c2600000| Untracked 
|1044|0x00000007c2800000, 0x00000007c2800000, 0x00000007c2a00000|  0%| F|  |TAMS 0x00000007c2800000, 0x00000007c2800000| Untracked 
|1045|0x00000007c2a00000, 0x00000007c2a00000, 0x00000007c2c00000|  0%| F|  |TAMS 0x00000007c2a00000, 0x00000007c2a00000| Untracked 
|1046|0x00000007c2c00000, 0x00000007c2c00000, 0x00000007c2e00000|  0%| F|  |TAMS 0x00000007c2c00000, 0x00000007c2c00000| Untracked 
|1047|0x00000007c2e00000, 0x00000007c2e00000, 0x00000007c3000000|  0%| F|  |TAMS 0x00000007c2e00000, 0x00000007c2e00000| Untracked 
|1048|0x00000007c3000000, 0x00000007c3000000, 0x00000007c3200000|  0%| F|  |TAMS 0x00000007c3000000, 0x00000007c3000000| Untracked 
|1049|0x00000007c3200000, 0x00000007c3200000, 0x00000007c3400000|  0%| F|  |TAMS 0x00000007c3200000, 0x00000007c3200000| Untracked 
|1050|0x00000007c3400000, 0x00000007c3400000, 0x00000007c3600000|  0%| F|  |TAMS 0x00000007c3400000, 0x00000007c3400000| Untracked 
|1051|0x00000007c3600000, 0x00000007c3600000, 0x00000007c3800000|  0%| F|  |TAMS 0x00000007c3600000, 0x00000007c3600000| Untracked 
|1052|0x00000007c3800000, 0x00000007c3800000, 0x00000007c3a00000|  0%| F|  |TAMS 0x00000007c3800000, 0x00000007c3800000| Untracked 
|1053|0x00000007c3a00000, 0x00000007c3a00000, 0x00000007c3c00000|  0%| F|  |TAMS 0x00000007c3a00000, 0x00000007c3a00000| Untracked 
|1054|0x00000007c3c00000, 0x00000007c3c00000, 0x00000007c3e00000|  0%| F|  |TAMS 0x00000007c3c00000, 0x00000007c3c00000| Untracked 
|1055|0x00000007c3e00000, 0x00000007c3e00000, 0x00000007c4000000|  0%| F|  |TAMS 0x00000007c3e00000, 0x00000007c3e00000| Untracked 
|1056|0x00000007c4000000, 0x00000007c4000000, 0x00000007c4200000|  0%| F|  |TAMS 0x00000007c4000000, 0x00000007c4000000| Untracked 
|1057|0x00000007c4200000, 0x00000007c4200000, 0x00000007c4400000|  0%| F|  |TAMS 0x00000007c4200000, 0x00000007c4200000| Untracked 
|1058|0x00000007c4400000, 0x00000007c4400000, 0x00000007c4600000|  0%| F|  |TAMS 0x00000007c4400000, 0x00000007c4400000| Untracked 
|1059|0x00000007c4600000, 0x00000007c4600000, 0x00000007c4800000|  0%| F|  |TAMS 0x00000007c4600000, 0x00000007c4600000| Untracked 
|1060|0x00000007c4800000, 0x00000007c4800000, 0x00000007c4a00000|  0%| F|  |TAMS 0x00000007c4800000, 0x00000007c4800000| Untracked 
|1061|0x00000007c4a00000, 0x00000007c4a00000, 0x00000007c4c00000|  0%| F|  |TAMS 0x00000007c4a00000, 0x00000007c4a00000| Untracked 
|1062|0x00000007c4c00000, 0x00000007c4c00000, 0x00000007c4e00000|  0%| F|  |TAMS 0x00000007c4c00000, 0x00000007c4c00000| Untracked 
|1063|0x00000007c4e00000, 0x00000007c4e00000, 0x00000007c5000000|  0%| F|  |TAMS 0x00000007c4e00000, 0x00000007c4e00000| Untracked 
|1064|0x00000007c5000000, 0x00000007c5000000, 0x00000007c5200000|  0%| F|  |TAMS 0x00000007c5000000, 0x00000007c5000000| Untracked 
|1065|0x00000007c5200000, 0x00000007c5200000, 0x00000007c5400000|  0%| F|  |TAMS 0x00000007c5200000, 0x00000007c5200000| Untracked 
|1066|0x00000007c5400000, 0x00000007c5400000, 0x00000007c5600000|  0%| F|  |TAMS 0x00000007c5400000, 0x00000007c5400000| Untracked 
|1067|0x00000007c5600000, 0x00000007c5600000, 0x00000007c5800000|  0%| F|  |TAMS 0x00000007c5600000, 0x00000007c5600000| Untracked 
|1068|0x00000007c5800000, 0x00000007c5800000, 0x00000007c5a00000|  0%| F|  |TAMS 0x00000007c5800000, 0x00000007c5800000| Untracked 
|1069|0x00000007c5a00000, 0x00000007c5a00000, 0x00000007c5c00000|  0%| F|  |TAMS 0x00000007c5a00000, 0x00000007c5a00000| Untracked 
|1070|0x00000007c5c00000, 0x00000007c5c00000, 0x00000007c5e00000|  0%| F|  |TAMS 0x00000007c5c00000, 0x00000007c5c00000| Untracked 
|1071|0x00000007c5e00000, 0x00000007c5e00000, 0x00000007c6000000|  0%| F|  |TAMS 0x00000007c5e00000, 0x00000007c5e00000| Untracked 
|1072|0x00000007c6000000, 0x00000007c6000000, 0x00000007c6200000|  0%| F|  |TAMS 0x00000007c6000000, 0x00000007c6000000| Untracked 
|1073|0x00000007c6200000, 0x00000007c6200000, 0x00000007c6400000|  0%| F|  |TAMS 0x00000007c6200000, 0x00000007c6200000| Untracked 
|1074|0x00000007c6400000, 0x00000007c6400000, 0x00000007c6600000|  0%| F|  |TAMS 0x00000007c6400000, 0x00000007c6400000| Untracked 
|1075|0x00000007c6600000, 0x00000007c6600000, 0x00000007c6800000|  0%| F|  |TAMS 0x00000007c6600000, 0x00000007c6600000| Untracked 
|1076|0x00000007c6800000, 0x00000007c6800000, 0x00000007c6a00000|  0%| F|  |TAMS 0x00000007c6800000, 0x00000007c6800000| Untracked 
|1077|0x00000007c6a00000, 0x00000007c6a00000, 0x00000007c6c00000|  0%| F|  |TAMS 0x00000007c6a00000, 0x00000007c6a00000| Untracked 
|1078|0x00000007c6c00000, 0x00000007c6c00000, 0x00000007c6e00000|  0%| F|  |TAMS 0x00000007c6c00000, 0x00000007c6c00000| Untracked 
|1079|0x00000007c6e00000, 0x00000007c6e00000, 0x00000007c7000000|  0%| F|  |TAMS 0x00000007c6e00000, 0x00000007c6e00000| Untracked 
|1080|0x00000007c7000000, 0x00000007c7000000, 0x00000007c7200000|  0%| F|  |TAMS 0x00000007c7000000, 0x00000007c7000000| Untracked 
|1081|0x00000007c7200000, 0x00000007c7200000, 0x00000007c7400000|  0%| F|  |TAMS 0x00000007c7200000, 0x00000007c7200000| Untracked 
|1082|0x00000007c7400000, 0x00000007c7400000, 0x00000007c7600000|  0%| F|  |TAMS 0x00000007c7400000, 0x00000007c7400000| Untracked 
|1083|0x00000007c7600000, 0x00000007c7600000, 0x00000007c7800000|  0%| F|  |TAMS 0x00000007c7600000, 0x00000007c7600000| Untracked 
|1084|0x00000007c7800000, 0x00000007c7800000, 0x00000007c7a00000|  0%| F|  |TAMS 0x00000007c7800000, 0x00000007c7800000| Untracked 
|1085|0x00000007c7a00000, 0x00000007c7a00000, 0x00000007c7c00000|  0%| F|  |TAMS 0x00000007c7a00000, 0x00000007c7a00000| Untracked 
|1086|0x00000007c7c00000, 0x00000007c7c00000, 0x00000007c7e00000|  0%| F|  |TAMS 0x00000007c7c00000, 0x00000007c7c00000| Untracked 
|1087|0x00000007c7e00000, 0x00000007c7e00000, 0x00000007c8000000|  0%| F|  |TAMS 0x00000007c7e00000, 0x00000007c7e00000| Untracked 
|1088|0x00000007c8000000, 0x00000007c8000000, 0x00000007c8200000|  0%| F|  |TAMS 0x00000007c8000000, 0x00000007c8000000| Untracked 
|1089|0x00000007c8200000, 0x00000007c8200000, 0x00000007c8400000|  0%| F|  |TAMS 0x00000007c8200000, 0x00000007c8200000| Untracked 
|1090|0x00000007c8400000, 0x00000007c8400000, 0x00000007c8600000|  0%| F|  |TAMS 0x00000007c8400000, 0x00000007c8400000| Untracked 
|1091|0x00000007c8600000, 0x00000007c8600000, 0x00000007c8800000|  0%| F|  |TAMS 0x00000007c8600000, 0x00000007c8600000| Untracked 
|1092|0x00000007c8800000, 0x00000007c8800000, 0x00000007c8a00000|  0%| F|  |TAMS 0x00000007c8800000, 0x00000007c8800000| Untracked 
|1093|0x00000007c8a00000, 0x00000007c8a00000, 0x00000007c8c00000|  0%| F|  |TAMS 0x00000007c8a00000, 0x00000007c8a00000| Untracked 
|1094|0x00000007c8c00000, 0x00000007c8c00000, 0x00000007c8e00000|  0%| F|  |TAMS 0x00000007c8c00000, 0x00000007c8c00000| Untracked 
|1095|0x00000007c8e00000, 0x00000007c8e00000, 0x00000007c9000000|  0%| F|  |TAMS 0x00000007c8e00000, 0x00000007c8e00000| Untracked 
|1096|0x00000007c9000000, 0x00000007c9000000, 0x00000007c9200000|  0%| F|  |TAMS 0x00000007c9000000, 0x00000007c9000000| Untracked 
|1097|0x00000007c9200000, 0x00000007c9200000, 0x00000007c9400000|  0%| F|  |TAMS 0x00000007c9200000, 0x00000007c9200000| Untracked 
|1098|0x00000007c9400000, 0x00000007c9400000, 0x00000007c9600000|  0%| F|  |TAMS 0x00000007c9400000, 0x00000007c9400000| Untracked 
|1099|0x00000007c9600000, 0x00000007c9600000, 0x00000007c9800000|  0%| F|  |TAMS 0x00000007c9600000, 0x00000007c9600000| Untracked 
|1100|0x00000007c9800000, 0x00000007c9800000, 0x00000007c9a00000|  0%| F|  |TAMS 0x00000007c9800000, 0x00000007c9800000| Untracked 
|1101|0x00000007c9a00000, 0x00000007c9a00000, 0x00000007c9c00000|  0%| F|  |TAMS 0x00000007c9a00000, 0x00000007c9a00000| Untracked 
|1102|0x00000007c9c00000, 0x00000007c9c00000, 0x00000007c9e00000|  0%| F|  |TAMS 0x00000007c9c00000, 0x00000007c9c00000| Untracked 
|1103|0x00000007c9e00000, 0x00000007c9e00000, 0x00000007ca000000|  0%| F|  |TAMS 0x00000007c9e00000, 0x00000007c9e00000| Untracked 
|1104|0x00000007ca000000, 0x00000007ca000000, 0x00000007ca200000|  0%| F|  |TAMS 0x00000007ca000000, 0x00000007ca000000| Untracked 
|1105|0x00000007ca200000, 0x00000007ca200000, 0x00000007ca400000|  0%| F|  |TAMS 0x00000007ca200000, 0x00000007ca200000| Untracked 
|1106|0x00000007ca400000, 0x00000007ca400000, 0x00000007ca600000|  0%| F|  |TAMS 0x00000007ca400000, 0x00000007ca400000| Untracked 
|1107|0x00000007ca600000, 0x00000007ca600000, 0x00000007ca800000|  0%| F|  |TAMS 0x00000007ca600000, 0x00000007ca600000| Untracked 
|1108|0x00000007ca800000, 0x00000007ca800000, 0x00000007caa00000|  0%| F|  |TAMS 0x00000007ca800000, 0x00000007ca800000| Untracked 
|1109|0x00000007caa00000, 0x00000007caa00000, 0x00000007cac00000|  0%| F|  |TAMS 0x00000007caa00000, 0x00000007caa00000| Untracked 
|1110|0x00000007cac00000, 0x00000007cac00000, 0x00000007cae00000|  0%| F|  |TAMS 0x00000007cac00000, 0x00000007cac00000| Untracked 
|1111|0x00000007cae00000, 0x00000007cae00000, 0x00000007cb000000|  0%| F|  |TAMS 0x00000007cae00000, 0x00000007cae00000| Untracked 
|1112|0x00000007cb000000, 0x00000007cb000000, 0x00000007cb200000|  0%| F|  |TAMS 0x00000007cb000000, 0x00000007cb000000| Untracked 
|1113|0x00000007cb200000, 0x00000007cb200000, 0x00000007cb400000|  0%| F|  |TAMS 0x00000007cb200000, 0x00000007cb200000| Untracked 
|1114|0x00000007cb400000, 0x00000007cb400000, 0x00000007cb600000|  0%| F|  |TAMS 0x00000007cb400000, 0x00000007cb400000| Untracked 
|1115|0x00000007cb600000, 0x00000007cb600000, 0x00000007cb800000|  0%| F|  |TAMS 0x00000007cb600000, 0x00000007cb600000| Untracked 
|1116|0x00000007cb800000, 0x00000007cb800000, 0x00000007cba00000|  0%| F|  |TAMS 0x00000007cb800000, 0x00000007cb800000| Untracked 
|1117|0x00000007cba00000, 0x00000007cba00000, 0x00000007cbc00000|  0%| F|  |TAMS 0x00000007cba00000, 0x00000007cba00000| Untracked 
|1118|0x00000007cbc00000, 0x00000007cbc00000, 0x00000007cbe00000|  0%| F|  |TAMS 0x00000007cbc00000, 0x00000007cbc00000| Untracked 
|1119|0x00000007cbe00000, 0x00000007cbe00000, 0x00000007cc000000|  0%| F|  |TAMS 0x00000007cbe00000, 0x00000007cbe00000| Untracked 
|1120|0x00000007cc000000, 0x00000007cc164ea8, 0x00000007cc200000| 69%| E|  |TAMS 0x00000007cc000000, 0x00000007cc000000| Complete 
|1121|0x00000007cc200000, 0x00000007cc400000, 0x00000007cc400000|100%| E|CS|TAMS 0x00000007cc200000, 0x00000007cc200000| Complete 
|1122|0x00000007cc400000, 0x00000007cc600000, 0x00000007cc600000|100%| E|  |TAMS 0x00000007cc400000, 0x00000007cc400000| Complete 
|1123|0x00000007cc600000, 0x00000007cc800000, 0x00000007cc800000|100%| E|CS|TAMS 0x00000007cc600000, 0x00000007cc600000| Complete 
|1124|0x00000007cc800000, 0x00000007cca00000, 0x00000007cca00000|100%| E|CS|TAMS 0x00000007cc800000, 0x00000007cc800000| Complete 
|1125|0x00000007cca00000, 0x00000007ccc00000, 0x00000007ccc00000|100%| E|CS|TAMS 0x00000007cca00000, 0x00000007cca00000| Complete 
|1126|0x00000007ccc00000, 0x00000007cce00000, 0x00000007cce00000|100%| E|CS|TAMS 0x00000007ccc00000, 0x00000007ccc00000| Complete 
|1127|0x00000007cce00000, 0x00000007cd000000, 0x00000007cd000000|100%| E|CS|TAMS 0x00000007cce00000, 0x00000007cce00000| Complete 
|1128|0x00000007cd000000, 0x00000007cd200000, 0x00000007cd200000|100%| E|CS|TAMS 0x00000007cd000000, 0x00000007cd000000| Complete 
|1129|0x00000007cd200000, 0x00000007cd400000, 0x00000007cd400000|100%| E|CS|TAMS 0x00000007cd200000, 0x00000007cd200000| Complete 
|1130|0x00000007cd400000, 0x00000007cd600000, 0x00000007cd600000|100%| E|CS|TAMS 0x00000007cd400000, 0x00000007cd400000| Complete 
|1131|0x00000007cd600000, 0x00000007cd800000, 0x00000007cd800000|100%| E|CS|TAMS 0x00000007cd600000, 0x00000007cd600000| Complete 
|1132|0x00000007cd800000, 0x00000007cda00000, 0x00000007cda00000|100%| E|CS|TAMS 0x00000007cd800000, 0x00000007cd800000| Complete 
|1133|0x00000007cda00000, 0x00000007cdc00000, 0x00000007cdc00000|100%| E|CS|TAMS 0x00000007cda00000, 0x00000007cda00000| Complete 
|1134|0x00000007cdc00000, 0x00000007cde00000, 0x00000007cde00000|100%| E|CS|TAMS 0x00000007cdc00000, 0x00000007cdc00000| Complete 
|1135|0x00000007cde00000, 0x00000007ce000000, 0x00000007ce000000|100%| E|CS|TAMS 0x00000007cde00000, 0x00000007cde00000| Complete 
|1136|0x00000007ce000000, 0x00000007ce200000, 0x00000007ce200000|100%| E|CS|TAMS 0x00000007ce000000, 0x00000007ce000000| Complete 
|1137|0x00000007ce200000, 0x00000007ce400000, 0x00000007ce400000|100%| E|CS|TAMS 0x00000007ce200000, 0x00000007ce200000| Complete 
|1138|0x00000007ce400000, 0x00000007ce600000, 0x00000007ce600000|100%| E|CS|TAMS 0x00000007ce400000, 0x00000007ce400000| Complete 
|1139|0x00000007ce600000, 0x00000007ce800000, 0x00000007ce800000|100%| E|CS|TAMS 0x00000007ce600000, 0x00000007ce600000| Complete 
|1140|0x00000007ce800000, 0x00000007cea00000, 0x00000007cea00000|100%| E|CS|TAMS 0x00000007ce800000, 0x00000007ce800000| Complete 
|1141|0x00000007cea00000, 0x00000007cec00000, 0x00000007cec00000|100%| E|CS|TAMS 0x00000007cea00000, 0x00000007cea00000| Complete 
|1142|0x00000007cec00000, 0x00000007cee00000, 0x00000007cee00000|100%| E|CS|TAMS 0x00000007cec00000, 0x00000007cec00000| Complete 
|1143|0x00000007cee00000, 0x00000007cf000000, 0x00000007cf000000|100%| E|CS|TAMS 0x00000007cee00000, 0x00000007cee00000| Complete 
|1144|0x00000007cf000000, 0x00000007cf200000, 0x00000007cf200000|100%| E|CS|TAMS 0x00000007cf000000, 0x00000007cf000000| Complete 
|1145|0x00000007cf200000, 0x00000007cf400000, 0x00000007cf400000|100%| E|CS|TAMS 0x00000007cf200000, 0x00000007cf200000| Complete 
|1146|0x00000007cf400000, 0x00000007cf600000, 0x00000007cf600000|100%| E|CS|TAMS 0x00000007cf400000, 0x00000007cf400000| Complete 
|1147|0x00000007cf600000, 0x00000007cf800000, 0x00000007cf800000|100%| E|CS|TAMS 0x00000007cf600000, 0x00000007cf600000| Complete 
|1148|0x00000007cf800000, 0x00000007cfa00000, 0x00000007cfa00000|100%| E|CS|TAMS 0x00000007cf800000, 0x00000007cf800000| Complete 
|1149|0x00000007cfa00000, 0x00000007cfc00000, 0x00000007cfc00000|100%| E|CS|TAMS 0x00000007cfa00000, 0x00000007cfa00000| Complete 
|1150|0x00000007cfc00000, 0x00000007cfe00000, 0x00000007cfe00000|100%| E|CS|TAMS 0x00000007cfc00000, 0x00000007cfc00000| Complete 
|1151|0x00000007cfe00000, 0x00000007d0000000, 0x00000007d0000000|100%| E|CS|TAMS 0x00000007cfe00000, 0x00000007cfe00000| Complete 
|1152|0x00000007d0000000, 0x00000007d0200000, 0x00000007d0200000|100%| E|CS|TAMS 0x00000007d0000000, 0x00000007d0000000| Complete 
|1153|0x00000007d0200000, 0x00000007d0400000, 0x00000007d0400000|100%| E|CS|TAMS 0x00000007d0200000, 0x00000007d0200000| Complete 
|1154|0x00000007d0400000, 0x00000007d0600000, 0x00000007d0600000|100%| E|CS|TAMS 0x00000007d0400000, 0x00000007d0400000| Complete 
|1155|0x00000007d0600000, 0x00000007d0800000, 0x00000007d0800000|100%| E|CS|TAMS 0x00000007d0600000, 0x00000007d0600000| Complete 
|1156|0x00000007d0800000, 0x00000007d0a00000, 0x00000007d0a00000|100%| E|CS|TAMS 0x00000007d0800000, 0x00000007d0800000| Complete 
|1157|0x00000007d0a00000, 0x00000007d0c00000, 0x00000007d0c00000|100%| E|CS|TAMS 0x00000007d0a00000, 0x00000007d0a00000| Complete 
|1158|0x00000007d0c00000, 0x00000007d0e00000, 0x00000007d0e00000|100%| E|CS|TAMS 0x00000007d0c00000, 0x00000007d0c00000| Complete 
|1159|0x00000007d0e00000, 0x00000007d1000000, 0x00000007d1000000|100%| E|CS|TAMS 0x00000007d0e00000, 0x00000007d0e00000| Complete 
|1160|0x00000007d1000000, 0x00000007d1200000, 0x00000007d1200000|100%| E|CS|TAMS 0x00000007d1000000, 0x00000007d1000000| Complete 
|1161|0x00000007d1200000, 0x00000007d1400000, 0x00000007d1400000|100%| E|CS|TAMS 0x00000007d1200000, 0x00000007d1200000| Complete 
|1162|0x00000007d1400000, 0x00000007d1600000, 0x00000007d1600000|100%| E|CS|TAMS 0x00000007d1400000, 0x00000007d1400000| Complete 
|1163|0x00000007d1600000, 0x00000007d1800000, 0x00000007d1800000|100%| E|CS|TAMS 0x00000007d1600000, 0x00000007d1600000| Complete 
|1164|0x00000007d1800000, 0x00000007d1a00000, 0x00000007d1a00000|100%| E|CS|TAMS 0x00000007d1800000, 0x00000007d1800000| Complete 
|1165|0x00000007d1a00000, 0x00000007d1c00000, 0x00000007d1c00000|100%| E|CS|TAMS 0x00000007d1a00000, 0x00000007d1a00000| Complete 
|1166|0x00000007d1c00000, 0x00000007d1e00000, 0x00000007d1e00000|100%| E|CS|TAMS 0x00000007d1c00000, 0x00000007d1c00000| Complete 
|1167|0x00000007d1e00000, 0x00000007d2000000, 0x00000007d2000000|100%| E|CS|TAMS 0x00000007d1e00000, 0x00000007d1e00000| Complete 
|1168|0x00000007d2000000, 0x00000007d2200000, 0x00000007d2200000|100%| E|CS|TAMS 0x00000007d2000000, 0x00000007d2000000| Complete 
|1169|0x00000007d2200000, 0x00000007d2400000, 0x00000007d2400000|100%| E|CS|TAMS 0x00000007d2200000, 0x00000007d2200000| Complete 
|1170|0x00000007d2400000, 0x00000007d2600000, 0x00000007d2600000|100%| E|CS|TAMS 0x00000007d2400000, 0x00000007d2400000| Complete 
|1171|0x00000007d2600000, 0x00000007d2800000, 0x00000007d2800000|100%| E|CS|TAMS 0x00000007d2600000, 0x00000007d2600000| Complete 
|1172|0x00000007d2800000, 0x00000007d2a00000, 0x00000007d2a00000|100%| E|CS|TAMS 0x00000007d2800000, 0x00000007d2800000| Complete 
|1173|0x00000007d2a00000, 0x00000007d2c00000, 0x00000007d2c00000|100%| E|CS|TAMS 0x00000007d2a00000, 0x00000007d2a00000| Complete 
|1174|0x00000007d2c00000, 0x00000007d2e00000, 0x00000007d2e00000|100%| E|CS|TAMS 0x00000007d2c00000, 0x00000007d2c00000| Complete 
|1175|0x00000007d2e00000, 0x00000007d3000000, 0x00000007d3000000|100%| E|CS|TAMS 0x00000007d2e00000, 0x00000007d2e00000| Complete 
|1176|0x00000007d3000000, 0x00000007d3200000, 0x00000007d3200000|100%| E|CS|TAMS 0x00000007d3000000, 0x00000007d3000000| Complete 
|1177|0x00000007d3200000, 0x00000007d3400000, 0x00000007d3400000|100%| E|CS|TAMS 0x00000007d3200000, 0x00000007d3200000| Complete 
|1178|0x00000007d3400000, 0x00000007d3600000, 0x00000007d3600000|100%| E|CS|TAMS 0x00000007d3400000, 0x00000007d3400000| Complete 
|1179|0x00000007d3600000, 0x00000007d3800000, 0x00000007d3800000|100%| E|CS|TAMS 0x00000007d3600000, 0x00000007d3600000| Complete 
|1180|0x00000007d3800000, 0x00000007d3a00000, 0x00000007d3a00000|100%| E|CS|TAMS 0x00000007d3800000, 0x00000007d3800000| Complete 
|1181|0x00000007d3a00000, 0x00000007d3c00000, 0x00000007d3c00000|100%| E|CS|TAMS 0x00000007d3a00000, 0x00000007d3a00000| Complete 
|1182|0x00000007d3c00000, 0x00000007d3e00000, 0x00000007d3e00000|100%| E|CS|TAMS 0x00000007d3c00000, 0x00000007d3c00000| Complete 
|1183|0x00000007d3e00000, 0x00000007d4000000, 0x00000007d4000000|100%| E|CS|TAMS 0x00000007d3e00000, 0x00000007d3e00000| Complete 
|1184|0x00000007d4000000, 0x00000007d4200000, 0x00000007d4200000|100%| E|CS|TAMS 0x00000007d4000000, 0x00000007d4000000| Complete 
|1185|0x00000007d4200000, 0x00000007d4400000, 0x00000007d4400000|100%| E|CS|TAMS 0x00000007d4200000, 0x00000007d4200000| Complete 
|1186|0x00000007d4400000, 0x00000007d4600000, 0x00000007d4600000|100%| E|CS|TAMS 0x00000007d4400000, 0x00000007d4400000| Complete 
|1187|0x00000007d4600000, 0x00000007d4800000, 0x00000007d4800000|100%| E|CS|TAMS 0x00000007d4600000, 0x00000007d4600000| Complete 
|1188|0x00000007d4800000, 0x00000007d4a00000, 0x00000007d4a00000|100%| E|CS|TAMS 0x00000007d4800000, 0x00000007d4800000| Complete 
|1189|0x00000007d4a00000, 0x00000007d4c00000, 0x00000007d4c00000|100%| E|CS|TAMS 0x00000007d4a00000, 0x00000007d4a00000| Complete 
|1190|0x00000007d4c00000, 0x00000007d4e00000, 0x00000007d4e00000|100%| E|CS|TAMS 0x00000007d4c00000, 0x00000007d4c00000| Complete 
|1191|0x00000007d4e00000, 0x00000007d5000000, 0x00000007d5000000|100%| E|CS|TAMS 0x00000007d4e00000, 0x00000007d4e00000| Complete 
|1192|0x00000007d5000000, 0x00000007d5200000, 0x00000007d5200000|100%| E|CS|TAMS 0x00000007d5000000, 0x00000007d5000000| Complete 
|1193|0x00000007d5200000, 0x00000007d5400000, 0x00000007d5400000|100%| E|CS|TAMS 0x00000007d5200000, 0x00000007d5200000| Complete 
|1194|0x00000007d5400000, 0x00000007d5600000, 0x00000007d5600000|100%| E|CS|TAMS 0x00000007d5400000, 0x00000007d5400000| Complete 
|1195|0x00000007d5600000, 0x00000007d5800000, 0x00000007d5800000|100%| E|CS|TAMS 0x00000007d5600000, 0x00000007d5600000| Complete 
|1196|0x00000007d5800000, 0x00000007d5a00000, 0x00000007d5a00000|100%| E|CS|TAMS 0x00000007d5800000, 0x00000007d5800000| Complete 
|1197|0x00000007d5a00000, 0x00000007d5c00000, 0x00000007d5c00000|100%| E|CS|TAMS 0x00000007d5a00000, 0x00000007d5a00000| Complete 
|1198|0x00000007d5c00000, 0x00000007d5e00000, 0x00000007d5e00000|100%| E|CS|TAMS 0x00000007d5c00000, 0x00000007d5c00000| Complete 
|1199|0x00000007d5e00000, 0x00000007d6000000, 0x00000007d6000000|100%| E|CS|TAMS 0x00000007d5e00000, 0x00000007d5e00000| Complete 
|1200|0x00000007d6000000, 0x00000007d6200000, 0x00000007d6200000|100%| E|CS|TAMS 0x00000007d6000000, 0x00000007d6000000| Complete 
|1201|0x00000007d6200000, 0x00000007d6400000, 0x00000007d6400000|100%| E|CS|TAMS 0x00000007d6200000, 0x00000007d6200000| Complete 
|1202|0x00000007d6400000, 0x00000007d6600000, 0x00000007d6600000|100%| E|CS|TAMS 0x00000007d6400000, 0x00000007d6400000| Complete 
|1203|0x00000007d6600000, 0x00000007d6800000, 0x00000007d6800000|100%| E|CS|TAMS 0x00000007d6600000, 0x00000007d6600000| Complete 
|1204|0x00000007d6800000, 0x00000007d6a00000, 0x00000007d6a00000|100%| E|CS|TAMS 0x00000007d6800000, 0x00000007d6800000| Complete 
|1205|0x00000007d6a00000, 0x00000007d6c00000, 0x00000007d6c00000|100%| E|CS|TAMS 0x00000007d6a00000, 0x00000007d6a00000| Complete 
|1206|0x00000007d6c00000, 0x00000007d6e00000, 0x00000007d6e00000|100%| E|CS|TAMS 0x00000007d6c00000, 0x00000007d6c00000| Complete 
|1207|0x00000007d6e00000, 0x00000007d7000000, 0x00000007d7000000|100%| E|CS|TAMS 0x00000007d6e00000, 0x00000007d6e00000| Complete 
|1208|0x00000007d7000000, 0x00000007d7200000, 0x00000007d7200000|100%| E|CS|TAMS 0x00000007d7000000, 0x00000007d7000000| Complete 
|1209|0x00000007d7200000, 0x00000007d7400000, 0x00000007d7400000|100%| E|CS|TAMS 0x00000007d7200000, 0x00000007d7200000| Complete 
|1210|0x00000007d7400000, 0x00000007d7600000, 0x00000007d7600000|100%| E|CS|TAMS 0x00000007d7400000, 0x00000007d7400000| Complete 
|1211|0x00000007d7600000, 0x00000007d7800000, 0x00000007d7800000|100%| E|CS|TAMS 0x00000007d7600000, 0x00000007d7600000| Complete 
|1212|0x00000007d7800000, 0x00000007d7a00000, 0x00000007d7a00000|100%| E|CS|TAMS 0x00000007d7800000, 0x00000007d7800000| Complete 
|1213|0x00000007d7a00000, 0x00000007d7c00000, 0x00000007d7c00000|100%| E|CS|TAMS 0x00000007d7a00000, 0x00000007d7a00000| Complete 
|1214|0x00000007d7c00000, 0x00000007d7e00000, 0x00000007d7e00000|100%| E|CS|TAMS 0x00000007d7c00000, 0x00000007d7c00000| Complete 
|1215|0x00000007d7e00000, 0x00000007d8000000, 0x00000007d8000000|100%| E|CS|TAMS 0x00000007d7e00000, 0x00000007d7e00000| Complete 
|1216|0x00000007d8000000, 0x00000007d8200000, 0x00000007d8200000|100%| E|CS|TAMS 0x00000007d8000000, 0x00000007d8000000| Complete 
|1217|0x00000007d8200000, 0x00000007d8400000, 0x00000007d8400000|100%| E|CS|TAMS 0x00000007d8200000, 0x00000007d8200000| Complete 
|1218|0x00000007d8400000, 0x00000007d8600000, 0x00000007d8600000|100%| E|CS|TAMS 0x00000007d8400000, 0x00000007d8400000| Complete 
|1219|0x00000007d8600000, 0x00000007d8800000, 0x00000007d8800000|100%| E|CS|TAMS 0x00000007d8600000, 0x00000007d8600000| Complete 
|1220|0x00000007d8800000, 0x00000007d8a00000, 0x00000007d8a00000|100%| E|CS|TAMS 0x00000007d8800000, 0x00000007d8800000| Complete 
|1221|0x00000007d8a00000, 0x00000007d8c00000, 0x00000007d8c00000|100%| E|CS|TAMS 0x00000007d8a00000, 0x00000007d8a00000| Complete 
|1222|0x00000007d8c00000, 0x00000007d8e00000, 0x00000007d8e00000|100%| E|CS|TAMS 0x00000007d8c00000, 0x00000007d8c00000| Complete 
|1223|0x00000007d8e00000, 0x00000007d9000000, 0x00000007d9000000|100%| E|CS|TAMS 0x00000007d8e00000, 0x00000007d8e00000| Complete 
|1224|0x00000007d9000000, 0x00000007d9200000, 0x00000007d9200000|100%| E|CS|TAMS 0x00000007d9000000, 0x00000007d9000000| Complete 
|1225|0x00000007d9200000, 0x00000007d9400000, 0x00000007d9400000|100%| E|CS|TAMS 0x00000007d9200000, 0x00000007d9200000| Complete 
|1226|0x00000007d9400000, 0x00000007d9600000, 0x00000007d9600000|100%| E|CS|TAMS 0x00000007d9400000, 0x00000007d9400000| Complete 
|1227|0x00000007d9600000, 0x00000007d9800000, 0x00000007d9800000|100%| E|CS|TAMS 0x00000007d9600000, 0x00000007d9600000| Complete 
|1228|0x00000007d9800000, 0x00000007d9a00000, 0x00000007d9a00000|100%| E|CS|TAMS 0x00000007d9800000, 0x00000007d9800000| Complete 
|1229|0x00000007d9a00000, 0x00000007d9c00000, 0x00000007d9c00000|100%| E|CS|TAMS 0x00000007d9a00000, 0x00000007d9a00000| Complete 
|1230|0x00000007d9c00000, 0x00000007d9e00000, 0x00000007d9e00000|100%| E|CS|TAMS 0x00000007d9c00000, 0x00000007d9c00000| Complete 
|1231|0x00000007d9e00000, 0x00000007da000000, 0x00000007da000000|100%| E|CS|TAMS 0x00000007d9e00000, 0x00000007d9e00000| Complete 
|1232|0x00000007da000000, 0x00000007da200000, 0x00000007da200000|100%| E|CS|TAMS 0x00000007da000000, 0x00000007da000000| Complete 
|1233|0x00000007da200000, 0x00000007da400000, 0x00000007da400000|100%| E|CS|TAMS 0x00000007da200000, 0x00000007da200000| Complete 
|1234|0x00000007da400000, 0x00000007da600000, 0x00000007da600000|100%| E|CS|TAMS 0x00000007da400000, 0x00000007da400000| Complete 
|1235|0x00000007da600000, 0x00000007da800000, 0x00000007da800000|100%| E|CS|TAMS 0x00000007da600000, 0x00000007da600000| Complete 
|1236|0x00000007da800000, 0x00000007daa00000, 0x00000007daa00000|100%| E|CS|TAMS 0x00000007da800000, 0x00000007da800000| Complete 
|1237|0x00000007daa00000, 0x00000007dac00000, 0x00000007dac00000|100%| E|CS|TAMS 0x00000007daa00000, 0x00000007daa00000| Complete 
|1238|0x00000007dac00000, 0x00000007dae00000, 0x00000007dae00000|100%| E|CS|TAMS 0x00000007dac00000, 0x00000007dac00000| Complete 
|1239|0x00000007dae00000, 0x00000007db000000, 0x00000007db000000|100%| E|CS|TAMS 0x00000007dae00000, 0x00000007dae00000| Complete 
|1240|0x00000007db000000, 0x00000007db200000, 0x00000007db200000|100%| E|CS|TAMS 0x00000007db000000, 0x00000007db000000| Complete 
|1241|0x00000007db200000, 0x00000007db400000, 0x00000007db400000|100%| E|CS|TAMS 0x00000007db200000, 0x00000007db200000| Complete 
|1242|0x00000007db400000, 0x00000007db600000, 0x00000007db600000|100%| E|CS|TAMS 0x00000007db400000, 0x00000007db400000| Complete 
|1243|0x00000007db600000, 0x00000007db800000, 0x00000007db800000|100%| E|CS|TAMS 0x00000007db600000, 0x00000007db600000| Complete 
|1244|0x00000007db800000, 0x00000007dba00000, 0x00000007dba00000|100%| E|CS|TAMS 0x00000007db800000, 0x00000007db800000| Complete 
|1245|0x00000007dba00000, 0x00000007dbc00000, 0x00000007dbc00000|100%| E|CS|TAMS 0x00000007dba00000, 0x00000007dba00000| Complete 
|1246|0x00000007dbc00000, 0x00000007dbe00000, 0x00000007dbe00000|100%| E|CS|TAMS 0x00000007dbc00000, 0x00000007dbc00000| Complete 
|1247|0x00000007dbe00000, 0x00000007dc000000, 0x00000007dc000000|100%| E|CS|TAMS 0x00000007dbe00000, 0x00000007dbe00000| Complete 
|1248|0x00000007dc000000, 0x00000007dc200000, 0x00000007dc200000|100%| E|CS|TAMS 0x00000007dc000000, 0x00000007dc000000| Complete 
|1249|0x00000007dc200000, 0x00000007dc400000, 0x00000007dc400000|100%| E|CS|TAMS 0x00000007dc200000, 0x00000007dc200000| Complete 
|1250|0x00000007dc400000, 0x00000007dc600000, 0x00000007dc600000|100%| E|CS|TAMS 0x00000007dc400000, 0x00000007dc400000| Complete 
|1251|0x00000007dc600000, 0x00000007dc800000, 0x00000007dc800000|100%| E|CS|TAMS 0x00000007dc600000, 0x00000007dc600000| Complete 
|1252|0x00000007dc800000, 0x00000007dca00000, 0x00000007dca00000|100%| E|CS|TAMS 0x00000007dc800000, 0x00000007dc800000| Complete 
|1253|0x00000007dca00000, 0x00000007dcc00000, 0x00000007dcc00000|100%| E|CS|TAMS 0x00000007dca00000, 0x00000007dca00000| Complete 
|1254|0x00000007dcc00000, 0x00000007dce00000, 0x00000007dce00000|100%| E|CS|TAMS 0x00000007dcc00000, 0x00000007dcc00000| Complete 
|1255|0x00000007dce00000, 0x00000007dd000000, 0x00000007dd000000|100%| E|CS|TAMS 0x00000007dce00000, 0x00000007dce00000| Complete 
|1256|0x00000007dd000000, 0x00000007dd200000, 0x00000007dd200000|100%| E|CS|TAMS 0x00000007dd000000, 0x00000007dd000000| Complete 
|1257|0x00000007dd200000, 0x00000007dd400000, 0x00000007dd400000|100%| E|CS|TAMS 0x00000007dd200000, 0x00000007dd200000| Complete 
|1258|0x00000007dd400000, 0x00000007dd600000, 0x00000007dd600000|100%| E|CS|TAMS 0x00000007dd400000, 0x00000007dd400000| Complete 
|1259|0x00000007dd600000, 0x00000007dd800000, 0x00000007dd800000|100%| E|CS|TAMS 0x00000007dd600000, 0x00000007dd600000| Complete 
|1260|0x00000007dd800000, 0x00000007dda00000, 0x00000007dda00000|100%| E|CS|TAMS 0x00000007dd800000, 0x00000007dd800000| Complete 
|1261|0x00000007dda00000, 0x00000007ddc00000, 0x00000007ddc00000|100%| E|CS|TAMS 0x00000007dda00000, 0x00000007dda00000| Complete 
|1262|0x00000007ddc00000, 0x00000007dde00000, 0x00000007dde00000|100%| E|CS|TAMS 0x00000007ddc00000, 0x00000007ddc00000| Complete 
|1263|0x00000007dde00000, 0x00000007de000000, 0x00000007de000000|100%| E|CS|TAMS 0x00000007dde00000, 0x00000007dde00000| Complete 
|1264|0x00000007de000000, 0x00000007de200000, 0x00000007de200000|100%| E|CS|TAMS 0x00000007de000000, 0x00000007de000000| Complete 
|1265|0x00000007de200000, 0x00000007de400000, 0x00000007de400000|100%| E|CS|TAMS 0x00000007de200000, 0x00000007de200000| Complete 
|1266|0x00000007de400000, 0x00000007de600000, 0x00000007de600000|100%| E|CS|TAMS 0x00000007de400000, 0x00000007de400000| Complete 
|1267|0x00000007de600000, 0x00000007de800000, 0x00000007de800000|100%| E|CS|TAMS 0x00000007de600000, 0x00000007de600000| Complete 
|1268|0x00000007de800000, 0x00000007dea00000, 0x00000007dea00000|100%| E|CS|TAMS 0x00000007de800000, 0x00000007de800000| Complete 
|1269|0x00000007dea00000, 0x00000007dec00000, 0x00000007dec00000|100%| E|CS|TAMS 0x00000007dea00000, 0x00000007dea00000| Complete 
|1270|0x00000007dec00000, 0x00000007dee00000, 0x00000007dee00000|100%| E|CS|TAMS 0x00000007dec00000, 0x00000007dec00000| Complete 
|1271|0x00000007dee00000, 0x00000007df000000, 0x00000007df000000|100%| E|CS|TAMS 0x00000007dee00000, 0x00000007dee00000| Complete 
|1272|0x00000007df000000, 0x00000007df200000, 0x00000007df200000|100%| E|CS|TAMS 0x00000007df000000, 0x00000007df000000| Complete 
|1273|0x00000007df200000, 0x00000007df400000, 0x00000007df400000|100%| E|CS|TAMS 0x00000007df200000, 0x00000007df200000| Complete 
|1274|0x00000007df400000, 0x00000007df600000, 0x00000007df600000|100%| E|CS|TAMS 0x00000007df400000, 0x00000007df400000| Complete 
|1275|0x00000007df600000, 0x00000007df800000, 0x00000007df800000|100%| E|CS|TAMS 0x00000007df600000, 0x00000007df600000| Complete 
|1276|0x00000007df800000, 0x00000007dfa00000, 0x00000007dfa00000|100%| E|CS|TAMS 0x00000007df800000, 0x00000007df800000| Complete 
|1277|0x00000007dfa00000, 0x00000007dfc00000, 0x00000007dfc00000|100%| E|CS|TAMS 0x00000007dfa00000, 0x00000007dfa00000| Complete 
|1278|0x00000007dfc00000, 0x00000007dfe00000, 0x00000007dfe00000|100%| E|CS|TAMS 0x00000007dfc00000, 0x00000007dfc00000| Complete 
|1279|0x00000007dfe00000, 0x00000007e0000000, 0x00000007e0000000|100%| E|CS|TAMS 0x00000007dfe00000, 0x00000007dfe00000| Complete 
|1280|0x00000007e0000000, 0x00000007e0200000, 0x00000007e0200000|100%| E|CS|TAMS 0x00000007e0000000, 0x00000007e0000000| Complete 
|1281|0x00000007e0200000, 0x00000007e0400000, 0x00000007e0400000|100%| E|CS|TAMS 0x00000007e0200000, 0x00000007e0200000| Complete 
|1282|0x00000007e0400000, 0x00000007e0600000, 0x00000007e0600000|100%| E|CS|TAMS 0x00000007e0400000, 0x00000007e0400000| Complete 
|1283|0x00000007e0600000, 0x00000007e0800000, 0x00000007e0800000|100%| E|CS|TAMS 0x00000007e0600000, 0x00000007e0600000| Complete 
|1284|0x00000007e0800000, 0x00000007e0a00000, 0x00000007e0a00000|100%| E|CS|TAMS 0x00000007e0800000, 0x00000007e0800000| Complete 
|1535|0x00000007ffe00000, 0x0000000800000000, 0x0000000800000000|100%| O|  |TAMS 0x0000000800000000, 0x0000000800000000| Untracked 

Card table byte_map: [0x00000226e96a0000,0x00000226e9ca0000] _byte_map_base: 0x00000226e5ca0000

Marking Bits (Prev, Next): (CMBitMap*) 0x00000226d66da5f0, (CMBitMap*) 0x00000226d66da630
 Prev Bits: [0x00000226ea2a0000, 0x00000226ed2a0000)
 Next Bits: [0x00000226ed2a0000, 0x00000226f02a0000)

Polling page: 0x00000226d47e0000

Metaspace:

Usage:
  Non-class:    312.16 MB used.
      Class:     44.49 MB used.
       Both:    356.65 MB used.

Virtual space:
  Non-class space:      320.00 MB reserved,     313.94 MB ( 98%) committed,  5 nodes.
      Class space:        1.00 GB reserved,      46.19 MB (  5%) committed,  1 nodes.
             Both:        1.31 GB reserved,     360.12 MB ( 27%) committed. 

Chunk freelists:
   Non-Class:  5.16 MB
       Class:  1.68 MB
        Both:  6.84 MB

MaxMetaspaceSize: unlimited
CompressedClassSpaceSize: 1.00 GB
Initial GC threshold: 21.00 MB
Current GC threshold: 599.00 MB
CDS: off
MetaspaceReclaimPolicy: balanced
 - commit_granule_bytes: 65536.
 - commit_granule_words: 8192.
 - virtual_space_node_default_size: 8388608.
 - enlarge_chunks_in_place: 1.
 - new_chunks_are_fully_committed: 0.
 - uncommit_free_chunks: 1.
 - use_allocation_guard: 0.
 - handle_deallocations: 1.


Internal statistics:

num_allocs_failed_limit: 11.
num_arena_births: 8370.
num_arena_deaths: 1386.
num_vsnodes_births: 6.
num_vsnodes_deaths: 0.
num_space_committed: 5763.
num_space_uncommitted: 8.
num_chunks_returned_to_freelist: 1937.
num_chunks_taken_from_freelist: 25987.
num_chunk_merges: 702.
num_chunk_splits: 15927.
num_chunks_enlarged: 9357.
num_inconsistent_stats: 0.

CodeHeap 'non-profiled nmethods': size=120000Kb used=68221Kb max_used=68255Kb free=51779Kb
 bounds [0x00000226e1620000, 0x00000226e58d0000, 0x00000226e8b50000]
CodeHeap 'profiled nmethods': size=120000Kb used=119329Kb max_used=120000Kb free=670Kb
 bounds [0x00000226d9b50000, 0x00000226e1080000, 0x00000226e1080000]
CodeHeap 'non-nmethods': size=5760Kb used=2837Kb max_used=2944Kb free=2922Kb
 bounds [0x00000226e1080000, 0x00000226e1370000, 0x00000226e1620000]
 total_blobs=57673 nmethods=56250 adapters=1331
 compilation: enabled
              stopped_count=0, restarted_count=0
 full_count=0

Compilation events (20 events):
Event: 3374.179 Thread 0x0000022696f3eb00 nmethod 69949 0x00000226e4e85210 code [0x00000226e4e85380, 0x00000226e4e85418]
Event: 3374.179 Thread 0x0000022696f3eb00 73717       4       com.android.tools.r8.internal.ow2::k (11 bytes)
Event: 3374.179 Thread 0x0000022696f3eb00 nmethod 73717 0x00000226e4e84f10 code [0x00000226e4e85080, 0x00000226e4e85118]
Event: 3374.179 Thread 0x0000022696f3eb00 71216       4       com.android.tools.r8.internal.ot::a (18 bytes)
Event: 3374.179 Thread 0x00000226855f0a80 nmethod 70442 0x00000226e4e84b10 code [0x00000226e4e84ca0, 0x00000226e4e84db8]
Event: 3374.179 Thread 0x00000226855f0a80 72468       4       com.android.tools.r8.internal.c41::q (9 bytes)
Event: 3374.182 Thread 0x0000022696f3eb00 nmethod 71216 0x00000226e4e84610 code [0x00000226e4e847a0, 0x00000226e4e849b8]
Event: 3374.182 Thread 0x0000022696f3eb00 70124       4       com.android.tools.r8.internal.j81::get (9 bytes)
Event: 3374.183 Thread 0x0000022696f3eb00 nmethod 70124 0x00000226e4e84310 code [0x00000226e4e84480, 0x00000226e4e84518]
Event: 3374.183 Thread 0x0000022696f3eb00 71574       4       com.android.tools.r8.graph.e2::b (22 bytes)
Event: 3374.189 Thread 0x0000022696f3eb00 nmethod 71574 0x00000226e4e83810 code [0x00000226e4e839e0, 0x00000226e4e83e58]
Event: 3374.189 Thread 0x0000022696f3eb00 74171       4       com.android.tools.r8.graph.j6::a (32 bytes)
Event: 3374.193 Thread 0x0000022696f3eb00 nmethod 74171 0x00000226e5723210 code [0x00000226e57233c0, 0x00000226e5723698]
Event: 3374.193 Thread 0x0000022696f3eb00 70117       4       com.android.tools.r8.internal.b2::b (10 bytes)
Event: 3374.194 Thread 0x0000022696f3eb00 nmethod 70117 0x00000226e5722f10 code [0x00000226e5723080, 0x00000226e5723118]
Event: 3374.194 Thread 0x0000022696f3eb00 73763       4       com.android.tools.r8.internal.mo2::getKey (13 bytes)
Event: 3374.195 Thread 0x0000022696f3eb00 nmethod 73763 0x00000226e5722c10 code [0x00000226e5722d80, 0x00000226e5722e58]
Event: 3374.195 Thread 0x0000022696f3eb00 75486       4       java.util.TreeMap::remove (24 bytes)
Event: 3374.209 Thread 0x00000226855f0a80 nmethod 72468 0x00000226e5721790 code [0x00000226e5721940, 0x00000226e5722658]
Event: 3374.209 Thread 0x00000226855f0a80 75487   !   4       com.android.tools.r8.internal.b30::a (948 bytes)

GC Heap History (20 events):
Event: 3362.940 GC heap before
{Heap before GC invocations=189 (full 0):
 garbage-first heap   total 2633728K, used 2248976K [0x0000000740000000, 0x0000000800000000)
  region size 2048K, 724 young (1482752K), 39 survivors (79872K)
 Metaspace       used 364455K, committed 368000K, reserved 1376256K
  class space    used 45459K, committed 47168K, reserved 1048576K
}
Event: 3362.972 GC heap after
{Heap after GC invocations=190 (full 0):
 garbage-first heap   total 2633728K, used 854288K [0x0000000740000000, 0x0000000800000000)
  region size 2048K, 42 young (86016K), 42 survivors (86016K)
 Metaspace       used 364455K, committed 368000K, reserved 1376256K
  class space    used 45459K, committed 47168K, reserved 1048576K
}
Event: 3363.008 GC heap before
{Heap before GC invocations=190 (full 0):
 garbage-first heap   total 2633728K, used 897296K [0x0000000740000000, 0x0000000800000000)
  region size 2048K, 64 young (131072K), 42 survivors (86016K)
 Metaspace       used 364456K, committed 368000K, reserved 1376256K
  class space    used 45459K, committed 47168K, reserved 1048576K
}
Event: 3363.056 GC heap after
{Heap after GC invocations=191 (full 0):
 garbage-first heap   total 2633728K, used 811437K [0x0000000740000000, 0x0000000800000000)
  region size 2048K, 5 young (10240K), 5 survivors (10240K)
 Metaspace       used 364456K, committed 368000K, reserved 1376256K
  class space    used 45459K, committed 47168K, reserved 1048576K
}
Event: 3364.235 GC heap before
{Heap before GC invocations=191 (full 0):
 garbage-first heap   total 2633728K, used 2263469K [0x0000000740000000, 0x0000000800000000)
  region size 2048K, 716 young (1466368K), 5 survivors (10240K)
 Metaspace       used 364466K, committed 368000K, reserved 1376256K
  class space    used 45459K, committed 47168K, reserved 1048576K
}
Event: 3364.253 GC heap after
{Heap after GC invocations=192 (full 0):
 garbage-first heap   total 2633728K, used 822892K [0x0000000740000000, 0x0000000800000000)
  region size 2048K, 11 young (22528K), 11 survivors (22528K)
 Metaspace       used 364466K, committed 368000K, reserved 1376256K
  class space    used 45459K, committed 47168K, reserved 1048576K
}
Event: 3365.268 GC heap before
{Heap before GC invocations=192 (full 0):
 garbage-first heap   total 2633728K, used 2266732K [0x0000000740000000, 0x0000000800000000)
  region size 2048K, 717 young (1468416K), 11 survivors (22528K)
 Metaspace       used 364476K, committed 368000K, reserved 1376256K
  class space    used 45461K, committed 47168K, reserved 1048576K
}
Event: 3365.309 GC heap after
{Heap after GC invocations=193 (full 0):
 garbage-first heap   total 2633728K, used 865090K [0x0000000740000000, 0x0000000800000000)
  region size 2048K, 32 young (65536K), 32 survivors (65536K)
 Metaspace       used 364476K, committed 368000K, reserved 1376256K
  class space    used 45461K, committed 47168K, reserved 1048576K
}
Event: 3366.274 GC heap before
{Heap before GC invocations=193 (full 0):
 garbage-first heap   total 2633728K, used 2040642K [0x0000000740000000, 0x0000000800000000)
  region size 2048K, 608 young (1245184K), 32 survivors (65536K)
 Metaspace       used 364484K, committed 368000K, reserved 1376256K
  class space    used 45461K, committed 47168K, reserved 1048576K
}
Event: 3366.305 GC heap after
{Heap after GC invocations=194 (full 0):
 garbage-first heap   total 2633728K, used 866690K [0x0000000740000000, 0x0000000800000000)
  region size 2048K, 32 young (65536K), 32 survivors (65536K)
 Metaspace       used 364484K, committed 368000K, reserved 1376256K
  class space    used 45461K, committed 47168K, reserved 1048576K
}
Event: 3368.411 GC heap before
{Heap before GC invocations=195 (full 0):
 garbage-first heap   total 2633728K, used 2271618K [0x0000000740000000, 0x0000000800000000)
  region size 2048K, 716 young (1466368K), 32 survivors (65536K)
 Metaspace       used 364873K, committed 368384K, reserved 1376256K
  class space    used 45512K, committed 47232K, reserved 1048576K
}
Event: 3368.438 GC heap after
{Heap after GC invocations=196 (full 0):
 garbage-first heap   total 2633728K, used 866733K [0x0000000740000000, 0x0000000800000000)
  region size 2048K, 32 young (65536K), 32 survivors (65536K)
 Metaspace       used 364873K, committed 368384K, reserved 1376256K
  class space    used 45512K, committed 47232K, reserved 1048576K
}
Event: 3368.517 GC heap before
{Heap before GC invocations=196 (full 0):
 garbage-first heap   total 2633728K, used 932269K [0x0000000740000000, 0x0000000800000000)
  region size 2048K, 64 young (131072K), 32 survivors (65536K)
 Metaspace       used 364873K, committed 368384K, reserved 1376256K
  class space    used 45512K, committed 47232K, reserved 1048576K
}
Event: 3368.570 GC heap after
{Heap after GC invocations=197 (full 0):
 garbage-first heap   total 2633728K, used 801057K [0x0000000740000000, 0x0000000800000000)
  region size 2048K, 5 young (10240K), 5 survivors (10240K)
 Metaspace       used 364873K, committed 368384K, reserved 1376256K
  class space    used 45512K, committed 47232K, reserved 1048576K
}
Event: 3370.535 GC heap before
{Heap before GC invocations=197 (full 0):
 garbage-first heap   total 2633728K, used 2283809K [0x0000000740000000, 0x0000000800000000)
  region size 2048K, 729 young (1492992K), 5 survivors (10240K)
 Metaspace       used 365164K, committed 368640K, reserved 1376256K
  class space    used 45557K, committed 47232K, reserved 1048576K
}
Event: 3370.549 GC heap after
{Heap after GC invocations=198 (full 0):
 garbage-first heap   total 2633728K, used 811132K [0x0000000740000000, 0x0000000800000000)
  region size 2048K, 10 young (20480K), 10 survivors (20480K)
 Metaspace       used 365164K, committed 368640K, reserved 1376256K
  class space    used 45557K, committed 47232K, reserved 1048576K
}
Event: 3372.767 GC heap before
{Heap before GC invocations=198 (full 0):
 garbage-first heap   total 2633728K, used 2289788K [0x0000000740000000, 0x0000000800000000)
  region size 2048K, 733 young (1501184K), 10 survivors (20480K)
 Metaspace       used 365201K, committed 368768K, reserved 1376256K
  class space    used 45560K, committed 47296K, reserved 1048576K
}
Event: 3372.785 GC heap after
{Heap after GC invocations=199 (full 0):
 garbage-first heap   total 2633728K, used 812769K [0x0000000740000000, 0x0000000800000000)
  region size 2048K, 11 young (22528K), 11 survivors (22528K)
 Metaspace       used 365201K, committed 368768K, reserved 1376256K
  class space    used 45560K, committed 47296K, reserved 1048576K
}
Event: 3373.783 GC heap before
{Heap before GC invocations=199 (full 0):
 garbage-first heap   total 2633728K, used 1666785K [0x0000000740000000, 0x0000000800000000)
  region size 2048K, 429 young (878592K), 11 survivors (22528K)
 Metaspace       used 365204K, committed 368768K, reserved 1376256K
  class space    used 45560K, committed 47296K, reserved 1048576K
}
Event: 3373.804 GC heap after
{Heap after GC invocations=200 (full 0):
 garbage-first heap   total 2633728K, used 820931K [0x0000000740000000, 0x0000000800000000)
  region size 2048K, 15 young (30720K), 15 survivors (30720K)
 Metaspace       used 365204K, committed 368768K, reserved 1376256K
  class space    used 45560K, committed 47296K, reserved 1048576K
}

Dll operation events (3 events):
Event: 0.035 Loaded shared library D:\Android Studio\jbr\bin\java.dll
Event: 0.129 Loaded shared library D:\Android Studio\jbr\bin\zip.dll
Event: 0.763 Loaded shared library D:\Android Studio\jbr\bin\verify.dll

Deoptimization events (20 events):
Event: 3373.977 Thread 0x00000226804e2e00 Uncommon trap: trap_request=0xffffff6e fr.pc=0x00000226e5743ae8 relative=0x0000000000001d28
Event: 3373.977 Thread 0x00000226804e2e00 Uncommon trap: reason=loop_limit_check action=maybe_recompile pc=0x00000226e5743ae8 method=com.android.tools.r8.internal.mn.b(Lcom/android/tools/r8/internal/x31;)V @ 312 c2
Event: 3373.977 Thread 0x00000226804e2e00 DEOPT PACKING pc=0x00000226e5743ae8 sp=0x00000070587f9d00
Event: 3373.977 Thread 0x00000226804e2e00 DEOPT UNPACKING pc=0x00000226e10d69a3 sp=0x00000070587f9cc8 mode 2
Event: 3374.027 Thread 0x000002268db7b180 Uncommon trap: trap_request=0xffffff45 fr.pc=0x00000226e4ba3a2c relative=0x000000000000018c
Event: 3374.027 Thread 0x000002268db7b180 Uncommon trap: reason=unstable_if action=reinterpret pc=0x00000226e4ba3a2c method=com.android.tools.r8.dex.y.c(I)V @ 11 c2
Event: 3374.027 Thread 0x000002268db7b180 DEOPT PACKING pc=0x00000226e4ba3a2c sp=0x0000007057cfa130
Event: 3374.027 Thread 0x000002268db7b180 DEOPT UNPACKING pc=0x00000226e10d69a3 sp=0x0000007057cf9fd8 mode 2
Event: 3374.041 Thread 0x00000226fa817160 DEOPT PACKING pc=0x00000226e5769e42 sp=0x00000070573f9ef0
Event: 3374.041 Thread 0x00000226fa817160 DEOPT UNPACKING pc=0x00000226e10d7143 sp=0x00000070573f97a0 mode 0
Event: 3374.081 Thread 0x00000226fd262b70 DEOPT PACKING pc=0x00000226e0a844ca sp=0x0000007056bfaef0
Event: 3374.081 Thread 0x00000226fd262b70 DEOPT UNPACKING pc=0x00000226e10d7143 sp=0x0000007056bfa390 mode 0
Event: 3374.128 Thread 0x000002268db7b180 DEOPT PACKING pc=0x00000226e0b83d66 sp=0x0000007057cfa5b0
Event: 3374.128 Thread 0x000002268db7b180 DEOPT UNPACKING pc=0x00000226e10d7143 sp=0x0000007057cf9a68 mode 0
Event: 3374.162 Thread 0x00000226fd262b70 DEOPT PACKING pc=0x00000226da288b03 sp=0x0000007056bfb4c0
Event: 3374.162 Thread 0x00000226fd262b70 DEOPT UNPACKING pc=0x00000226e10d7143 sp=0x0000007056bfa958 mode 0
Event: 3374.164 Thread 0x000002268db7b180 Uncommon trap: trap_request=0xffffffde fr.pc=0x00000226e4555c74 relative=0x00000000000004d4
Event: 3374.164 Thread 0x000002268db7b180 Uncommon trap: reason=class_check action=maybe_recompile pc=0x00000226e4555c74 method=com.google.common.base.Joiner.toString(Ljava/lang/Object;)Ljava/lang/CharSequence; @ 6 c2
Event: 3374.164 Thread 0x000002268db7b180 DEOPT PACKING pc=0x00000226e4555c74 sp=0x0000007057cfac40
Event: 3374.164 Thread 0x000002268db7b180 DEOPT UNPACKING pc=0x00000226e10d69a3 sp=0x0000007057cfab88 mode 2

Classes unloaded (20 events):
Event: 3321.847 Thread 0x00000226f2f4ec60 Unloading class 0x0000000802b78400 'jdk/internal/reflect/GeneratedSerializationConstructorAccessor990'
Event: 3321.847 Thread 0x00000226f2f4ec60 Unloading class 0x0000000802b4c400 'java/lang/invoke/LambdaForm$DMH+0x0000000802b4c400'
Event: 3321.847 Thread 0x00000226f2f4ec60 Unloading class 0x0000000802b39000 'java/lang/invoke/LambdaForm$MH+0x0000000802b39000'
Event: 3321.847 Thread 0x00000226f2f4ec60 Unloading class 0x0000000802b38800 'java/lang/invoke/LambdaForm$MH+0x0000000802b38800'
Event: 3321.847 Thread 0x00000226f2f4ec60 Unloading class 0x0000000802b38000 'java/lang/invoke/LambdaForm$MH+0x0000000802b38000'
Event: 3321.847 Thread 0x00000226f2f4ec60 Unloading class 0x0000000802b33800 'java/lang/invoke/LambdaForm$MH+0x0000000802b33800'
Event: 3321.847 Thread 0x00000226f2f4ec60 Unloading class 0x0000000802b33000 'java/lang/invoke/LambdaForm$MH+0x0000000802b33000'
Event: 3321.847 Thread 0x00000226f2f4ec60 Unloading class 0x0000000802b32800 'java/lang/invoke/LambdaForm$MH+0x0000000802b32800'
Event: 3321.847 Thread 0x00000226f2f4ec60 Unloading class 0x0000000802b32400 'java/lang/invoke/LambdaForm$MH+0x0000000802b32400'
Event: 3321.847 Thread 0x00000226f2f4ec60 Unloading class 0x0000000802b31800 'java/lang/invoke/LambdaForm$MH+0x0000000802b31800'
Event: 3321.847 Thread 0x00000226f2f4ec60 Unloading class 0x0000000802b31400 'java/lang/invoke/LambdaForm$MH+0x0000000802b31400'
Event: 3321.847 Thread 0x00000226f2f4ec60 Unloading class 0x0000000802b30c00 'java/lang/invoke/LambdaForm$MH+0x0000000802b30c00'
Event: 3321.847 Thread 0x00000226f2f4ec60 Unloading class 0x0000000802b30800 'java/lang/invoke/LambdaForm$MH+0x0000000802b30800'
Event: 3321.847 Thread 0x00000226f2f4ec60 Unloading class 0x0000000802b30400 'java/lang/invoke/LambdaForm$MH+0x0000000802b30400'
Event: 3333.297 Thread 0x00000226f2f4ec60 Unloading class 0x0000000802d4cc00 'java/lang/invoke/LambdaForm$DMH+0x0000000802d4cc00'
Event: 3333.297 Thread 0x00000226f2f4ec60 Unloading class 0x0000000802bfc800 'java/lang/invoke/LambdaForm$DMH+0x0000000802bfc800'
Event: 3333.297 Thread 0x00000226f2f4ec60 Unloading class 0x0000000802bfc400 'java/lang/invoke/LambdaForm$DMH+0x0000000802bfc400'
Event: 3333.297 Thread 0x00000226f2f4ec60 Unloading class 0x0000000802bc8c00 'java/lang/invoke/LambdaForm$DMH+0x0000000802bc8c00'
Event: 3333.297 Thread 0x00000226f2f4ec60 Unloading class 0x0000000802bc8800 'java/lang/invoke/LambdaForm$DMH+0x0000000802bc8800'
Event: 3333.297 Thread 0x00000226f2f4ec60 Unloading class 0x0000000802bc8000 'java/lang/invoke/LambdaForm$DMH+0x0000000802bc8000'

Classes redefined (0 events):
No events

Internal exceptions (20 events):
Event: 3370.781 Thread 0x0000022696161910 Exception <a 'sun/nio/fs/WindowsException'{0x00000007d7369868}> (0x00000007d7369868) 
thrown [s\src\hotspot\share\prims\jni.cpp, line 531]
Event: 3370.783 Thread 0x0000022696161910 Exception <a 'sun/nio/fs/WindowsException'{0x00000007d73761a8}> (0x00000007d73761a8) 
thrown [s\src\hotspot\share\prims\jni.cpp, line 531]
Event: 3370.786 Thread 0x0000022696161910 Exception <a 'sun/nio/fs/WindowsException'{0x00000007d7393790}> (0x00000007d7393790) 
thrown [s\src\hotspot\share\prims\jni.cpp, line 531]
Event: 3370.789 Thread 0x0000022696161910 Exception <a 'sun/nio/fs/WindowsException'{0x00000007d6b4ec00}> (0x00000007d6b4ec00) 
thrown [s\src\hotspot\share\prims\jni.cpp, line 531]
Event: 3370.827 Thread 0x0000022696161910 Exception <a 'sun/nio/fs/WindowsException'{0x00000007d6b9ed20}> (0x00000007d6b9ed20) 
thrown [s\src\hotspot\share\prims\jni.cpp, line 531]
Event: 3370.829 Thread 0x0000022696161910 Exception <a 'sun/nio/fs/WindowsException'{0x00000007d6ba52a8}> (0x00000007d6ba52a8) 
thrown [s\src\hotspot\share\prims\jni.cpp, line 531]
Event: 3371.160 Thread 0x000002269ce3df80 Exception <a 'sun/nio/fs/WindowsException'{0x00000007c7202dd8}> (0x00000007c7202dd8) 
thrown [s\src\hotspot\share\prims\jni.cpp, line 531]
Event: 3371.167 Thread 0x000002269ce3df80 Exception <a 'sun/nio/fs/WindowsException'{0x00000007c720d1f8}> (0x00000007c720d1f8) 
thrown [s\src\hotspot\share\prims\jni.cpp, line 531]
Event: 3371.167 Thread 0x000002269ce3df80 Exception <a 'sun/nio/fs/WindowsException'{0x00000007c720d388}> (0x00000007c720d388) 
thrown [s\src\hotspot\share\prims\jni.cpp, line 531]
Event: 3371.170 Thread 0x000002269ce3df80 Exception <a 'sun/nio/fs/WindowsException'{0x00000007c6c00d28}> (0x00000007c6c00d28) 
thrown [s\src\hotspot\share\prims\jni.cpp, line 531]
Event: 3371.170 Thread 0x000002269ce3df80 Exception <a 'sun/nio/fs/WindowsException'{0x00000007c6c00ec8}> (0x00000007c6c00ec8) 
thrown [s\src\hotspot\share\prims\jni.cpp, line 531]
Event: 3371.460 Thread 0x0000022696161400 Exception <a 'sun/nio/fs/WindowsException'{0x00000007bb4f5560}> (0x00000007bb4f5560) 
thrown [s\src\hotspot\share\prims\jni.cpp, line 531]
Event: 3371.712 Thread 0x00000226fa815300 Exception <a 'sun/nio/fs/WindowsException'{0x00000007aff25498}> (0x00000007aff25498) 
thrown [s\src\hotspot\share\prims\jni.cpp, line 531]
Event: 3371.712 Thread 0x00000226fa815300 Exception <a 'sun/nio/fs/WindowsException'{0x00000007aff260d8}> (0x00000007aff260d8) 
thrown [s\src\hotspot\share\prims\jni.cpp, line 531]
Event: 3371.712 Thread 0x00000226fa815300 Exception <a 'sun/nio/fs/WindowsException'{0x00000007aff26438}> (0x00000007aff26438) 
thrown [s\src\hotspot\share\prims\jni.cpp, line 531]
Event: 3371.713 Thread 0x00000226fa815300 Exception <a 'sun/nio/fs/WindowsException'{0x00000007aff516e8}> (0x00000007aff516e8) 
thrown [s\src\hotspot\share\prims\jni.cpp, line 531]
Event: 3371.713 Thread 0x00000226fa815300 Exception <a 'sun/nio/fs/WindowsException'{0x00000007aff51888}> (0x00000007aff51888) 
thrown [s\src\hotspot\share\prims\jni.cpp, line 531]
Event: 3371.830 Thread 0x00000226ff8e0900 Exception <a 'sun/nio/fs/WindowsException'{0x00000007acb1d708}> (0x00000007acb1d708) 
thrown [s\src\hotspot\share\prims\jni.cpp, line 531]
Event: 3373.634 Thread 0x000002268db7b180 Implicit null exception at 0x00000226e4d301a5 to 0x00000226e4d311b5
Event: 3374.140 Thread 0x000002268db7b180 Exception <a 'sun/nio/fs/WindowsException'{0x00000007d4d492c8}> (0x00000007d4d492c8) 
thrown [s\src\hotspot\share\prims\jni.cpp, line 531]

VM Operations (20 events):
Event: 3369.530 Executing VM operation: HandshakeAllThreads
Event: 3369.583 Executing VM operation: HandshakeAllThreads done
Event: 3370.117 Executing VM operation: HandshakeAllThreads
Event: 3370.126 Executing VM operation: HandshakeAllThreads done
Event: 3370.318 Executing VM operation: HandshakeAllThreads
Event: 3370.351 Executing VM operation: HandshakeAllThreads done
Event: 3370.532 Executing VM operation: G1CollectForAllocation
Event: 3370.550 Executing VM operation: G1CollectForAllocation done
Event: 3371.550 Executing VM operation: Cleanup
Event: 3371.597 Executing VM operation: Cleanup done
Event: 3372.597 Executing VM operation: Cleanup
Event: 3372.597 Executing VM operation: Cleanup done
Event: 3372.766 Executing VM operation: G1CollectForAllocation
Event: 3372.786 Executing VM operation: G1CollectForAllocation done
Event: 3373.779 Executing VM operation: G1TryInitiateConcMark
Event: 3373.782 Executing VM operation: G1TryInitiateConcMark done
Event: 3373.782 Executing VM operation: G1TryInitiateConcMark
Event: 3373.804 Executing VM operation: G1TryInitiateConcMark done
Event: 3374.103 Executing VM operation: HandshakeAllThreads
Event: 3374.150 Executing VM operation: HandshakeAllThreads done

Events (20 events):
Event: 3370.525 Thread 0x00000226f313d420 flushing nmethod 0x00000226e0ceec10
Event: 3370.525 Thread 0x00000226f313d420 flushing nmethod 0x00000226e0cf3890
Event: 3370.525 Thread 0x00000226f313d420 flushing nmethod 0x00000226e0cf4c90
Event: 3370.525 Thread 0x00000226f313d420 flushing nmethod 0x00000226e0d09a90
Event: 3370.525 Thread 0x00000226f313d420 flushing nmethod 0x00000226e0d2d910
Event: 3370.525 Thread 0x00000226f313d420 flushing nmethod 0x00000226e0d3e790
Event: 3370.526 Thread 0x00000226f313d420 flushing nmethod 0x00000226e0d94210
Event: 3370.526 Thread 0x00000226f313d420 flushing nmethod 0x00000226e0d97490
Event: 3370.526 Thread 0x00000226f313d420 flushing nmethod 0x00000226e0d9a390
Event: 3370.526 Thread 0x00000226f313d420 flushing nmethod 0x00000226e0d9bf90
Event: 3370.527 Thread 0x00000226f313d420 flushing nmethod 0x00000226e0e8f890
Event: 3370.527 Thread 0x00000226f313d420 flushing nmethod 0x00000226e0f0b410
Event: 3370.528 Thread 0x00000226f313d420 flushing nmethod 0x00000226e0f69510
Event: 3370.528 Thread 0x00000226f313d420 flushing nmethod 0x00000226e0fba510
Event: 3370.528 Thread 0x00000226f313d420 flushing nmethod 0x00000226e0fbb290
Event: 3370.528 Thread 0x00000226f313d420 flushing nmethod 0x00000226e0fc3e90
Event: 3370.528 Thread 0x00000226f313d420 flushing nmethod 0x00000226e0ff1110
Event: 3370.529 Thread 0x00000226f313d420 flushing nmethod 0x00000226e104b510
Event: 3374.192 Thread 0x00000226f313d420 flushing nmethod 0x00000226e5711d10
Event: 3374.192 Thread 0x00000226f313d420 flushing nmethod 0x00000226e5721790


Dynamic libraries:
0x00007ff762980000 - 0x00007ff76298a000 	D:\Android Studio\jbr\bin\java.exe
0x00007ff8ed0c0000 - 0x00007ff8ed327000 	C:\WINDOWS\SYSTEM32\ntdll.dll
0x00007ff8ebe90000 - 0x00007ff8ebf59000 	C:\WINDOWS\System32\KERNEL32.DLL
0x00007ff8ea660000 - 0x00007ff8eaa54000 	C:\WINDOWS\System32\KERNELBASE.dll
0x00007ff8eab10000 - 0x00007ff8eac5b000 	C:\WINDOWS\System32\ucrtbase.dll
0x00007ff8e39a0000 - 0x00007ff8e39bb000 	D:\Android Studio\jbr\bin\VCRUNTIME140.dll
0x00007ff8dc390000 - 0x00007ff8dc3a7000 	D:\Android Studio\jbr\bin\jli.dll
0x00007ff8ebcc0000 - 0x00007ff8ebe85000 	C:\WINDOWS\System32\USER32.dll
0x00007ff8ccab0000 - 0x00007ff8ccd43000 	C:\WINDOWS\WinSxS\amd64_microsoft.windows.common-controls_6595b64144ccf1df_6.0.26100.8115_none_3e075c82e3354f9c\COMCTL32.dll
0x00007ff8ec6c0000 - 0x00007ff8ec769000 	C:\WINDOWS\System32\msvcrt.dll
0x00007ff8eae20000 - 0x00007ff8eae47000 	C:\WINDOWS\System32\win32u.dll
0x00007ff8ebf60000 - 0x00007ff8ebf8b000 	C:\WINDOWS\System32\GDI32.dll
0x00007ff8eac60000 - 0x00007ff8ead8b000 	C:\WINDOWS\System32\gdi32full.dll
0x00007ff8e9bd0000 - 0x00007ff8e9c73000 	C:\WINDOWS\System32\msvcp_win.dll
0x00007ff8eb160000 - 0x00007ff8eb192000 	C:\WINDOWS\System32\IMM32.DLL
0x00007ff8ddf40000 - 0x00007ff8ddf4c000 	D:\Android Studio\jbr\bin\vcruntime140_1.dll
0x00007ff8b57b0000 - 0x00007ff8b583d000 	D:\Android Studio\jbr\bin\msvcp140.dll
0x00007ff867c70000 - 0x00007ff8688f3000 	D:\Android Studio\jbr\bin\server\jvm.dll
0x00007ff8ece40000 - 0x00007ff8ecef6000 	C:\WINDOWS\System32\ADVAPI32.dll
0x00007ff8ecf80000 - 0x00007ff8ed027000 	C:\WINDOWS\System32\sechost.dll
0x00007ff8ecd20000 - 0x00007ff8ece38000 	C:\WINDOWS\System32\RPCRT4.dll
0x00007ff8e97f0000 - 0x00007ff8e984e000 	C:\WINDOWS\SYSTEM32\POWRPROF.dll
0x00007ff8e7d40000 - 0x00007ff8e7d76000 	C:\WINDOWS\SYSTEM32\WINMM.dll
0x00007ff8ccef0000 - 0x00007ff8ccefa000 	C:\WINDOWS\SYSTEM32\WSOCK32.dll
0x00007ff8e3570000 - 0x00007ff8e357b000 	C:\WINDOWS\SYSTEM32\VERSION.dll
0x00007ff8eb0c0000 - 0x00007ff8eb140000 	C:\WINDOWS\System32\WS2_32.dll
0x00007ff8e97d0000 - 0x00007ff8e97e4000 	C:\WINDOWS\SYSTEM32\UMPDC.dll
0x00007ff8e8720000 - 0x00007ff8e873b000 	C:\WINDOWS\SYSTEM32\kernel.appcore.dll
0x00007ff8dc340000 - 0x00007ff8dc34a000 	D:\Android Studio\jbr\bin\jimage.dll
0x00007ff8e7720000 - 0x00007ff8e7962000 	C:\WINDOWS\SYSTEM32\DBGHELP.DLL
0x00007ff8eb1a0000 - 0x00007ff8eb522000 	C:\WINDOWS\System32\combase.dll
0x00007ff8ec970000 - 0x00007ff8eca48000 	C:\WINDOWS\System32\OLEAUT32.dll
0x00007ff8d3e50000 - 0x00007ff8d3e8b000 	C:\WINDOWS\SYSTEM32\dbgcore.DLL
0x00007ff8eaa60000 - 0x00007ff8eab05000 	C:\WINDOWS\System32\bcryptPrimitives.dll
0x00007ff8dc330000 - 0x00007ff8dc33e000 	D:\Android Studio\jbr\bin\instrument.dll
0x00007ff8d9c30000 - 0x00007ff8d9c55000 	D:\Android Studio\jbr\bin\java.dll
0x00007ff8da850000 - 0x00007ff8da868000 	D:\Android Studio\jbr\bin\zip.dll
0x00007ff8eb530000 - 0x00007ff8ebc97000 	C:\WINDOWS\System32\SHELL32.dll
0x00007ff8ea4f0000 - 0x00007ff8ea65a000 	C:\WINDOWS\System32\wintypes.dll
0x00007ff8e9c80000 - 0x00007ff8ea4e8000 	C:\WINDOWS\System32\windows.storage.dll
0x00007ff8eca50000 - 0x00007ff8ecb48000 	C:\WINDOWS\System32\SHCORE.dll
0x00007ff8ecf00000 - 0x00007ff8ecf66000 	C:\WINDOWS\System32\shlwapi.dll
0x00007ff8e98b0000 - 0x00007ff8e98d9000 	C:\WINDOWS\SYSTEM32\profapi.dll
0x00007ff8da1f0000 - 0x00007ff8da209000 	D:\Android Studio\jbr\bin\net.dll
0x00007ff8e2480000 - 0x00007ff8e25ad000 	C:\WINDOWS\SYSTEM32\WINHTTP.dll
0x00007ff8e8c90000 - 0x00007ff8e8cfc000 	C:\WINDOWS\system32\mswsock.dll
0x00007ff8d9f80000 - 0x00007ff8d9f96000 	D:\Android Studio\jbr\bin\nio.dll
0x00007ff8dc260000 - 0x00007ff8dc270000 	D:\Android Studio\jbr\bin\verify.dll
0x00007ff8d9dd0000 - 0x00007ff8d9df7000 	D:\AndroidGradle\.gradle\native\1def1411415f61bf3af743bc5b6707747c0891f09f0c88961ee8f79bc544acac\windows-amd64\native-platform.dll
0x00007ff8b20c0000 - 0x00007ff8b2138000 	D:\AndroidGradle\.gradle\native\0.2.7\x86_64-windows-gnu\gradle-fileevents.dll
0x00007ff8dc1e0000 - 0x00007ff8dc1e9000 	D:\Android Studio\jbr\bin\management.dll
0x00007ff8dbaf0000 - 0x00007ff8dbafb000 	D:\Android Studio\jbr\bin\management_ext.dll
0x00007ff8eb150000 - 0x00007ff8eb158000 	C:\WINDOWS\System32\PSAPI.DLL
0x00007ff8e80e0000 - 0x00007ff8e8112000 	C:\WINDOWS\SYSTEM32\IPHLPAPI.DLL
0x00007ff8ecf70000 - 0x00007ff8ecf7a000 	C:\WINDOWS\System32\NSI.dll
0x00007ff8e22a0000 - 0x00007ff8e22bd000 	C:\WINDOWS\SYSTEM32\dhcpcsvc6.DLL
0x00007ff8e2270000 - 0x00007ff8e2295000 	C:\WINDOWS\SYSTEM32\dhcpcsvc.DLL
0x00007ff8e8170000 - 0x00007ff8e82a2000 	C:\WINDOWS\SYSTEM32\DNSAPI.dll
0x00007ff8db580000 - 0x00007ff8db589000 	D:\Android Studio\jbr\bin\extnet.dll
0x00007ff8e8f70000 - 0x00007ff8e8f8b000 	C:\WINDOWS\SYSTEM32\CRYPTSP.dll
0x00007ff8e8680000 - 0x00007ff8e86b9000 	C:\WINDOWS\system32\rsaenh.dll
0x00007ff8e8d40000 - 0x00007ff8e8d73000 	C:\WINDOWS\SYSTEM32\USERENV.dll
0x00007ff8e9880000 - 0x00007ff8e98aa000 	C:\WINDOWS\SYSTEM32\bcrypt.dll
0x00007ff8e8f90000 - 0x00007ff8e8f9c000 	C:\WINDOWS\SYSTEM32\CRYPTBASE.dll
0x00007ff8ba2c0000 - 0x00007ff8ba2c8000 	C:\WINDOWS\system32\wshunix.dll
0x00007ff8db550000 - 0x00007ff8db557000 	D:\Android Studio\jbr\bin\rmi.dll
0x00007ff8df980000 - 0x00007ff8df98b000 	C:\Windows\System32\rasadhlp.dll
0x00007ff8df9c0000 - 0x00007ff8dfa46000 	C:\WINDOWS\System32\fwpuclnt.dll
0x00007ff8e8840000 - 0x00007ff8e8876000 	C:\WINDOWS\SYSTEM32\ntmarta.dll
0x00007ff8e5d20000 - 0x00007ff8e5dbf000 	C:\WINDOWS\system32\apphelp.dll

dbghelp: loaded successfully - version: 4.0.5 - missing functions: none
symbol engine: initialized successfully - sym options: 0x614 - pdb path: .;D:\Android Studio\jbr\bin;C:\WINDOWS\SYSTEM32;C:\WINDOWS\WinSxS\amd64_microsoft.windows.common-controls_6595b64144ccf1df_6.0.26100.8115_none_3e075c82e3354f9c;D:\Android Studio\jbr\bin\server;D:\AndroidGradle\.gradle\native\1def1411415f61bf3af743bc5b6707747c0891f09f0c88961ee8f79bc544acac\windows-amd64;D:\AndroidGradle\.gradle\native\0.2.7\x86_64-windows-gnu

VM Arguments:
jvm_args: --add-opens=java.base/java.lang=ALL-UNNAMED --add-opens=java.base/java.lang.invoke=ALL-UNNAMED --add-opens=java.base/java.util=ALL-UNNAMED --add-opens=java.prefs/java.util.prefs=ALL-UNNAMED --add-exports=jdk.compiler/com.sun.tools.javac.api=ALL-UNNAMED --add-exports=jdk.compiler/com.sun.tools.javac.util=ALL-UNNAMED --add-opens=java.base/java.util=ALL-UNNAMED --add-opens=java.prefs/java.util.prefs=ALL-UNNAMED --add-opens=java.base/java.nio.charset=ALL-UNNAMED --add-opens=java.base/java.net=ALL-UNNAMED --add-opens=java.base/java.util.concurrent.atomic=ALL-UNNAMED --add-opens=java.xml/javax.xml.namespace=ALL-UNNAMED -Xmx3072M -Dfile.encoding=UTF-8 -Duser.country=RU -Duser.language=ru -Duser.variant -javaagent:D:\AndroidGradle\.gradle\wrapper\dists\gradle-8.14.5-bin\690y85m0j9nfaub7xoiayko8a\gradle-8.14.5\lib\agents\gradle-instrumentation-agent-8.14.5.jar 
java_command: org.gradle.launcher.daemon.bootstrap.GradleDaemon 8.14.5
java_class_path (initial): D:\AndroidGradle\.gradle\wrapper\dists\gradle-8.14.5-bin\690y85m0j9nfaub7xoiayko8a\gradle-8.14.5\lib\gradle-daemon-main-8.14.5.jar
Launcher Type: SUN_STANDARD

[Global flags]
     intx CICompilerCount                          = 4                                         {product} {ergonomic}
     uint ConcGCThreads                            = 3                                         {product} {ergonomic}
     uint G1ConcRefinementThreads                  = 10                                        {product} {ergonomic}
   size_t G1HeapRegionSize                         = 2097152                                   {product} {ergonomic}
    uintx GCDrainStackTargetSize                   = 64                                        {product} {ergonomic}
   size_t InitialHeapSize                          = 257949696                                 {product} {ergonomic}
   size_t MarkStackSize                            = 4194304                                   {product} {ergonomic}
   size_t MaxHeapSize                              = 3221225472                                {product} {command line}
   size_t MaxNewSize                               = 1931476992                                {product} {ergonomic}
   size_t MinHeapDeltaBytes                        = 2097152                                   {product} {ergonomic}
   size_t MinHeapSize                              = 8388608                                   {product} {ergonomic}
    uintx NonNMethodCodeHeapSize                   = 5839372                                {pd product} {ergonomic}
    uintx NonProfiledCodeHeapSize                  = 122909434                              {pd product} {ergonomic}
    uintx ProfiledCodeHeapSize                     = 122909434                              {pd product} {ergonomic}
    uintx ReservedCodeCacheSize                    = 251658240                              {pd product} {ergonomic}
     bool SegmentedCodeCache                       = true                                      {product} {ergonomic}
   size_t SoftMaxHeapSize                          = 3221225472                             {manageable} {ergonomic}
     bool UseCompressedClassPointers               = true                           {product lp64_product} {ergonomic}
     bool UseCompressedOops                        = true                           {product lp64_product} {ergonomic}
     bool UseG1GC                                  = true                                      {product} {ergonomic}
     bool UseLargePagesIndividualAllocation        = false                                  {pd product} {ergonomic}

Logging:
Log output configuration:
 #0: stdout all=warning uptime,level,tags
 #1: stderr all=off uptime,level,tags

Environment Variables:
JAVA_HOME=C:\Users\Владимир\.jdks\openjdk-21.0.2
PATH=C:\Program Files\Microsoft\jdk-11.0.16.101-hotspot\bin;C:\WINDOWS\system32;C:\WINDOWS;C:\WINDOWS\System32\Wbem;C:\WINDOWS\System32\WindowsPowerShell\v1.0\;C:\WINDOWS\System32\OpenSSH\;C:\Program Files\Git\cmd;C:\Program Files\PostgreSQL\16\bin\;D:\Flyway\flyway-11.0.0\;D:\forAndroid\platform-tools;D:\nodejs\;C:\Program Files\Docker\Docker\resources\bin;C:\Users\Владимир\.local\bin;C:\Users\Владимир\AppData\Local\Microsoft\WindowsApps;C:\Program Files\JetBrains\PyCharm Community Edition 2023.1.4\bin;C:\Users\Владимир\AppData\Local\JetBrains\Toolbox\scripts;C:\Users\Владимир\AppData\Local\GitHubDesktop\bin;C:\Users\Владимир\AppData\Local\Microsoft\WindowsApps;C:\Program Files\PostgreSQL\16\bin\;D:\PyCharm\PyCharm 2024.3.5\bin;;D:\Flyway\flyway-11.0.0\;D:\forAndroid\platform-tools;D:\Microsoft VS Code\bin;D:\MinGW\bin;C:\Users\Владимир\AppData\Roaming\npm;C:\Users\Владимир\AppData\Local\Programs\Ollama;C:\Users\Владимир\AppData\Local\Python\bin
USERNAME=crewcrew
OS=Windows_NT
PROCESSOR_IDENTIFIER=AMD64 Family 23 Model 96 Stepping 1, AuthenticAMD
TMP=C:\Users\18EE~1\AppData\Local\Temp
TEMP=C:\Users\18EE~1\AppData\Local\Temp



Periodic native trim disabled

JNI global refs:
JNI global refs: 30, weak refs: 0

JNI global refs memory usage: 843, weak refs: 5961

Process memory usage:
Resident Set Size: 3508500K (21% of 16119108K total physical memory with 890592K free physical memory)

OOME stack traces (most recent first):
Classloader memory used:
Loader org.gradle.internal.classloader.VisitableURLClassLoader                         : 16653K
Loader org.gradle.internal.classloader.VisitableURLClassLoader$InstrumentingVisitableURLClassLoader: 15355K
Loader bootstrap                                                                       : 4322K
Loader java.net.URLClassLoader                                                         : 3183K
Loader org.gradle.initialization.MixInLegacyTypesClassLoader                           : 2647K
Loader org.gradle.internal.classloader.VisitableURLClassLoader                         : 1197K
Loader jdk.internal.loader.ClassLoaders$AppClassLoader                                 : 1055K
Loader jdk.internal.reflect.DelegatingClassLoader                                      : 1004K
Loader jdk.internal.loader.ClassLoaders$PlatformClassLoader                            : 125K
Loader org.gradle.groovy.scripts.internal.DefaultScriptCompilationHandler$ScriptClassLoader: 52342B
Loader jdk.internal.jrtfs.JrtFileSystemProvider$JrtFsLoader                            : 42904B
Loader org.codehaus.groovy.runtime.callsite.CallSiteClassLoader                        : 13487B
Loader sun.reflect.misc.MethodUtil                                                     : 373B

Classes loaded by more than one classloader:
Class Program                                                                         : loaded 37 times (x 70B)
Class Build_gradle                                                                    : loaded 35 times (x 128B)
Class Build_gradle$1                                                                  : loaded 35 times (x 73B)
Class org.gradle.kotlin.dsl.VersionCatalogAccessorsKt                                 : loaded 18 times (x 69B)
Class Build_gradle$1$1$1                                                              : loaded 17 times (x 76B)
Class org.gradle.kotlin.dsl.Accessors4nhp6c7gizz3uim4k13ftxn74Kt                      : loaded 17 times (x 69B)
Class Build_gradle$1$2$1                                                              : loaded 17 times (x 77B)
Class org.gradle.kotlin.dsl.Accessors8rihyt52ywg47pk3ez2ijmcwzKt                      : loaded 17 times (x 69B)
Class Build_gradle$1$1                                                                : loaded 17 times (x 72B)
Class Build_gradle$1$2                                                                : loaded 17 times (x 73B)
Class org.gradle.kotlin.dsl.Accessorsavpr95fnj5r9vbgn3z4feg0wxKt                      : loaded 12 times (x 69B)
Class org.jetbrains.kotlin.tooling.core.HasExtras                                     : loaded 5 times (x 68B)
Class org.jetbrains.kotlin.tooling.core.HasMutableExtras                              : loaded 5 times (x 68B)
Class org.jetbrains.kotlin.cli.common.messages.CompilerMessageSeverity$Companion      : loaded 5 times (x 69B)
Class [Lorg.jetbrains.kotlin.cli.common.CompilerSystemProperties;                     : loaded 5 times (x 67B)
Class [Lorg.jetbrains.kotlin.cli.common.messages.CompilerMessageSeverity;             : loaded 5 times (x 67B)
Class org.jetbrains.kotlin.tooling.core.Extras$Key                                    : loaded 5 times (x 70B)
Class org.jetbrains.kotlin.cli.common.arguments.CommonCompilerArguments               : loaded 5 times (x 73B)
Class org.jetbrains.kotlin.cli.common.arguments.Freezable                             : loaded 5 times (x 70B)
Class org.jetbrains.kotlin.cli.common.CompilerSystemProperties$Companion              : loaded 5 times (x 69B)
Class org.jetbrains.kotlin.cli.common.arguments.CommonToolArguments                   : loaded 5 times (x 71B)
Class org.jetbrains.kotlin.cli.common.CompilerSystemProperties                        : loaded 5 times (x 78B)
Class org.jetbrains.kotlin.util.capitalizeDecapitalize.CapitalizeDecapitalizeKt       : loaded 5 times (x 69B)
Class org.jetbrains.kotlin.cli.common.arguments.K2JVMCompilerArguments                : loaded 5 times (x 74B)
Class org.jetbrains.kotlin.cli.common.messages.CompilerMessageSeverity                : loaded 5 times (x 77B)
Class org.jetbrains.kotlin.cli.common.messages.MessageCollector                       : loaded 5 times (x 68B)
Class com.intellij.gradle.toolingExtension.util.GradleVersionUtil                     : loaded 5 times (x 69B)
Class kotlin.collections.EmptyIterator                                                : loaded 4 times (x 87B)
Class kotlin.sequences.FlatteningSequence$iterator$1                                  : loaded 4 times (x 77B)
Class kotlin.collections.SetsKt__SetsJVMKt                                            : loaded 4 times (x 69B)
Class kotlin.sequences.SequencesKt                                                    : loaded 4 times (x 69B)
Class com.google.common.collect.Iterators$MergingIterator                             : loaded 4 times (x 79B)
Class kotlin.collections.AbstractList                                                 : loaded 4 times (x 157B)
Class kotlin.collections.AbstractCollection                                           : loaded 4 times (x 115B)
Class kotlin.collections.MapsKt___MapsJvmKt                                           : loaded 4 times (x 69B)
Class kotlin.sequences.SequencesKt___SequencesKt                                      : loaded 4 times (x 69B)
Class kotlin.enums.EnumEntriesList                                                    : loaded 4 times (x 183B)
Class kotlin.ranges.IntProgressionIterator                                            : loaded 4 times (x 80B)
Class kotlin.collections.ArraysKt__ArraysJVMKt                                        : loaded 4 times (x 69B)
Class kotlin.collections.CollectionsKt__CollectionsJVMKt                              : loaded 4 times (x 69B)
Class org.jetbrains.kotlin.incremental.IncrementalCompilationFeatures$Companion       : loaded 4 times (x 69B)
Class kotlin.jvm.functions.Function0                                                  : loaded 4 times (x 68B)
Class kotlin.jvm.functions.Function1                                                  : loaded 4 times (x 68B)
Class kotlin.jvm.functions.Function2                                                  : loaded 4 times (x 68B)
Class kotlin.jvm.functions.Function4                                                  : loaded 4 times (x 68B)
Class com.google.common.collect.Iterators$9                                           : loaded 4 times (x 79B)
Class kotlin.collections.EmptyMap                                                     : loaded 4 times (x 106B)
Class org.jetbrains.kotlin.incremental.IncrementalModuleInfo                          : loaded 4 times (x 70B)
Class com.google.common.base.Function                                                 : loaded 4 times (x 68B)
Class com.google.common.collect.RegularImmutableAsList                                : loaded 4 times (x 177B)
Class com.google.common.collect.PeekingIterator                                       : loaded 4 times (x 68B)
Class com.google.common.base.Preconditions                                            : loaded 4 times (x 69B)
Class com.google.common.base.Joiner                                                   : loaded 4 times (x 77B)
Class com.google.common.collect.Iterators$5                                           : loaded 4 times (x 80B)
Class kotlin.ranges.OpenEndRange                                                      : loaded 4 times (x 68B)
Class kotlin.comparisons.ComparisonsKt__ComparisonsKt                                 : loaded 4 times (x 69B)
Class com.google.common.collect.Iterators$4                                           : loaded 4 times (x 80B)
Class org.jetbrains.kotlin.cli.common.ExitCode                                        : loaded 4 times (x 77B)
Class [Lorg.jetbrains.kotlin.cli.common.ExitCode;                                     : loaded 4 times (x 67B)
Class com.google.common.collect.Iterators$1                                           : loaded 4 times (x 79B)
Class kotlin.ranges.ClosedRange                                                       : loaded 4 times (x 68B)
Class kotlin.KotlinNullPointerException                                               : loaded 4 times (x 81B)
Class kotlin.text.StringsKt___StringsJvmKt                                            : loaded 4 times (x 69B)
Class org.jetbrains.kotlin.build.report.metrics.BuildMetricsReporter                  : loaded 4 times (x 68B)
Class kotlin.Triple                                                                   : loaded 4 times (x 70B)
Class kotlin.io.NoSuchFileException                                                   : loaded 4 times (x 80B)
Class kotlin.reflect.KAnnotatedElement                                                : loaded 4 times (x 68B)
Class kotlin.text.CharsKt                                                             : loaded 4 times (x 69B)
Class org.jetbrains.kotlin.tooling.core.KotlinToolingVersion$Maturity                 : loaded 4 times (x 77B)
Class kotlin.jvm.internal.Intrinsics                                                  : loaded 4 times (x 69B)
Class kotlin.ranges.RangesKt___RangesKt                                               : loaded 4 times (x 69B)
Class kotlin.collections.CollectionsKt___CollectionsKt                                : loaded 4 times (x 69B)
Class com.google.common.collect.ImmutableList                                         : loaded 4 times (x 166B)
Class kotlin.annotation.Retention                                                     : loaded 4 times (x 68B)
Class kotlin.jvm.internal.FunctionReference                                           : loaded 4 times (x 124B)
Class com.google.common.collect.SingletonImmutableSet                                 : loaded 4 times (x 144B)
Class org.jetbrains.kotlin.cli.common.messages.MessageRenderer                        : loaded 4 times (x 68B)
Class [Lorg.jetbrains.kotlin.build.report.metrics.ValueType;                          : loaded 4 times (x 67B)
Class com.google.common.collect.ImmutableSet$CachingAsList                            : loaded 4 times (x 146B)
Class kotlin.io.FileAlreadyExistsException                                            : loaded 4 times (x 80B)
Class kotlin.jvm.internal.FunctionReferenceImpl                                       : loaded 4 times (x 124B)
Class com.google.common.collect.AbstractIndexedListIterator                           : loaded 4 times (x 94B)
Class kotlin.collections.SetsKt                                                       : loaded 4 times (x 69B)
Class kotlin.jvm.internal.FunctionBase                                                : loaded 4 times (x 68B)
Class kotlin.text.MatcherMatchResult                                                  : loaded 4 times (x 78B)
Class kotlin.Function                                                                 : loaded 4 times (x 68B)
Class kotlin.comparisons.ComparisonsKt___ComparisonsJvmKt                             : loaded 4 times (x 69B)
Class com.google.common.collect.Iterators                                             : loaded 4 times (x 69B)
Class kotlin.collections.EmptyList                                                    : loaded 4 times (x 134B)
Class kotlin.collections.CollectionsKt__MutableCollectionsJVMKt                       : loaded 4 times (x 69B)
Class org.jetbrains.kotlin.cli.common.arguments.ArgumentParseErrors                   : loaded 4 times (x 70B)
Class com.google.common.collect.ImmutableList$ReverseImmutableList                    : loaded 4 times (x 169B)
Class kotlin.sequences.TransformingSequence                                           : loaded 4 times (x 73B)
Class kotlin.io.FilesKt__FileReadWriteKt                                              : loaded 4 times (x 69B)
Class kotlin.sequences.FlatteningSequence                                             : loaded 4 times (x 73B)
Class kotlin.sequences.FilteringSequence$iterator$1                                   : loaded 4 times (x 77B)
Class kotlin.Unit                                                                     : loaded 4 times (x 69B)
Class kotlin.jvm.internal.markers.KMappedMarker                                       : loaded 4 times (x 68B)
Class org.jetbrains.kotlin.build.report.metrics.GradleBuildTimeMetric                 : loaded 4 times (x 70B)
Class kotlin.collections.CollectionsKt                                                : loaded 4 times (x 69B)
Class kotlin.collections.ArraysKt___ArraysJvmKt                                       : loaded 4 times (x 69B)
Class com.google.common.collect.ImmutableList$SubList                                 : loaded 4 times (x 169B)
Class kotlin.collections.CollectionsKt__IterablesKt                                   : loaded 4 times (x 69B)
Class com.google.common.collect.RegularImmutableList                                  : loaded 4 times (x 173B)
Class kotlin.collections.CollectionsKt___CollectionsJvmKt                             : loaded 4 times (x 69B)
Class kotlin.jvm.internal.markers.KMutableCollection                                  : loaded 4 times (x 68B)
Class com.google.common.collect.ImmutableCollection                                   : loaded 4 times (x 123B)
Class kotlin.text.RegexKt                                                             : loaded 4 times (x 69B)
Class org.jetbrains.kotlin.cli.common.arguments.Argument                              : loaded 4 times (x 68B)
Class kotlin.text.StringsKt__StringBuilderKt                                          : loaded 4 times (x 69B)
Class com.google.common.collect.UnmodifiableListIterator                              : loaded 4 times (x 93B)
Class kotlin.ranges.IntRange$Companion                                                : loaded 4 times (x 69B)
Class kotlin.ranges.RangesKt__RangesKt                                                : loaded 4 times (x 69B)
Class kotlin.NoWhenBranchMatchedException                                             : loaded 4 times (x 80B)
Class kotlin.jvm.internal.DefaultConstructorMarker                                    : loaded 4 times (x 69B)
Class com.google.common.collect.SingletonImmutableList                                : loaded 4 times (x 167B)
Class kotlin.collections.CollectionsKt__IteratorsKt                                   : loaded 4 times (x 69B)
Class kotlin.text.StringsKt__StringNumberConversionsKt                                : loaded 4 times (x 69B)
Class kotlin.sequences.SequencesKt__SequenceBuilderKt                                 : loaded 4 times (x 69B)
Class com.google.common.collect.Iterators$SingletonIterator                           : loaded 4 times (x 79B)
Class com.google.common.collect.ImmutableSet$SetBuilderImpl                           : loaded 4 times (x 74B)
Class org.jetbrains.kotlin.cli.common.arguments.CommonCompilerArgumentsConfigurator   : loaded 4 times (x 72B)
Class org.jetbrains.kotlin.incremental.ClasspathChanges$ClasspathSnapshotEnabled      : loaded 4 times (x 70B)
Class kotlin.text.MatchGroupCollection                                                : loaded 4 times (x 68B)
Class kotlin.text.StringsKt__StringsKt                                                : loaded 4 times (x 69B)
Class kotlin.collections.CollectionsKt__ReversedViewsKt                               : loaded 4 times (x 69B)
Class kotlin.comparisons.ComparisonsKt___ComparisonsKt                                : loaded 4 times (x 69B)
Class kotlin.text.Regex$Companion                                                     : loaded 4 times (x 69B)
Class org.jetbrains.kotlin.build.report.metrics.BuildPerformanceMetric                : loaded 4 times (x 70B)
Class org.jetbrains.kotlin.build.report.metrics.ValueType                             : loaded 4 times (x 77B)
Class org.jetbrains.kotlin.build.report.metrics.BuildTimeMetric                       : loaded 4 times (x 70B)
Class kotlin.collections.CollectionsKt__MutableCollectionsKt                          : loaded 4 times (x 69B)
Class org.jetbrains.kotlin.cli.common.CompilerSystemProperties$value$2                : loaded 4 times (x 127B)
Class kotlin.collections.MapsKt__MapsJVMKt                                            : loaded 4 times (x 69B)
Class kotlin.collections.SetsKt__SetsKt                                               : loaded 4 times (x 69B)
Class com.google.common.collect.UnmodifiableIterator                                  : loaded 4 times (x 78B)
Class kotlin.collections.CollectionsKt__IteratorsJVMKt                                : loaded 4 times (x 69B)
Class kotlin.collections.CollectionsKt___CollectionsKt$asSequence$$inlined$Sequence$1 : loaded 4 times (x 73B)
Class org.jetbrains.kotlin.build.report.metrics.RUN_COMPILATION                       : loaded 4 times (x 70B)
Class org.jetbrains.kotlin.incremental.IncrementalCompilationFeatures                 : loaded 4 times (x 69B)
Class com.google.common.collect.ImmutableCollection$Builder                           : loaded 4 times (x 74B)
Class kotlin.collections.ArraysKt___ArraysKt                                          : loaded 4 times (x 69B)
Class kotlin.ranges.IntRange                                                          : loaded 4 times (x 91B)
Class com.google.common.collect.ImmutableSet$RegularSetBuilderImpl                    : loaded 4 times (x 75B)
Class kotlin.text.StringsKt__StringsJVMKt                                             : loaded 4 times (x 69B)
Class org.jetbrains.kotlin.build.report.metrics.DoNothingBuildMetricsReporter         : loaded 4 times (x 84B)
Class kotlin.text.StringsKt__StringNumberConversionsJVMKt                             : loaded 4 times (x 69B)
Class kotlin.ranges.IntProgression$Companion                                          : loaded 4 times (x 69B)
Class kotlin.TuplesKt                                                                 : loaded 4 times (x 69B)
Class kotlin.text.CharsKt__CharJVMKt                                                  : loaded 4 times (x 69B)
Class kotlin.collections.SetsKt___SetsKt                                              : loaded 4 times (x 69B)
Class com.google.common.collect.ImmutableAsList                                       : loaded 4 times (x 169B)
Class kotlin.text.StringsKt__StringBuilderJVMKt                                       : loaded 4 times (x 69B)
Class kotlin.text.StringsKt__IndentKt                                                 : loaded 4 times (x 69B)
Class org.jetbrains.kotlin.build.report.metrics.RUN_COMPILATION_IN_WORKER             : loaded 4 times (x 70B)
Class kotlin.collections.MapsKt__MapWithDefaultKt                                     : loaded 4 times (x 69B)
Class com.google.common.collect.ImmutableList$1                                       : loaded 4 times (x 95B)
Class org.jetbrains.kotlin.tooling.core.Extras$Entry                                  : loaded 4 times (x 70B)
Class kotlin.text.StringsKt__RegexExtensionsKt                                        : loaded 4 times (x 69B)
Class kotlin.collections.EmptySet                                                     : loaded 4 times (x 120B)
Class kotlin.collections.AbstractList$Companion                                       : loaded 4 times (x 69B)
Class kotlin.sequences.SequencesKt__SequencesJVMKt                                    : loaded 4 times (x 69B)
Class org.jetbrains.kotlin.compilerRunner.ArgumentsToStrings                          : loaded 4 times (x 69B)
Class [Lorg.jetbrains.kotlin.tooling.core.KotlinToolingVersion$Maturity;              : loaded 4 times (x 67B)
Class kotlin.collections.MapsKt                                                       : loaded 4 times (x 69B)
Class org.jetbrains.kotlin.tooling.core.Extras$Type$Companion                         : loaded 4 times (x 69B)
Class org.jetbrains.kotlin.cli.common.arguments.PreprocessCommandLineArgumentsKt      : loaded 4 times (x 69B)
Class kotlin.jvm.internal.CollectionToArray                                           : loaded 4 times (x 69B)
Class org.jetbrains.kotlin.daemon.common.MultiModuleICSettings                        : loaded 4 times (x 70B)
Class com.google.common.collect.AbstractIterator                                      : loaded 4 times (x 80B)
Class org.jetbrains.kotlin.cli.common.arguments.ParseCommandLineArgumentsKt           : loaded 4 times (x 69B)
Class org.jetbrains.kotlin.cli.common.arguments.ManualLanguageFeatureSetting          : loaded 4 times (x 70B)
Class kotlin.jvm.internal.markers.KMutableIterable                                    : loaded 4 times (x 68B)
Class org.jetbrains.kotlin.build.report.metrics.COMPILE_ITERATION                     : loaded 4 times (x 70B)
Class com.google.common.collect.ImmutableList$Builder                                 : loaded 4 times (x 75B)
Class kotlin.collections.IntIterator                                                  : loaded 4 times (x 80B)
Class org.jetbrains.kotlin.tooling.core.Extras$Type                                   : loaded 4 times (x 70B)
Class [Lkotlin.Pair;                                                                  : loaded 4 times (x 67B)
Class kotlin.UninitializedPropertyAccessException                                     : loaded 4 times (x 80B)
Class kotlin.reflect.KCallable                                                        : loaded 4 times (x 68B)
Class org.jetbrains.kotlin.incremental.ClasspathChanges                               : loaded 4 times (x 69B)
Class org.jetbrains.kotlin.build.report.metrics.GradleBuildPerformanceMetric          : loaded 4 times (x 70B)
Class kotlin.text.Regex                                                               : loaded 4 times (x 70B)
Class kotlin.io.FilesKt__UtilsKt                                                      : loaded 4 times (x 69B)
Class kotlin.sequences.SequencesKt__SequencesKt                                       : loaded 4 times (x 69B)
Class com.google.common.collect.RegularImmutableSet                                   : loaded 4 times (x 147B)
Class org.jetbrains.kotlin.cli.common.arguments.ArgumentField                         : loaded 4 times (x 70B)
Class kotlin.collections.AbstractMutableList                                          : loaded 4 times (x 166B)
Class kotlin.collections.ArraysUtilJVM                                                : loaded 4 times (x 69B)
Class kotlin.text.StringsKt                                                           : loaded 4 times (x 69B)
Class com.google.common.base.Predicate                                                : loaded 4 times (x 68B)
Class kotlin.reflect.KDeclarationContainer                                            : loaded 4 times (x 68B)
Class org.jetbrains.kotlin.tooling.core.MutableExtras                                 : loaded 4 times (x 68B)
Class kotlin.collections.ArraysKt__ArraysKt                                           : loaded 4 times (x 69B)
Class kotlin.Pair                                                                     : loaded 4 times (x 70B)
Class kotlin.io.FilesKt__FileTreeWalkKt                                               : loaded 4 times (x 69B)
Class org.jetbrains.kotlin.incremental.ClasspathSnapshotFiles                         : loaded 4 times (x 70B)
Class kotlin.io.FileSystemException                                                   : loaded 4 times (x 80B)
Class kotlin.annotation.Target                                                        : loaded 4 times (x 68B)
Class kotlin.collections.CollectionsKt__CollectionsKt                                 : loaded 4 times (x 69B)
Class kotlin.sequences.FilteringSequence                                              : loaded 4 times (x 73B)
Class kotlin.io.FilesKt__FilePathComponentsKt                                         : loaded 4 times (x 69B)
Class com.google.common.collect.ImmutableSet                                          : loaded 4 times (x 143B)
Class kotlin.io.FilesKt                                                               : loaded 4 times (x 69B)
Class org.jetbrains.kotlin.tooling.core.Extras$Key$Companion                          : loaded 4 times (x 69B)
Class kotlin.sequences.SequencesKt___SequencesJvmKt                                   : loaded 4 times (x 69B)
Class kotlin.comparisons.ComparisonsKt                                                : loaded 4 times (x 69B)
Class kotlin.collections.MapsKt__MapsKt                                               : loaded 4 times (x 69B)
Class kotlin.collections.ArraysKt                                                     : loaded 4 times (x 69B)
Class kotlin.text.StringsKt__RegexExtensionsJVMKt                                     : loaded 4 times (x 69B)
Class kotlin.enums.EnumEntries                                                        : loaded 4 times (x 68B)
Class org.jetbrains.kotlin.incremental.ClasspathSnapshotFiles$Companion               : loaded 4 times (x 69B)
Class kotlin.jvm.internal.CallableReference                                           : loaded 4 times (x 108B)
Class org.jetbrains.kotlin.tooling.core.KotlinToolingVersion                          : loaded 4 times (x 73B)
Class kotlin.text.CharsKt__CharKt                                                     : loaded 4 times (x 69B)
Class org.jetbrains.kotlin.build.report.metrics.GRADLE_TASK_ACTION                    : loaded 4 times (x 70B)
Class kotlin.ranges.IntProgression                                                    : loaded 4 times (x 79B)
Class kotlin.text.StringsKt___StringsKt                                               : loaded 4 times (x 69B)
Class kotlin.text.MatchNamedGroupCollection                                           : loaded 4 times (x 68B)
Class kotlin.collections.MapsKt___MapsKt                                              : loaded 4 times (x 69B)
Class kotlin.sequences.TransformingSequence$iterator$1                                : loaded 4 times (x 77B)
Class com.intellij.gradle.toolingExtension.impl.util.GradleObjectUtil                 : loaded 4 times (x 69B)
Class com.google.common.collect.Iterators$ArrayItr                                    : loaded 4 times (x 95B)
Class kotlin.sequences.Sequence                                                       : loaded 4 times (x 68B)
Class kotlin.jvm.internal.markers.KMutableList                                        : loaded 4 times (x 68B)
Class org.jetbrains.kotlin.tooling.core.Extras                                        : loaded 4 times (x 68B)
Class kotlin.NotImplementedError                                                      : loaded 4 times (x 80B)
Class kotlin.internal.ProgressionUtilKt                                               : loaded 4 times (x 69B)
Class kotlin.text.MatcherMatchResult$groups$1                                         : loaded 4 times (x 149B)
Class kotlin.reflect.KFunction                                                        : loaded 4 times (x 68B)
Class com.google.common.base.Joiner$1                                                 : loaded 4 times (x 78B)
Class kotlin.jvm.KotlinReflectionNotSupportedError                                    : loaded 4 times (x 80B)
Class kotlin.jvm.internal.CallableReference$NoReceiver                                : loaded 4 times (x 69B)
Class com.google.common.base.Joiner$2                                                 : loaded 4 times (x 77B)
Class kotlin.ranges.RangesKt                                                          : loaded 4 times (x 69B)
Class kotlin.io.TerminateException                                                    : loaded 4 times (x 80B)
Class kotlin.Metadata                                                                 : loaded 4 times (x 68B)
Class kotlin.text.StringsKt__AppendableKt                                             : loaded 4 times (x 69B)
Class org.jetbrains.kotlin.cli.common.arguments.K2JVMCompilerArgumentsConfigurator    : loaded 4 times (x 72B)
Class kotlin.enums.EnumEntriesKt                                                      : loaded 4 times (x 69B)
Class org.jetbrains.kotlin.tooling.core.TypeUtils                                     : loaded 4 times (x 69B)
Class kotlin.text.MatchResult                                                         : loaded 4 times (x 68B)
Class kotlin.reflect.jvm.internal.impl.load.java.components.SignaturePropagator       : loaded 3 times (x 68B)
Class kotlin.reflect.jvm.internal.impl.protobuf.InvalidProtocolBufferException        : loaded 3 times (x 82B)
Class kotlin.reflect.jvm.internal.impl.types.checker.ClassicTypeCheckerStateKt        : loaded 3 times (x 69B)
Class com.amazon.ion.system.IonBinaryWriterBuilder                                    : loaded 3 times (x 97B)
Class com.amazon.ion.impl.bin.IonManagedBinaryWriter$ImportDescriptor                 : loaded 3 times (x 74B)
Class com.google.common.collect.MapDifference                                         : loaded 3 times (x 68B)
Class kotlin.reflect.jvm.internal.impl.renderer.DescriptorRendererOptionsImpl$property$$inlined$vetoable$1: loaded 3 times (x 81B)
Class kotlin.reflect.jvm.internal.impl.protobuf.MessageLite                           : loaded 3 times (x 68B)
Class kotlin.reflect.jvm.internal.impl.load.java.lazy.JavaResolverComponents          : loaded 3 times (x 70B)
Class kotlin.reflect.jvm.internal.impl.metadata.jvm.JvmProtoBuf$JvmPropertySignatureOrBuilder: loaded 3 times (x 68B)
Class org.jetbrains.kotlin.descriptors.SourceElement$1                                : loaded 3 times (x 72B)
Class kotlin.reflect.jvm.internal.impl.descriptors.runtime.components.ReflectKotlinClassFinderKt: loaded 3 times (x 69B)
Class org.jetbrains.kotlin.protobuf.ExtensionRegistryLite$ObjectIntPair               : loaded 3 times (x 70B)
Class kotlin.reflect.jvm.internal.impl.serialization.deserialization.ProtoBasedClassDataFinder: loaded 3 times (x 73B)
Class org.jetbrains.kotlin.protobuf.Parser                                            : loaded 3 times (x 68B)
Class kotlin.reflect.jvm.internal.impl.types.TypeProjectionBase                       : loaded 3 times (x 79B)
Class kotlin.reflect.jvm.internal.impl.load.java.SpecialGenericSignatures$TypeSafeBarrierDescription: loaded 3 times (x 77B)
Class org.jetbrains.plugins.gradle.model.ExternalSourceDirectorySet                   : loaded 3 times (x 68B)
Class org.jetbrains.kotlin.tooling.core.InternerImpl$Store                            : loaded 3 times (x 68B)
Class kotlin.reflect.jvm.internal.impl.name.CallableId$Companion                      : loaded 3 times (x 69B)
Class kotlin.reflect.jvm.internal.impl.types.model.IntersectionTypeConstructorMarker  : loaded 3 times (x 68B)
Class kotlin.reflect.jvm.internal.impl.storage.EmptySimpleLock                        : loaded 3 times (x 73B)
Class kotlin.reflect.jvm.internal.impl.descriptors.impl.VariableDescriptorWithInitializerImpl: loaded 3 times (x 141B)
Class kotlin.reflect.jvm.internal.impl.load.java.lazy.SingleModuleClassResolver       : loaded 3 times (x 73B)
Class kotlin.reflect.jvm.internal.impl.protobuf.ExtensionRegistryLite$ObjectIntPair   : loaded 3 times (x 70B)
Class com.google.common.collect.Lists$StringAsImmutableList                           : loaded 3 times (x 167B)
Class com.google.common.collect.ImmutableEntry                                        : loaded 3 times (x 80B)
Class com.intellij.util.ThrowableConsumer                                             : loaded 3 times (x 68B)
Class kotlin.reflect.jvm.internal.impl.descriptors.TypeAliasDescriptor                : loaded 3 times (x 68B)
Class org.jetbrains.kotlin.idea.gradleTooling.model.kapt.KaptGradleModel              : loaded 3 times (x 68B)
Class kotlin.reflect.jvm.internal.impl.descriptors.impl.ModuleDependenciesImpl        : loaded 3 times (x 75B)
Class kotlin.reflect.jvm.internal.impl.serialization.deserialization.descriptors.DeserializedAnnotations: loaded 3 times (x 87B)
Class com.intellij.gradle.toolingExtension.impl.model.sourceSetDependencyModel.GradleSourceSetDependencySerialisationService$Companion: loaded 3 times (x 69B)
Class com.amazon.ion.impl.bin.IonRawBinaryWriter$ContainerInfo                        : loaded 3 times (x 72B)
Class com.google.common.reflect.Types$JavaVersion$5                                   : loaded 3 times (x 69B)
Class org.jetbrains.kotlin.com.intellij.util.containers.SLRUMap                       : loaded 3 times (x 78B)
Class kotlin.jvm.internal.PropertyReference0                                          : loaded 3 times (x 129B)
Class org.jetbrains.kotlin.load.kotlin.FileBasedKotlinClass                           : loaded 3 times (x 88B)
Class com.intellij.openapi.externalSystem.model.project.IExternalSystemSourceType     : loaded 3 times (x 68B)
Class org.jetbrains.plugins.gradle.model.ExternalProject                              : loaded 3 times (x 68B)
Class kotlin.jvm.internal.PropertyReference1                                          : loaded 3 times (x 129B)
Class org.jetbrains.kotlin.protobuf.SmallSortedMap                                    : loaded 3 times (x 128B)
Class kotlin.reflect.jvm.internal.impl.load.java.structure.JavaElement                : loaded 3 times (x 68B)
Class org.jetbrains.kotlin.protobuf.FieldSet$FieldDescriptorLite                      : loaded 3 times (x 68B)
Class kotlin.jvm.internal.PropertyReference2                                          : loaded 3 times (x 129B)
Class kotlin.reflect.jvm.internal.impl.descriptors.runtime.components.ReflectKotlinClass$Factory: loaded 3 times (x 69B)
Class com.google.common.reflect.Types$JavaVersion$4                                   : loaded 3 times (x 81B)
Class org.jetbrains.kotlin.descriptors.Visibilities$Protected                         : loaded 3 times (x 77B)
Class kotlin.reflect.jvm.internal.impl.descriptors.impl.TypeAliasConstructorDescriptor: loaded 3 times (x 68B)
Class kotlin.reflect.jvm.internal.impl.protobuf.ByteString                            : loaded 3 times (x 95B)
Class org.jetbrains.kotlin.metadata.jvm.JvmProtoBuf$JvmMethodSignature$1              : loaded 3 times (x 142B)
Class com.google.common.reflect.TypeToken$SimpleTypeToken                             : loaded 3 times (x 71B)
Class com.amazon.ion.IonBool                                                          : loaded 3 times (x 68B)
Class com.google.common.reflect.Types$JavaVersion$3                                   : loaded 3 times (x 81B)
Class com.google.common.reflect.Types$JavaVersion$2                                   : loaded 3 times (x 81B)
Class org.jetbrains.kotlin.util.ModuleVisibilityHelper                                : loaded 3 times (x 68B)
Class [Lorg.jetbrains.kotlin.config.LanguageVersion;                                  : loaded 3 times (x 67B)
Class com.google.common.base.CharMatcher$FastMatcher                                  : loaded 3 times (x 109B)
Class com.google.common.cache.LocalCache$StrongEntry                                  : loaded 3 times (x 106B)
Class com.google.common.reflect.Types$JavaVersion$1                                   : loaded 3 times (x 81B)
Class com.amazon.ion.impl.lite.IonStructLite                                          : loaded 3 times (x 296B)
Class org.jetbrains.plugins.gradle.model.IntelliJSettings                             : loaded 3 times (x 68B)
Class kotlin.reflect.jvm.internal.KDeclarationContainerImpl                           : loaded 3 times (x 82B)
Class kotlin.collections.AbstractList$IteratorImpl                                    : loaded 3 times (x 80B)
Class kotlin.reflect.jvm.internal.impl.load.java.ReportLevel$Companion                : loaded 3 times (x 69B)
Class org.jetbrains.kotlin.tooling.core.ExtrasUtilsKt                                 : loaded 3 times (x 69B)
Class kotlin.reflect.jvm.internal.impl.types.model.TypeSystemOptimizationContext      : loaded 3 times (x 68B)
Class kotlin.reflect.jvm.internal.impl.descriptors.DescriptorUtilKt                   : loaded 3 times (x 69B)
Class org.jetbrains.org.objectweb.asm.ModuleVisitor                                   : loaded 3 times (x 79B)
Class kotlin.reflect.jvm.internal.impl.types.KotlinTypeFactory$EMPTY_REFINED_TYPE_FACTORY$1: loaded 3 times (x 76B)
Class org.jetbrains.org.objectweb.asm.tree.AnnotationNode                             : loaded 3 times (x 78B)
Class com.intellij.gradle.toolingExtension.impl.model.sourceSetDependencyModel.GradleSourceSetDependencySerialisationService: loaded 3 times (x 75B)
Class kotlin.reflect.jvm.internal.WeakClassLoaderBox                                  : loaded 3 times (x 70B)
Class kotlin.LazyKt__LazyKt                                                           : loaded 3 times (x 69B)
Class kotlin.reflect.jvm.internal.impl.resolve.scopes.SubstitutingScope               : loaded 3 times (x 83B)
Class kotlin.reflect.jvm.internal.impl.types.model.TypeConstructorMarker              : loaded 3 times (x 68B)
Class com.google.common.util.concurrent.AbstractFuture$Trusted                        : loaded 3 times (x 68B)
Class kotlin.LazyThreadSafetyMode                                                     : loaded 3 times (x 77B)
Class org.jetbrains.plugins.gradle.tooling.serialization.AnnotationProcessingModelSerializationService$WriteContext: loaded 3 times (x 70B)
Class org.jetbrains.kotlin.metadata.ProtoBuf$Annotation$Argument$Value                : loaded 3 times (x 125B)
Class org.jetbrains.org.objectweb.asm.AnnotationWriter                                : loaded 3 times (x 77B)
Class org.jetbrains.plugins.gradle.tooling.serialization.ProjectDependenciesSerializationService$WriteContext: loaded 3 times (x 70B)
Class com.google.common.base.CharMatcher                                              : loaded 3 times (x 109B)
Class kotlin.reflect.jvm.internal.impl.metadata.jvm.JvmProtoBuf$JvmMethodSignature$Builder: loaded 3 times (x 89B)
Class com.amazon.ion.impl.bin.IntList                                                 : loaded 3 times (x 75B)
Class [Lorg.jetbrains.kotlin.metadata.ProtoBuf$Type$Argument$Projection;              : loaded 3 times (x 67B)
Class kotlin.reflect.jvm.internal.JvmFunctionSignature                                : loaded 3 times (x 70B)
Class kotlin.reflect.jvm.internal.KClassImpl$Data                                     : loaded 3 times (x 70B)
Class com.amazon.ion.util.InputStreamInterceptor                                      : loaded 3 times (x 68B)
Class org.jetbrains.kotlin.name.Name                                                  : loaded 3 times (x 73B)
Class kotlin.reflect.jvm.internal.impl.serialization.deserialization.ClassDataFinder  : loaded 3 times (x 68B)
Class kotlin.reflect.jvm.internal.impl.load.java.SpecialGenericSignatures$Companion$NameAndSignature: loaded 3 times (x 70B)
Class com.google.gson.internal.JsonReaderInternalAccess                               : loaded 3 times (x 70B)
Class kotlin.reflect.jvm.internal.impl.metadata.jvm.deserialization.JvmFlags          : loaded 3 times (x 69B)
Class kotlin.reflect.jvm.internal.impl.resolve.sam.SamConversionResolver              : loaded 3 times (x 68B)
Class org.jetbrains.plugins.gradle.tooling.serialization.ExternalTestsSerializationService: loaded 3 times (x 75B)
Class kotlin.reflect.jvm.internal.impl.protobuf.CodedOutputStream                     : loaded 3 times (x 70B)
Class org.jetbrains.kotlin.protobuf.SmallSortedMap$1                                  : loaded 3 times (x 128B)
Class org.jetbrains.kotlin.load.kotlin.FileBasedKotlinClass$1                         : loaded 3 times (x 86B)
Class [Lkotlin.reflect.jvm.internal.impl.builtins.PrimitiveType;                      : loaded 3 times (x 67B)
Class org.jetbrains.kotlin.metadata.ProtoBuf$ContractOrBuilder                        : loaded 3 times (x 68B)
Class kotlin.reflect.jvm.internal.impl.types.DisjointKeysUnionTypeSubstitution$Companion: loaded 3 times (x 69B)
Class kotlin.reflect.jvm.internal.impl.resolve.OverridingUtil$OverrideCompatibilityInfo$Result: loaded 3 times (x 77B)
Class kotlin.reflect.jvm.internal.impl.protobuf.GeneratedMessageLite$ExtendableMessage$ExtensionWriter: loaded 3 times (x 71B)
Class org.jetbrains.kotlin.load.kotlin.FileBasedKotlinClass$2                         : loaded 3 times (x 86B)
Class org.jetbrains.plugins.gradle.model.AnnotationProcessingConfig                   : loaded 3 times (x 68B)
Class org.jetbrains.kotlin.protobuf.Internal$EnumLiteMap                              : loaded 3 times (x 68B)
Class kotlin.reflect.jvm.internal.impl.resolve.constants.ShortValue                   : loaded 3 times (x 72B)
Class org.jetbrains.plugins.gradle.model.ExternalLibraryDependency                    : loaded 3 times (x 68B)
Class kotlin.reflect.jvm.internal.impl.serialization.deserialization.DeserializedClassDataFinder: loaded 3 times (x 73B)
Class org.jetbrains.kotlin.load.kotlin.FileBasedKotlinClass$3                         : loaded 3 times (x 76B)
Class [Lkotlin.reflect.jvm.internal.impl.incremental.components.NoLookupLocation;     : loaded 3 times (x 67B)
Class kotlin.reflect.jvm.internal.impl.types.model.TypeSystemInferenceExtensionContext: loaded 3 times (x 68B)
Class com.google.common.base.CharMatcher$IsNot                                        : loaded 3 times (x 109B)
Class kotlin.reflect.jvm.internal.impl.descriptors.PropertyAccessorDescriptor         : loaded 3 times (x 68B)
Class org.jetbrains.kotlin.com.intellij.openapi.vfs.impl.ZipHandlerBase               : loaded 3 times (x 80B)
Class org.jetbrains.kotlin.com.intellij.openapi.diagnostic.Logger$Factory             : loaded 3 times (x 68B)
Class [Lorg.jetbrains.org.objectweb.asm.SymbolTable$Entry;                            : loaded 3 times (x 67B)
Class org.jetbrains.kotlin.load.kotlin.FileBasedKotlinClass$4                         : loaded 3 times (x 86B)
Class com.google.common.collect.RegularImmutableSortedSet                             : loaded 3 times (x 234B)
Class [Lkotlin.reflect.jvm.internal.impl.renderer.OverrideRenderingPolicy;            : loaded 3 times (x 67B)
Class kotlin.reflect.jvm.internal.impl.resolve.scopes.MemberScope$Companion           : loaded 3 times (x 69B)
Class com.google.common.reflect.Types$ParameterizedTypeImpl                           : loaded 3 times (x 79B)
Class ijKotlinCoroutineJvmDebugInit1_38zxhfive4p9ioq3rjey2itw6$_run_closure1          : loaded 3 times (x 137B)
Class org.jetbrains.kotlin.metadata.ProtoBuf$FunctionOrBuilder                        : loaded 3 times (x 68B)
Class org.gradle.internal.impldep.gnu.trove.THash                                     : loaded 3 times (x 79B)
Class org.jetbrains.kotlin.config.MavenComparableVersion$IntegerItem                  : loaded 3 times (x 78B)
Class kotlin.reflect.jvm.internal.impl.load.kotlin.DeserializationComponentsForJava$Companion: loaded 3 times (x 69B)
Class kotlin.reflect.jvm.internal.impl.protobuf.UnmodifiableLazyStringList            : loaded 3 times (x 218B)
Class com.google.common.collect.ImmutableMapEntry                                     : loaded 3 times (x 83B)
Class kotlin.reflect.jvm.internal.impl.renderer.ClassifierNamePolicy$SHORT            : loaded 3 times (x 72B)
Class kotlin.reflect.jvm.internal.impl.descriptors.impl.ModuleAwareClassDescriptor$Companion: loaded 3 times (x 69B)
Class kotlin.reflect.jvm.internal.impl.types.DisjointKeysUnionTypeSubstitution        : loaded 3 times (x 76B)
Class com.amazon.ion.IonBinaryWriter                                                  : loaded 3 times (x 68B)
Class org.jetbrains.plugins.gradle.tooling.serialization.KotlinDslScriptsModelSerializationService: loaded 3 times (x 79B)
Class kotlin.reflect.jvm.internal.impl.storage.NullableLazyValue                      : loaded 3 times (x 68B)
Class kotlin.reflect.jvm.internal.impl.descriptors.ClassConstructorDescriptor         : loaded 3 times (x 68B)
Class org.jetbrains.kotlin.metadata.jvm.JvmProtoBuf$StringTableTypesOrBuilder         : loaded 3 times (x 68B)
Class org.jetbrains.kotlin.metadata.jvm.JvmProtoBuf$StringTableTypes$RecordOrBuilder  : loaded 3 times (x 68B)
Class kotlin.reflect.jvm.internal.impl.load.java.lazy.descriptors.LazyJavaPackageScope$FindClassRequest: loaded 3 times (x 70B)
Class com.amazon.ion.IonLoader                                                        : loaded 3 times (x 68B)
Class kotlin.reflect.jvm.internal.impl.descriptors.runtime.components.ReflectAnnotationSource: loaded 3 times (x 73B)
Class kotlin.reflect.jvm.internal.impl.load.kotlin.KotlinJvmBinaryClass               : loaded 3 times (x 68B)
Class com.amazon.ion.IonString                                                        : loaded 3 times (x 68B)
Class com.google.common.util.concurrent.SettableFuture                                : loaded 3 times (x 95B)
Class com.google.common.collect.ImmutableRangeSet$1                                   : loaded 3 times (x 170B)
Class org.jetbrains.org.objectweb.asm.MethodVisitor                                   : loaded 3 times (x 103B)
Class com.amazon.ion.impl._Private_IonReaderBuilder$Mutable                           : loaded 3 times (x 95B)
Class org.jetbrains.kotlin.build.report.metrics.SNAPSHOT_CLASSES                      : loaded 3 times (x 70B)
Class kotlin.reflect.jvm.internal.impl.metadata.ProtoBuf$TypeParameter$Variance$1     : loaded 3 times (x 72B)
Class [Lorg.jetbrains.kotlin.idea.projectModel.KotlinPlatform;                        : loaded 3 times (x 67B)
Class org.gradle.internal.impldep.gnu.trove.TObjectHashingStrategy                    : loaded 3 times (x 68B)
Class kotlin.reflect.jvm.internal.impl.load.kotlin.PackagePartProvider$Empty          : loaded 3 times (x 72B)
Class com.intellij.gradle.toolingExtension.impl.initScript.util.GradleDebuggerUtil    : loaded 3 times (x 69B)
Class org.jetbrains.kotlin.descriptors.ValidateableDescriptor                         : loaded 3 times (x 68B)
Class kotlin.reflect.jvm.internal.impl.metadata.ProtoBuf$Contract                     : loaded 3 times (x 94B)
Class org.jetbrains.kotlin.config.MavenComparableVersion                              : loaded 3 times (x 76B)
Class org.jetbrains.kotlin.com.intellij.openapi.diagnostic.Logger$DefaultFactory      : loaded 3 times (x 72B)
Class com.amazon.ion.impl.bin.utf8.Pool                                               : loaded 3 times (x 72B)
Class kotlin.reflect.jvm.internal.impl.protobuf.SmallSortedMap                        : loaded 3 times (x 127B)
Class kotlin.reflect.jvm.internal.impl.metadata.ProtoBuf$ValueParameter$1             : loaded 3 times (x 85B)
Class kotlin.reflect.jvm.internal.impl.load.kotlin.DeserializedDescriptorResolver     : loaded 3 times (x 70B)
Class org.jetbrains.plugins.gradle.javaModel.JavaGradleManifestModel                  : loaded 3 times (x 68B)
Class com.amazon.ion.IonReader                                                        : loaded 3 times (x 68B)
Class org.jetbrains.kotlin.metadata.jvm.JvmProtoBuf$JvmPropertySignature$1            : loaded 3 times (x 142B)
Class com.amazon.ion.impl.bin.IonManagedBinaryWriter$ImportedSymbolResolverMode$1$1$1 : loaded 3 times (x 74B)
Class org.jetbrains.plugins.gradle.model.ExternalDependency                           : loaded 3 times (x 68B)
Class kotlin.reflect.jvm.internal.impl.protobuf.ByteString$Output                     : loaded 3 times (x 84B)
Class kotlin.reflect.jvm.internal.impl.metadata.ProtoBuf$Type$1                       : loaded 3 times (x 85B)
Class kotlin.reflect.jvm.internal.impl.resolve.DescriptorFactory                      : loaded 3 times (x 69B)
Class com.amazon.ion.impl._Private_RecyclingQueue                                     : loaded 3 times (x 78B)
Class kotlin.reflect.jvm.internal.impl.builtins.jvm.CloneableClassScope               : loaded 3 times (x 92B)
Class kotlin.reflect.jvm.internal.impl.protobuf.SmallSortedMap$EntryIterator          : loaded 3 times (x 81B)
Class kotlin.reflect.jvm.internal.impl.builtins.StandardNames$FqNames                 : loaded 3 times (x 69B)
Class kotlin.reflect.jvm.internal.impl.descriptors.impl.LazyPackageViewDescriptorImpl : loaded 3 times (x 100B)
Class kotlin.reflect.jvm.internal.impl.serialization.deserialization.ContractDeserializer: loaded 3 times (x 68B)
Class [Lcom.google.common.cache.Weigher;                                              : loaded 3 times (x 67B)
Class com.android.ide.gradle.model.dependencies.DeclaredDependencies                  : loaded 3 times (x 68B)
Class org.jetbrains.org.objectweb.asm.ClassVisitor                                    : loaded 3 times (x 86B)
Class com.intellij.openapi.externalSystem.model.project.dependencies.DependencyNode   : loaded 3 times (x 68B)
Class [Lkotlin.reflect.jvm.internal.impl.descriptors.annotations.Annotated;           : loaded 3 times (x 67B)
Class kotlin.reflect.jvm.internal.impl.serialization.deserialization.DeserializedPackageFragment: loaded 3 times (x 106B)
Class kotlin.reflect.jvm.internal.impl.types.TypeSystemCommonBackendContext           : loaded 3 times (x 68B)
Class kotlin.reflect.jvm.internal.impl.types.DelegatingSimpleType                     : loaded 3 times (x 89B)
Class [Lkotlin.LazyThreadSafetyMode;                                                  : loaded 3 times (x 67B)
Class kotlin.jvm.internal.markers.KMutableMap$Entry                                   : loaded 3 times (x 68B)
Class kotlin.reflect.jvm.internal.calls.CallerImpl                                    : loaded 3 times (x 79B)
Class org.gradle.api.Action                                                           : loaded 3 times (x 68B)
Class org.jetbrains.kotlin.idea.gradleTooling.KotlinMPPGradleModel                    : loaded 3 times (x 68B)
Class kotlin.reflect.jvm.internal.impl.metadata.ProtoBuf$TypeParameter                : loaded 3 times (x 100B)
Class org.jetbrains.kotlin.idea.gradleTooling.KotlinGradleModel                       : loaded 3 times (x 68B)
Class kotlin.reflect.jvm.internal.impl.renderer.DescriptorRendererOptionsImpl         : loaded 3 times (x 90B)
Class kotlin.collections.IndexingIterable                                             : loaded 3 times (x 77B)
Class com.google.common.cache.LocalCache$Segment                                      : loaded 3 times (x 152B)
Class org.jetbrains.plugins.gradle.tooling.serialization.ToolingStreamApiUtils        : loaded 3 times (x 69B)
Class com.google.common.base.CharMatcher$NamedFastMatcher                             : loaded 3 times (x 110B)
Class kotlin.text.MatchGroup                                                          : loaded 3 times (x 70B)
Class org.jetbrains.kotlin.com.intellij.openapi.diagnostic.DefaultLogger              : loaded 3 times (x 98B)
Class kotlin.reflect.jvm.internal.impl.types.RawType                                  : loaded 3 times (x 68B)
Class kotlin.collections.IndexingIterator                                             : loaded 3 times (x 77B)
Class com.amazon.ion.impl._Private_IonTextWriterBuilder                               : loaded 3 times (x 100B)
Class com.google.common.cache.Weigher                                                 : loaded 3 times (x 68B)
Class org.jetbrains.kotlin.load.kotlin.KotlinJvmBinaryClass$AnnotationVisitor         : loaded 3 times (x 68B)
Class kotlin.reflect.jvm.internal.impl.utils.SmartList                                : loaded 3 times (x 159B)
Class kotlin.reflect.jvm.internal.impl.types.FlexibleType                             : loaded 3 times (x 87B)
Class com.google.common.cache.LocalCache$AbstractReferenceEntry                       : loaded 3 times (x 105B)
Class com.google.common.cache.CacheBuilder$OneWeigher                                 : loaded 3 times (x 80B)
Class kotlin.reflect.jvm.internal.impl.types.checker.NewKotlinTypeCheckerImpl         : loaded 3 times (x 78B)
Class kotlin.reflect.jvm.internal.impl.load.kotlin.header.KotlinClassHeader$Kind$Companion: loaded 3 times (x 69B)
Class kotlin.reflect.jvm.internal.impl.protobuf.GeneratedMessageLite                  : loaded 3 times (x 91B)
Class kotlin.reflect.jvm.internal.impl.metadata.ProtoBuf$VersionRequirementTable      : loaded 3 times (x 94B)
Class kotlin.reflect.jvm.internal.impl.load.java.lazy.descriptors.LazyJavaClassDescriptor$Companion: loaded 3 times (x 69B)
Class kotlin.reflect.jvm.internal.impl.metadata.ProtoBuf$PackageFragment$1            : loaded 3 times (x 85B)
Class kotlin.reflect.jvm.internal.impl.renderer.RenderingUtilsKt                      : loaded 3 times (x 69B)
Class kotlin.reflect.jvm.internal.impl.types.model.FlexibleTypeMarker                 : loaded 3 times (x 68B)
Class org.jetbrains.plugins.gradle.model.GradleTaskModel                              : loaded 3 times (x 68B)
Class com.amazon.ion.impl._Private_Utils                                              : loaded 3 times (x 69B)
Class com.google.common.util.concurrent.AbstractFuture$Failure                        : loaded 3 times (x 70B)
Class kotlin.reflect.jvm.internal.impl.descriptors.runtime.structure.ReflectJavaElement: loaded 3 times (x 69B)
Class org.jetbrains.kotlin.build.report.metrics.INCREMENTAL_COMPILATION_DAEMON        : loaded 3 times (x 70B)
Class org.jetbrains.kotlin.load.kotlin.FileBasedKotlinClass$InnerClassesInfo          : loaded 3 times (x 72B)
Class kotlin.reflect.jvm.internal.impl.resolve.OverridingUtil$OverrideCompatibilityInfo: loaded 3 times (x 71B)
Class kotlin.io.FileWalkDirection                                                     : loaded 3 times (x 77B)
Class org.jetbrains.kotlin.metadata.jvm.deserialization.JvmMemberSignature            : loaded 3 times (x 72B)
Class com.amazon.ion.impl.bin._Private_IonManagedWriter                               : loaded 3 times (x 68B)
Class org.jetbrains.kotlin.idea.projectModel.KotlinRunTask                            : loaded 3 times (x 68B)
Class kotlin.reflect.jvm.internal.impl.descriptors.annotations.AnnotatedImpl          : loaded 3 times (x 74B)
Class com.google.common.base.CharMatcher$BitSetMatcher                                : loaded 3 times (x 110B)
Class kotlin.reflect.jvm.internal.impl.descriptors.runtime.structure.ReflectJavaType$Factory: loaded 3 times (x 69B)
Class kotlin.reflect.jvm.internal.impl.load.java.AnnotationTypeQualifierResolver      : loaded 3 times (x 70B)
Class org.jetbrains.kotlin.metadata.ProtoBuf$VersionRequirementTableOrBuilder         : loaded 3 times (x 68B)
Class kotlin.reflect.jvm.internal.impl.serialization.deserialization.AnnotationAndConstantLoaderImpl: loaded 3 times (x 82B)
Class org.jetbrains.kotlin.name.FqNameUnsafe                                          : loaded 3 times (x 70B)
Class com.google.common.collect.ImmutableMap$IteratorBasedImmutableMap                : loaded 3 times (x 124B)
Class kotlin.reflect.jvm.internal.impl.descriptors.Named                              : loaded 3 times (x 68B)
Class kotlin.reflect.jvm.internal.impl.load.java.lazy.descriptors.LazyJavaClassDescriptor: loaded 3 times (x 175B)
Class org.jetbrains.kotlin.com.intellij.util.containers.LinkedCustomHashMap           : loaded 3 times (x 70B)
Class kotlin.UnsafeLazyImpl                                                           : loaded 3 times (x 74B)
Class kotlin.reflect.jvm.internal.impl.descriptors.FieldDescriptor                    : loaded 3 times (x 68B)
Class kotlin.reflect.jvm.internal.impl.load.java.JavaTypeEnhancementState$Companion   : loaded 3 times (x 69B)
Class kotlin.reflect.jvm.internal.impl.protobuf.WireFormat$FieldType$4                : loaded 3 times (x 81B)
Class org.jetbrains.kotlin.metadata.ProtoBuf$Type$ArgumentOrBuilder                   : loaded 3 times (x 68B)
Class kotlin.reflect.jvm.internal.impl.protobuf.WireFormat$FieldType$3                : loaded 3 times (x 81B)
Class com.amazon.ion.impl.SymbolTokenImpl                                             : loaded 3 times (x 79B)
Class org.jetbrains.kotlin.metadata.jvm.JvmProtoBuf$StringTableTypes                  : loaded 3 times (x 108B)
Class kotlin.reflect.jvm.internal.impl.load.kotlin.BinaryClassAnnotationAndConstantLoaderImpl: loaded 3 times (x 97B)
Class kotlin.reflect.jvm.internal.impl.protobuf.WireFormat$FieldType$2                : loaded 3 times (x 81B)
Class org.jetbrains.kotlin.idea.projectModel.KotlinTargetJar                          : loaded 3 times (x 68B)
Class com.amazon.ion.impl._Private_RecyclingQueue$ElementIterator                     : loaded 3 times (x 80B)
Class com.amazon.ion.impl.bin.IonRawBinaryWriter$ThrowingRunnable                     : loaded 3 times (x 68B)
Class com.amazon.ion.impl._Private_SymtabExtendsCache                                 : loaded 3 times (x 70B)
Class kotlin.reflect.jvm.internal.impl.protobuf.WireFormat$FieldType$1                : loaded 3 times (x 81B)
Class kotlin.reflect.jvm.internal.impl.metadata.ProtoBuf$Property                     : loaded 3 times (x 100B)
Class com.google.common.reflect.Reflection                                            : loaded 3 times (x 69B)
Class com.google.common.reflect.Types$NativeTypeVariableEquals                        : loaded 3 times (x 69B)
Class org.jetbrains.kotlin.cli.jvm.compiler.KotlinCoreEnvironment$Companion           : loaded 3 times (x 69B)
Class org.jetbrains.plugins.gradle.tooling.serialization.internal.IdeaProjectSerializationService$ReadContext: loaded 3 times (x 70B)
Class kotlin.reflect.jvm.internal.impl.load.java.JavaIncompatibilityRulesOverridabilityCondition$Companion: loaded 3 times (x 69B)
Class org.jetbrains.kotlin.com.intellij.util.io.ResourceHandle                        : loaded 3 times (x 77B)
Class org.jetbrains.kotlin.com.intellij.util.io.FileAccessorCache$1                   : loaded 3 times (x 79B)
Class kotlin.reflect.jvm.internal.impl.metadata.ProtoBuf$QualifiedNameTable$QualifiedName$Kind$1: loaded 3 times (x 72B)
Class kotlin.reflect.jvm.internal.impl.metadata.deserialization.Flags$BooleanFlagField: loaded 3 times (x 73B)
Class com.amazon.ion.IonTimestamp                                                     : loaded 3 times (x 68B)
Class kotlin.reflect.jvm.internal.impl.protobuf.GeneratedMessageLite$ExtendableMessage: loaded 3 times (x 97B)
Class org.jetbrains.plugins.gradle.model.RepositoryModels                             : loaded 3 times (x 68B)
Class kotlin.reflect.jvm.internal.impl.metadata.ProtoBuf$QualifiedNameTableOrBuilder  : loaded 3 times (x 68B)
Class kotlin.collections.builders.MapBuilder                                          : loaded 3 times (x 110B)
Class com.google.common.collect.ImmutableMap                                          : loaded 3 times (x 118B)
Class com.amazon.ion.impl.bin.IonManagedBinaryWriter$UserState$4                      : loaded 3 times (x 83B)
Class kotlin.reflect.jvm.internal.impl.descriptors.Visibilities$PrivateToThis         : loaded 3 times (x 73B)
Class kotlin.reflect.jvm.internal.impl.load.java.lazy.descriptors.LazyJavaPackageScope$KotlinClassLookupResult$Found: loaded 3 times (x 70B)
Class com.amazon.ion.impl.bin.IonManagedBinaryWriter$UserState$3                      : loaded 3 times (x 83B)
Class kotlin.reflect.jvm.internal.impl.protobuf.BoundedByteString                     : loaded 3 times (x 100B)
Class kotlin.reflect.jvm.internal.impl.builtins.jvm.JvmBuiltInsCustomizer$createMockJavaIoSerializableType$mockJavaIoPackageFragment$1: loaded 3 times (x 103B)
Class org.jetbrains.org.objectweb.asm.tree.MethodNode                                 : loaded 3 times (x 108B)
Class org.jetbrains.kotlin.load.kotlin.header.ReadKotlinClassHeaderAnnotationVisitor$KotlinMetadataArgumentVisitor$2: loaded 3 times (x 83B)
Class kotlin.reflect.jvm.internal.impl.metadata.deserialization.ProtoTypeTableUtilKt  : loaded 3 times (x 69B)
Class kotlin.reflect.jvm.internal.impl.metadata.deserialization.NameResolverImpl$WhenMappings: loaded 3 times (x 69B)
Class kotlin.jvm.functions.Function10                                                 : loaded 3 times (x 68B)
Class kotlin.reflect.jvm.internal.impl.load.java.typeEnhancement.JavaTypeQualifiers   : loaded 3 times (x 70B)
Class [Lcom.amazon.ion.impl.bin.IonRawBinaryWriter$StreamCloseMode;                   : loaded 3 times (x 67B)
Class com.amazon.ion.impl.bin.IonManagedBinaryWriter$UserState$2                      : loaded 3 times (x 83B)
Class [Lcom.amazon.ion.impl.bin.IonRawBinaryWriter$ContainerType;                     : loaded 3 times (x 67B)
Class kotlin.reflect.jvm.internal.impl.metadata.jvm.deserialization.JvmMemberSignature$Method: loaded 3 times (x 73B)
Class org.jetbrains.kotlin.config.LanguageFeature                                     : loaded 3 times (x 78B)
Class org.jetbrains.kotlin.load.kotlin.header.ReadKotlinClassHeaderAnnotationVisitor$KotlinMetadataArgumentVisitor$1: loaded 3 times (x 83B)
Class com.amazon.ion.impl.bin.IonManagedBinaryWriter$UserState$1                      : loaded 3 times (x 83B)
Class org.jetbrains.kotlin.metadata.ProtoBuf$VersionRequirementTable$1                : loaded 3 times (x 142B)
Class [Lkotlin.reflect.jvm.internal.impl.resolve.ExternalOverridabilityCondition$Contract;: loaded 3 times (x 67B)
Class com.google.common.base.Converter                                                : loaded 3 times (x 88B)
Class [Lkotlin.reflect.jvm.internal.impl.incremental.components.LookupLocation;       : loaded 3 times (x 67B)
Class com.amazon.ion.impl.lite.IonSexpLite                                            : loaded 3 times (x 450B)
Class org.jetbrains.kotlin.metadata.ProtoBuf$Modality                                 : loaded 3 times (x 80B)
Class kotlin.reflect.jvm.internal.impl.resolve.jvm.SyntheticJavaPartsProvider$Companion: loaded 3 times (x 69B)
Class kotlin.jvm.internal.MutablePropertyReference                                    : loaded 3 times (x 121B)
Class com.amazon.ion.UnexpectedEofException                                           : loaded 3 times (x 82B)
Class kotlin.reflect.jvm.internal.impl.load.java.DescriptorsJvmAbiUtil                : loaded 3 times (x 69B)
Class org.jetbrains.kotlin.descriptors.DescriptorVisibilities$1                       : loaded 3 times (x 77B)
Class kotlin.Lazy                                                                     : loaded 3 times (x 68B)
Class kotlin.collections.ArraysKt___ArraysKt$asSequence$$inlined$Sequence$1           : loaded 3 times (x 73B)
Class com.google.common.collect.ImmutableSet$EmptySetBuilderImpl                      : loaded 3 times (x 74B)
Class kotlin.reflect.jvm.internal.impl.types.SpecialTypesKt                           : loaded 3 times (x 69B)
Class com.amazon.ion.IonBlob                                                          : loaded 3 times (x 68B)
Class com.intellij.gradle.toolingExtension.impl.model.dependencyModel.DependencyWriteContext: loaded 3 times (x 70B)
Class org.jetbrains.kotlin.descriptors.DescriptorVisibilities$2                       : loaded 3 times (x 77B)
Class kotlin.reflect.jvm.internal.impl.protobuf.ByteString$ByteIterator               : loaded 3 times (x 68B)
Class kotlin.reflect.jvm.internal.impl.metadata.ProtoBuf$Type$Argument                : loaded 3 times (x 94B)
Class org.jetbrains.kotlin.metadata.ProtoBuf$Class$Kind                               : loaded 3 times (x 80B)
Class org.jetbrains.kotlin.config.LanguageFeature$Companion                           : loaded 3 times (x 69B)
Class org.jetbrains.kotlin.descriptors.DescriptorVisibilities$3                       : loaded 3 times (x 77B)
Class org.jetbrains.kotlin.metadata.ProtoBuf$AnnotationOrBuilder                      : loaded 3 times (x 68B)
Class kotlin.reflect.jvm.internal.impl.load.java.typeEnhancement.TypeComponentPosition: loaded 3 times (x 77B)
Class kotlin.reflect.jvm.internal.impl.incremental.components.LookupTracker           : loaded 3 times (x 68B)
Class org.jetbrains.kotlin.descriptors.DescriptorVisibilities$4                       : loaded 3 times (x 77B)
Class com.amazon.ion.util.GzipStreamInterceptor                                       : loaded 3 times (x 83B)
Class org.jetbrains.plugins.gradle.model.GradleSourceSetModel                         : loaded 3 times (x 68B)
Class kotlin.reflect.jvm.internal.impl.builtins.jvm.JvmBuiltInsPackageFragmentProvider$Companion: loaded 3 times (x 69B)
Class kotlin.reflect.jvm.internal.impl.resolve.ResolutionAnchorProviderKt             : loaded 3 times (x 69B)
Class kotlin.reflect.jvm.internal.impl.types.ClassTypeConstructorImpl                 : loaded 3 times (x 95B)
Class org.jetbrains.kotlin.descriptors.DescriptorVisibilities$5                       : loaded 3 times (x 77B)
Class kotlin.jvm.functions.Function11                                                 : loaded 3 times (x 68B)
Class kotlin.reflect.jvm.internal.impl.builtins.ReflectionTypes$Companion             : loaded 3 times (x 69B)
Class kotlin.reflect.jvm.internal.impl.serialization.deserialization.DeserializationComponents: loaded 3 times (x 70B)
Class kotlin.reflect.jvm.internal.impl.protobuf.SmallSortedMap$1                      : loaded 3 times (x 127B)
Class kotlin.reflect.jvm.internal.impl.metadata.jvm.JvmProtoBuf$StringTableTypes$Record$Operation: loaded 3 times (x 80B)
Class kotlin.reflect.jvm.internal.impl.descriptors.impl.FunctionDescriptorImpl$CopyConfiguration: loaded 3 times (x 135B)
Class kotlin.reflect.jvm.internal.impl.types.TypeProjection                           : loaded 3 times (x 68B)
Class com.google.gson.stream.MalformedJsonException                                   : loaded 3 times (x 80B)
Class com.google.common.util.concurrent.UncheckedExecutionException                   : loaded 3 times (x 80B)
Class kotlin.reflect.jvm.internal.impl.descriptors.NotFoundClasses                    : loaded 3 times (x 70B)
Class kotlin.reflect.jvm.internal.impl.metadata.jvm.JvmProtoBuf$JvmMethodSignature$1  : loaded 3 times (x 85B)
Class kotlin.reflect.jvm.internal.impl.descriptors.ParameterDescriptor                : loaded 3 times (x 68B)
Class kotlin.reflect.jvm.internal.impl.builtins.ReflectionTypes$ClassLookup           : loaded 3 times (x 69B)
Class org.jetbrains.kotlin.descriptors.DescriptorVisibilities$6                       : loaded 3 times (x 77B)
Class com.google.gson.stream.JsonReader                                               : loaded 3 times (x 95B)
Class kotlin.reflect.jvm.internal.impl.types.checker.KotlinTypePreparator             : loaded 3 times (x 71B)
Class com.google.common.cache.LocalCache$EntryFactory                                 : loaded 3 times (x 81B)
Class kotlin.reflect.jvm.internal.impl.serialization.deserialization.ContractDeserializer$Companion$DEFAULT$1: loaded 3 times (x 72B)
Class kotlin.reflect.jvm.internal.calls.CallerImpl$Method                             : loaded 3 times (x 79B)
Class kotlin.reflect.jvm.internal.impl.types.checker.KotlinTypeChecker$TypeConstructorEquality: loaded 3 times (x 68B)
Class kotlin.reflect.jvm.internal.impl.metadata.ProtoBuf$Function$1                   : loaded 3 times (x 85B)
Class kotlin.reflect.jvm.internal.impl.builtins.KotlinBuiltIns                        : loaded 3 times (x 111B)
Class org.jetbrains.kotlin.descriptors.DescriptorVisibilities$7                       : loaded 3 times (x 77B)
Class com.amazon.ion.IonStruct                                                        : loaded 3 times (x 68B)
Class com.amazon.ion.impl.lite.IonLobLite                                             : loaded 3 times (x 182B)
Class kotlin.reflect.jvm.internal.ReflectionFactoryImpl                               : loaded 3 times (x 89B)
Class kotlin.reflect.jvm.internal.impl.builtins.jvm.JvmBuiltInsPackageFragmentProvider: loaded 3 times (x 83B)
Class kotlin.reflect.jvm.internal.impl.load.java.descriptors.JavaCallableMemberDescriptor: loaded 3 times (x 68B)
Class kotlin.reflect.jvm.internal.impl.load.java.lazy.types.JavaTypeResolver          : loaded 3 times (x 70B)
Class org.jetbrains.kotlin.descriptors.DescriptorVisibilities$8                       : loaded 3 times (x 77B)
Class org.jetbrains.plugins.gradle.model.GradleProperty                               : loaded 3 times (x 68B)
Class com.google.common.collect.NullnessCasts                                         : loaded 3 times (x 69B)
Class org.jetbrains.kotlin.load.java.JvmAbi                                           : loaded 3 times (x 69B)
Class com.google.common.hash.PrimitiveSink                                            : loaded 3 times (x 68B)
Class org.jetbrains.kotlin.descriptors.DescriptorVisibilities$9                       : loaded 3 times (x 77B)
Class org.jetbrains.kotlin.metadata.jvm.JvmProtoBuf$JvmFieldSignature                 : loaded 3 times (x 106B)
Class org.jetbrains.org.objectweb.asm.FieldWriter                                     : loaded 3 times (x 76B)
Class com.amazon.ion.impl.lite.ContainerlessContext                                   : loaded 3 times (x 78B)
Class kotlin.reflect.KMutableProperty$Setter                                          : loaded 3 times (x 68B)
Class kotlin.reflect.jvm.internal.impl.resolve.jvm.InlineClassManglingRulesKt         : loaded 3 times (x 69B)
Class kotlin.jvm.functions.Function12                                                 : loaded 3 times (x 68B)
Class com.google.common.base.Equivalence                                              : loaded 3 times (x 80B)
Class org.jetbrains.kotlin.idea.gradleTooling.KotlinMPPGradleModel$Companion          : loaded 3 times (x 69B)
Class ijJvmDebugger1_3j4xjyrt7dlvdxrnwx1nk0r7p$_run_closure1                          : loaded 3 times (x 137B)
Class kotlin.reflect.jvm.internal.impl.storage.LockBasedStorageManager$LockBasedNotNullLazyValueWithPostCompute: loaded 3 times (x 83B)
Class kotlin.reflect.jvm.internal.impl.descriptors.impl.PackageViewDescriptorFactory$Companion: loaded 3 times (x 69B)
Class org.jetbrains.kotlin.metadata.jvm.JvmProtoBuf                                   : loaded 3 times (x 69B)
Class org.gradle.internal.Cast                                                        : loaded 3 times (x 69B)
Class kotlin.reflect.jvm.internal.impl.metadata.jvm.deserialization.JvmMetadataVersion$Companion: loaded 3 times (x 69B)
Class kotlin.reflect.jvm.internal.impl.utils.SmartSet$SingletonIterator               : loaded 3 times (x 79B)
Class com.google.common.collect.ImmutableBiMap                                        : loaded 3 times (x 141B)
Class com.google.common.cache.LocalCache$EntryFactory$1                               : loaded 3 times (x 81B)
Class com.google.gson.stream.JsonReader$1                                             : loaded 3 times (x 70B)
Class kotlin.reflect.jvm.internal.impl.metadata.jvm.JvmProtoBuf$JvmMethodSignature    : loaded 3 times (x 94B)
Class kotlin.jvm.functions.Function13                                                 : loaded 3 times (x 68B)
Class com.amazon.ion.IonDecimal                                                       : loaded 3 times (x 68B)
Class kotlin.reflect.jvm.internal.impl.metadata.deserialization.ProtoBufUtilKt        : loaded 3 times (x 69B)
Class kotlin.reflect.jvm.internal.impl.serialization.deserialization.DeserializationConfiguration: loaded 3 times (x 68B)
Class org.jetbrains.org.objectweb.asm.MethodWriter                                    : loaded 3 times (x 104B)
Class com.intellij.openapi.externalSystem.model.ExternalSystemException               : loaded 3 times (x 84B)
Class com.google.common.cache.LocalCache$EntryFactory$2                               : loaded 3 times (x 81B)
Class org.jetbrains.org.objectweb.asm.Symbol                                          : loaded 3 times (x 71B)
Class [Lkotlin.io.FileWalkDirection;                                                  : loaded 3 times (x 67B)
Class kotlin.reflect.jvm.internal.impl.descriptors.impl.ClassConstructorDescriptorImpl: loaded 3 times (x 214B)
Class kotlin.reflect.jvm.internal.impl.renderer.ParameterNameRenderingPolicy          : loaded 3 times (x 77B)
Class com.google.common.collect.ImmutableSet$SerializedForm                           : loaded 3 times (x 71B)
Class kotlin.reflect.jvm.internal.impl.metadata.ProtoBuf$MemberKind                   : loaded 3 times (x 80B)
Class com.google.common.cache.LocalCache$EntryFactory$3                               : loaded 3 times (x 81B)
Class kotlin.reflect.jvm.internal.impl.serialization.deserialization.descriptors.DeserializedMemberScope$Implementation: loaded 3 times (x 68B)
Class org.jetbrains.kotlin.com.intellij.openapi.util.io.FileTooBigException           : loaded 3 times (x 80B)
Class kotlin.reflect.jvm.internal.impl.metadata.deserialization.VersionSpecificBehaviorKt: loaded 3 times (x 69B)
Class [Lorg.jetbrains.kotlin.protobuf.Internal$EnumLite;                              : loaded 3 times (x 67B)
Class com.google.common.base.Supplier                                                 : loaded 3 times (x 68B)
Class org.jetbrains.kotlin.protobuf.LazyField                                         : loaded 3 times (x 81B)
Class kotlin.reflect.jvm.internal.impl.metadata.ProtoBuf$Annotation$Argument$Value$Type$1: loaded 3 times (x 72B)
Class com.google.common.cache.LocalCache$EntryFactory$4                               : loaded 3 times (x 81B)
Class org.jetbrains.kotlin.com.intellij.openapi.diagnostic.ControlFlowException       : loaded 3 times (x 68B)
Class kotlin.reflect.jvm.internal.RuntimeTypeMapper                                   : loaded 3 times (x 69B)
Class org.jetbrains.kotlin.metadata.deserialization.BinaryVersion$Companion           : loaded 3 times (x 69B)
Class com.google.common.cache.LocalCache$LocalLoadingCache                            : loaded 3 times (x 132B)
Class kotlin.reflect.jvm.internal.impl.protobuf.GeneratedMessageLite$ExtensionDescriptor: loaded 3 times (x 81B)
Class kotlin.reflect.jvm.internal.impl.descriptors.impl.AbstractReceiverParameterDescriptor: loaded 3 times (x 135B)
Class kotlin.reflect.jvm.internal.impl.load.java.structure.JavaClass                  : loaded 3 times (x 68B)
Class org.jetbrains.kotlin.serialization.deserialization.ProtoEnumFlagsUtilsKt$WhenMappings: loaded 3 times (x 69B)
Class com.google.common.cache.LocalCache$EntryFactory$5                               : loaded 3 times (x 81B)
Class [Lcom.amazon.ion.impl.bin.IonManagedBinaryWriter$UserState;                     : loaded 3 times (x 67B)
Class org.jetbrains.kotlin.protobuf.CodedOutputStream$OutOfSpaceException             : loaded 3 times (x 80B)
Class kotlin.reflect.jvm.internal.impl.serialization.deserialization.builtins.BuiltInsResourceLoader: loaded 3 times (x 70B)
Class kotlin.reflect.jvm.internal.impl.load.java.AnnotationQualifierApplicabilityType : loaded 3 times (x 77B)
Class kotlin.reflect.jvm.internal.impl.metadata.jvm.JvmProtoBuf$StringTableTypes$Record$1: loaded 3 times (x 85B)
Class kotlin.reflect.jvm.internal.impl.metadata.ProtoBuf$EnumEntryOrBuilder           : loaded 3 times (x 68B)
Class com.google.common.cache.LocalCache$EntryFactory$6                               : loaded 3 times (x 81B)
Class com.google.common.reflect.TypeResolver$TypeVariableKey                          : loaded 3 times (x 70B)
Class com.google.common.cache.LocalCache$EntryFactory$7                               : loaded 3 times (x 81B)
Class kotlin.reflect.jvm.internal.impl.resolve.OverridingUtil$8                       : loaded 3 times (x 69B)
Class kotlin.jvm.functions.Function14                                                 : loaded 3 times (x 68B)
Class kotlin.reflect.jvm.internal.impl.types.TypeConstructorSubstitution$Companion    : loaded 3 times (x 69B)
Class kotlin.reflect.jvm.internal.impl.resolve.OverridingUtil$7                       : loaded 3 times (x 73B)
Class com.google.common.cache.LocalCache$EntryFactory$8                               : loaded 3 times (x 81B)
Class org.jetbrains.kotlin.load.java.JvmAnnotationNames                               : loaded 3 times (x 69B)
Class kotlin.reflect.jvm.internal.impl.descriptors.runtime.components.ReflectKotlinClassKt: loaded 3 times (x 69B)
Class kotlin.reflect.jvm.internal.impl.types.model.TypeArgumentMarker                 : loaded 3 times (x 68B)
Class kotlin.reflect.jvm.internal.impl.resolve.OverridingUtil$6                       : loaded 3 times (x 72B)
Class kotlin.reflect.jvm.internal.impl.serialization.deserialization.ClassDeserializer: loaded 3 times (x 70B)
Class kotlin.reflect.jvm.internal.impl.serialization.deserialization.builtins.BuiltInSerializerProtocol: loaded 3 times (x 70B)
Class org.jetbrains.kotlin.protobuf.WireFormat                                        : loaded 3 times (x 69B)
Class kotlin.reflect.jvm.internal.impl.descriptors.impl.AbstractClassDescriptor       : loaded 3 times (x 172B)
Class kotlin.reflect.jvm.internal.impl.resolve.OverridingUtil$5                       : loaded 3 times (x 73B)
Class com.amazon.ion.IonDatagram                                                      : loaded 3 times (x 68B)
Class com.amazon.ion.impl.bin.IonRawBinaryWriter$PreallocationMode$1                  : loaded 3 times (x 80B)
Class kotlin.reflect.jvm.internal.impl.load.java.lazy.LazyJavaResolverContext         : loaded 3 times (x 70B)
Class kotlin.reflect.jvm.internal.impl.metadata.jvm.JvmProtoBuf$JvmFieldSignatureOrBuilder: loaded 3 times (x 68B)
Class kotlin.reflect.jvm.internal.impl.resolve.OverridingUtil$4                       : loaded 3 times (x 72B)
Class org.jetbrains.kotlin.descriptors.Visibilities$InvisibleFake                     : loaded 3 times (x 77B)
Class com.intellij.gradle.toolingExtension.impl.model.buildScriptClasspathModel.GradleBuildScriptClasspathSerializationService$ReadContext: loaded 3 times (x 70B)
Class com.amazon.ion.impl.bin.IonRawBinaryWriter$PreallocationMode$2                  : loaded 3 times (x 80B)
Class kotlin.collections.builders.MapBuilder$EntryRef                                 : loaded 3 times (x 79B)
Class org.jetbrains.kotlin.utils.CollectionsKt                                        : loaded 3 times (x 69B)
Class com.google.common.cache.CacheStats                                              : loaded 3 times (x 69B)
Class kotlin.reflect.KMutableProperty2                                                : loaded 3 times (x 68B)
Class kotlin.reflect.jvm.internal.impl.load.kotlin.KotlinClassFinder$Result$KotlinClass: loaded 3 times (x 70B)
Class com.amazon.ion.impl.bin.IonRawBinaryWriter$PreallocationMode$3                  : loaded 3 times (x 80B)
Class [Lkotlin.reflect.jvm.internal.impl.protobuf.WireFormat$JavaType;                : loaded 3 times (x 67B)
Class kotlin.reflect.jvm.internal.impl.resolve.OverridingUtil$3                       : loaded 3 times (x 73B)
Class com.google.common.cache.LocalCache$StrongValueReference                         : loaded 3 times (x 88B)
Class kotlin.reflect.KMutableProperty1                                                : loaded 3 times (x 68B)
Class org.jetbrains.kotlin.com.intellij.util.containers.LinkedCustomHashMap$Entry     : loaded 3 times (x 77B)
Class kotlin.reflect.KMutableProperty0                                                : loaded 3 times (x 68B)
Class kotlin.reflect.jvm.internal.impl.resolve.OverridingUtil$1                       : loaded 3 times (x 72B)
Class kotlin.reflect.jvm.internal.impl.resolve.scopes.AbstractScopeAdapter            : loaded 3 times (x 91B)
Class com.amazon.ion.impl.lite.IonSymbolLite                                          : loaded 3 times (x 244B)
Class [Lkotlin.reflect.jvm.internal.impl.descriptors.DescriptorVisibility;            : loaded 3 times (x 67B)
Class kotlin.reflect.jvm.internal.impl.load.kotlin.KotlinJvmBinaryClass$AnnotationArgumentVisitor: loaded 3 times (x 68B)
Class com.amazon.ion.impl.bin.BlockAllocatorProvider                                  : loaded 3 times (x 70B)
Class kotlin.properties.Delegates                                                     : loaded 3 times (x 69B)
Class kotlin.reflect.jvm.internal.impl.types.checker.NewTypeVariableConstructor       : loaded 3 times (x 68B)
Class kotlin.reflect.jvm.internal.impl.metadata.jvm.deserialization.UtfEncodingKt     : loaded 3 times (x 69B)
Class kotlin.reflect.jvm.internal.impl.load.java.JavaNullabilityAnnotationsStatus$Companion: loaded 3 times (x 69B)
Class org.jetbrains.kotlin.load.kotlin.header.ReadKotlinClassHeaderAnnotationVisitor$CollectStringArrayAnnotationVisitor: loaded 3 times (x 83B)
Class kotlin.reflect.jvm.internal.impl.descriptors.impl.PropertySetterDescriptorImpl  : loaded 3 times (x 189B)
Class com.amazon.ion.impl._Private_RecyclingStack$Recycler                            : loaded 3 times (x 68B)
Class kotlin.reflect.jvm.internal.impl.metadata.ProtoBuf$StringTable                  : loaded 3 times (x 94B)
Class kotlin.reflect.jvm.internal.KTypeImpl                                           : loaded 3 times (x 81B)
Class org.jetbrains.plugins.gradle.model.ExternalFilter                               : loaded 3 times (x 68B)
Class com.google.common.collect.SortedMapDifference                                   : loaded 3 times (x 68B)
Class com.google.common.base.MoreObjects                                              : loaded 3 times (x 69B)
Class kotlin.reflect.jvm.internal.KCallableImpl                                       : loaded 3 times (x 103B)
Class kotlin.reflect.jvm.internal.impl.load.java.JavaClassesTracker$Default           : loaded 3 times (x 72B)
Class ijKotlinCoroutineJvmDebugInit1_38zxhfive4p9ioq3rjey2itw6                        : loaded 3 times (x 177B)
Class kotlin.reflect.full.KClasses                                                    : loaded 3 times (x 69B)
Class com.amazon.ion.impl.lite.IonContext                                             : loaded 3 times (x 68B)
Class [Lorg.jetbrains.kotlin.metadata.jvm.JvmProtoBuf$StringTableTypes$Record$Operation;: loaded 3 times (x 67B)
Class kotlin.reflect.jvm.internal.impl.descriptors.annotations.Annotated              : loaded 3 times (x 68B)
Class com.google.common.collect.ImmutableMap$MapViewOfValuesAsSingletonSets           : loaded 3 times (x 124B)
Class org.jetbrains.kotlin.resolve.jvm.JvmClassName                                   : loaded 3 times (x 74B)
Class com.google.common.reflect.TypeResolver$TypeTable                                : loaded 3 times (x 71B)
Class org.jetbrains.kotlin.protobuf.AbstractMessageLite                               : loaded 3 times (x 96B)
Class kotlin.reflect.jvm.internal.impl.storage.LockBasedStorageManager$CacheWithNullableValuesBasedOnMemoizedFunction$1: loaded 3 times (x 74B)
Class kotlin.jvm.functions.Function15                                                 : loaded 3 times (x 68B)
Class kotlin.reflect.jvm.internal.impl.resolve.scopes.receivers.ThisClassReceiver     : loaded 3 times (x 68B)
Class kotlin.reflect.jvm.internal.impl.descriptors.FunctionDescriptor                 : loaded 3 times (x 68B)
Class kotlin.reflect.jvm.internal.impl.renderer.ExcludedTypeAnnotations               : loaded 3 times (x 69B)
Class com.google.common.reflect.Invokable$MethodInvokable                             : loaded 3 times (x 103B)
Class kotlin.reflect.jvm.internal.impl.types.DescriptorSubstitutor                    : loaded 3 times (x 69B)
Class com.google.common.base.CharMatcher$ForPredicate                                 : loaded 3 times (x 110B)
Class kotlin.reflect.jvm.internal.impl.serialization.deserialization.descriptors.DeserializedClassDescriptor$DeserializedClassMemberScope: loaded 3 times (x 100B)
Class org.jetbrains.plugins.gradle.tooling.serialization.SerializationService         : loaded 3 times (x 68B)
Class kotlin.reflect.jvm.internal.impl.serialization.deserialization.ProtoContainer   : loaded 3 times (x 71B)
Class [Lkotlin.reflect.jvm.internal.impl.types.Variance;                              : loaded 3 times (x 67B)
Class kotlin.reflect.jvm.internal.impl.builtins.KotlinBuiltIns$4                      : loaded 3 times (x 75B)
Class kotlin.jvm.internal.Lambda                                                      : loaded 3 times (x 73B)
Class com.amazon.ion.impl.bin.Symbols$2                                               : loaded 3 times (x 105B)
Class com.google.common.collect.ImmutableSet$Builder                                  : loaded 3 times (x 83B)
Class kotlin.reflect.jvm.internal.impl.builtins.KotlinBuiltIns$3                      : loaded 3 times (x 75B)
Class kotlin.reflect.jvm.internal.impl.serialization.deserialization.AnnotatedCallableKind: loaded 3 times (x 77B)
Class kotlin.reflect.jvm.internal.impl.load.java.lazy.JavaResolverSettings$Default    : loaded 3 times (x 74B)
Class kotlin.io.FileTreeWalk$WalkState                                                : loaded 3 times (x 71B)
Class kotlin.jvm.functions.Function16                                                 : loaded 3 times (x 68B)
Class kotlin.reflect.jvm.internal.impl.builtins.KotlinBuiltIns$2                      : loaded 3 times (x 75B)
Class org.jetbrains.kotlin.metadata.jvm.JvmProtoBuf$StringTableTypes$Record           : loaded 3 times (x 117B)
Class kotlin.reflect.jvm.internal.KPropertyImpl$Getter                                : loaded 3 times (x 123B)
Class kotlin.reflect.jvm.internal.impl.types.KotlinTypeKt                             : loaded 3 times (x 69B)
Class org.jetbrains.kotlin.metadata.ProtoBuf$Annotation                               : loaded 3 times (x 107B)
Class kotlin.reflect.jvm.internal.impl.resolve.constants.UShortValue                  : loaded 3 times (x 72B)
Class kotlin.reflect.jvm.internal.impl.builtins.KotlinBuiltIns$1                      : loaded 3 times (x 75B)
Class org.jetbrains.kotlin.idea.projectModel.KotlinCompilationCoordinates             : loaded 3 times (x 68B)
Class [Lorg.jetbrains.kotlin.com.intellij.openapi.diagnostic.LogLevel;                : loaded 3 times (x 67B)
Class org.jetbrains.kotlin.metadata.ProtoBuf$Modality$1                               : loaded 3 times (x 72B)
Class kotlin.reflect.jvm.internal.impl.descriptors.Modality                           : loaded 3 times (x 77B)
Class com.intellij.gradle.toolingExtension.impl.model.taskModel.GradleTaskSerialisationService: loaded 3 times (x 74B)
Class com.amazon.ion.SymbolTable                                                      : loaded 3 times (x 68B)
Class kotlin.reflect.jvm.internal.impl.load.java.lazy.descriptors.LazyJavaPackageScope$KotlinClassLookupResult$SyntheticClass: loaded 3 times (x 69B)
Class kotlin.reflect.jvm.internal.impl.builtins.jvm.JvmBuiltInClassDescriptorFactory$Companion: loaded 3 times (x 69B)
Class kotlin.reflect.jvm.internal.impl.descriptors.VariableAccessorDescriptor         : loaded 3 times (x 68B)
Class kotlin.reflect.jvm.internal.impl.descriptors.runtime.components.ReflectJavaClassFinder: loaded 3 times (x 75B)
Class kotlin.reflect.jvm.internal.impl.load.java.descriptors.JavaClassDescriptor      : loaded 3 times (x 68B)
Class kotlin.reflect.jvm.internal.impl.serialization.deserialization.LocalClassifierTypeSettings$Default: loaded 3 times (x 72B)
Class kotlin.reflect.jvm.internal.impl.types.model.DefinitelyNotNullTypeMarker        : loaded 3 times (x 68B)
Class org.jetbrains.kotlin.descriptors.DelegatedDescriptorVisibility                  : loaded 3 times (x 77B)
Class [Lcom.google.common.cache.LocalCache$Strength;                                  : loaded 3 times (x 67B)
Class com.amazon.ion.impl._Private_IonBinaryWriterBuilder                             : loaded 3 times (x 113B)
Class kotlin.reflect.jvm.internal.impl.descriptors.ValueDescriptor                    : loaded 3 times (x 68B)
Class com.amazon.ion.impl.bin.IonManagedBinaryWriter$ImportedSymbolResolverMode$1$1   : loaded 3 times (x 76B)
Class com.google.common.collect.AbstractRangeSet                                      : loaded 3 times (x 112B)
Class org.jetbrains.kotlin.protobuf.FieldSet$1                                        : loaded 3 times (x 69B)
Class kotlin.reflect.jvm.internal.impl.builtins.functions.BuiltInFictitiousFunctionClassFactory: loaded 3 times (x 75B)
Class com.google.common.collect.ExplicitOrdering                                      : loaded 3 times (x 113B)
Class kotlin.reflect.jvm.internal.impl.metadata.jvm.JvmProtoBuf$JvmPropertySignature$1: loaded 3 times (x 85B)
Class org.jetbrains.kotlin.idea.projectModel.KotlinTaskProperties                     : loaded 3 times (x 68B)
Class kotlin.reflect.jvm.internal.impl.metadata.builtins.BuiltInsBinaryVersion$Companion: loaded 3 times (x 69B)
Class kotlin.jvm.functions.Function17                                                 : loaded 3 times (x 68B)
Class com.google.common.util.concurrent.LazyLogger                                    : loaded 3 times (x 70B)
Class kotlin.reflect.jvm.internal.impl.descriptors.runtime.structure.Java16SealedRecordLoader: loaded 3 times (x 69B)
Class com.amazon.ion.impl._Private_IonContainer                                       : loaded 3 times (x 68B)
Class kotlin.reflect.jvm.internal.impl.descriptors.impl.PackageViewDescriptorFactory$Default: loaded 3 times (x 72B)
Class [Lcom.amazon.ion.util.GzipStreamInterceptor;                                    : loaded 3 times (x 67B)
Class kotlin.reflect.KProperty$Accessor                                               : loaded 3 times (x 68B)
Class kotlin.reflect.jvm.internal.impl.load.java.lazy.LazyJavaAnnotationsKt           : loaded 3 times (x 69B)
Class org.jetbrains.kotlin.com.intellij.openapi.diagnostic.LogLevel                   : loaded 3 times (x 77B)
Class [Lorg.jetbrains.kotlin.com.intellij.util.containers.LinkedCustomHashMap$Entry;  : loaded 3 times (x 67B)
Class kotlin.reflect.jvm.internal.impl.load.java.typeEnhancement.JavaTypeEnhancement  : loaded 3 times (x 70B)
Class com.google.common.collect.Maps$8                                                : loaded 3 times (x 80B)
Class kotlin.reflect.jvm.KTypesJvm                                                    : loaded 3 times (x 69B)
Class kotlin.reflect.jvm.internal.impl.load.java.typeEnhancement.JavaTypeEnhancement$SimpleResult: loaded 3 times (x 70B)
Class kotlin.reflect.jvm.internal.impl.types.ClassifierBasedTypeConstructor           : loaded 3 times (x 84B)
Class org.jetbrains.kotlin.descriptors.Visibilities$Unknown                           : loaded 3 times (x 77B)
Class org.jetbrains.kotlin.descriptors.Visibility                                     : loaded 3 times (x 77B)
Class kotlin.reflect.jvm.internal.impl.serialization.deserialization.DeserializedPackageFragmentImpl: loaded 3 times (x 107B)
Class kotlin.reflect.jvm.internal.impl.descriptors.ClassifierDescriptorWithTypeParameters: loaded 3 times (x 68B)
Class com.amazon.ion.impl._Private_IonSystem                                          : loaded 3 times (x 68B)
Class kotlin.SafePublicationLazyImpl                                                  : loaded 3 times (x 74B)
Class com.android.utils.FileUtils                                                     : loaded 3 times (x 69B)
Class kotlin.collections.IndexedValue                                                 : loaded 3 times (x 70B)
Class com.intellij.gradle.toolingExtension.impl.model.dependencyDownloadPolicyModel.GradleDependencyDownloadPolicy: loaded 3 times (x 68B)
Class org.jetbrains.kotlin.com.intellij.openapi.diagnostic.Attachment                 : loaded 3 times (x 70B)
Class com.amazon.ion.impl.bin.IonRawBinaryWriter                                      : loaded 3 times (x 167B)
Class org.jetbrains.kotlin.protobuf.GeneratedMessageLite$ExtendableMessage            : loaded 3 times (x 111B)
Class org.jetbrains.kotlin.metadata.ProtoBuf$ClassOrBuilder                           : loaded 3 times (x 68B)
Class com.google.common.base.PatternCompiler                                          : loaded 3 times (x 68B)
Class [Lcom.google.common.cache.CacheBuilder$NullListener;                            : loaded 3 times (x 67B)
Class kotlin.reflect.jvm.internal.impl.descriptors.TypeParameterDescriptor            : loaded 3 times (x 68B)
Class kotlin.reflect.jvm.internal.impl.metadata.jvm.JvmProtoBuf$StringTableTypes$1    : loaded 3 times (x 85B)
Class kotlin.reflect.jvm.internal.impl.metadata.ProtoBuf$Property$1                   : loaded 3 times (x 85B)
Class org.jetbrains.kotlin.tooling.core.ClosureKt                                     : loaded 3 times (x 69B)
Class org.jetbrains.kotlin.idea.projectModel.KotlinTarget                             : loaded 3 times (x 68B)
Class com.google.common.base.CharMatcher$InRange                                      : loaded 3 times (x 109B)
Class org.jetbrains.kotlin.metadata.ProtoBuf$ConstructorOrBuilder                     : loaded 3 times (x 68B)
Class kotlin.reflect.jvm.internal.impl.resolve.scopes.receivers.ImplicitReceiver      : loaded 3 times (x 68B)
Class kotlin.reflect.jvm.internal.impl.protobuf.ExtensionRegistryLite                 : loaded 3 times (x 71B)
Class kotlin.reflect.jvm.internal.impl.descriptors.runtime.structure.ReflectJavaModifierListOwner: loaded 3 times (x 68B)
Class org.jetbrains.plugins.gradle.tooling.serialization.RepositoriesModelSerializationService$ReadContext: loaded 3 times (x 70B)
Class kotlin.reflect.jvm.internal.impl.serialization.deserialization.descriptors.NonEmptyDeserializedAnnotations: loaded 3 times (x 87B)
Class kotlin.reflect.jvm.internal.impl.protobuf.FieldSet$1                            : loaded 3 times (x 69B)
Class kotlin.reflect.jvm.internal.impl.load.java.lazy.TypeParameterResolver$EMPTY     : loaded 3 times (x 72B)
Class com.google.common.util.concurrent.AbstractFuture$TrustedFuture                  : loaded 3 times (x 95B)
Class kotlin.reflect.jvm.internal.impl.descriptors.PropertyGetterDescriptor           : loaded 3 times (x 68B)
Class kotlin.reflect.jvm.internal.impl.metadata.ProtoBuf$Contract$1                   : loaded 3 times (x 85B)
Class kotlin.reflect.jvm.internal.impl.storage.SimpleLock$Companion                   : loaded 3 times (x 69B)
Class kotlin.reflect.jvm.internal.impl.protobuf.MessageLite$Builder                   : loaded 3 times (x 68B)
Class kotlin.reflect.jvm.internal.impl.descriptors.java.JavaVisibilities$PackageVisibility: loaded 3 times (x 73B)
Class [Lcom.amazon.ion.impl.bin.IonManagedBinaryWriter$ImportedSymbolResolverMode;    : loaded 3 times (x 67B)
Class kotlin.reflect.jvm.internal.impl.renderer.PropertyAccessorRenderingPolicy       : loaded 3 times (x 77B)
Class kotlin.reflect.jvm.internal.impl.resolve.DescriptorFactory$DefaultClassConstructorDescriptor: loaded 3 times (x 214B)
Class org.jetbrains.kotlin.idea.gradleTooling.KotlinSourceSetContainer                : loaded 3 times (x 68B)
Class org.jetbrains.plugins.gradle.tooling.util.IntObjectMap                          : loaded 3 times (x 71B)
Class com.amazon.ion.impl.IonWriterSystem                                             : loaded 3 times (x 169B)
Class org.jetbrains.org.objectweb.asm.tree.UnsupportedClassVersionException           : loaded 3 times (x 80B)
Class org.jetbrains.kotlin.protobuf.BoundedByteString                                 : loaded 3 times (x 110B)
Class org.jetbrains.kotlin.metadata.deserialization.Flags$FlagField                   : loaded 3 times (x 71B)
Class kotlin.reflect.jvm.internal.impl.renderer.DescriptorRenderer$ValueParametersHandler: loaded 3 times (x 68B)
Class kotlin.reflect.jvm.internal.impl.metadata.ProtoBuf$ValueParameterOrBuilder      : loaded 3 times (x 68B)
Class [Lkotlin.reflect.jvm.internal.impl.metadata.ProtoBuf$Type$Argument$Projection;  : loaded 3 times (x 67B)
Class kotlin.reflect.jvm.internal.impl.load.java.lazy.descriptors.ClassDeclaredMemberIndex: loaded 3 times (x 84B)
Class kotlin.reflect.jvm.internal.impl.descriptors.deserialization.ClassDescriptorFactory: loaded 3 times (x 68B)
Class kotlin.reflect.jvm.internal.impl.types.checker.KotlinTypeRefinerKt              : loaded 3 times (x 69B)
Class com.amazon.ion.impl.bin.IonManagedBinaryWriter                                  : loaded 3 times (x 164B)
Class [Lkotlin.reflect.jvm.internal.impl.load.java.AnnotationQualifierApplicabilityType;: loaded 3 times (x 67B)
Class com.amazon.ion.impl.LocalSymbolTable$Factory                                    : loaded 3 times (x 75B)
Class org.jetbrains.plugins.gradle.model.GradleExtension                              : loaded 3 times (x 68B)
Class kotlin.jvm.internal.markers.KMutableIterator                                    : loaded 3 times (x 68B)
Class com.google.common.cache.CacheLoader$1                                           : loaded 3 times (x 73B)
Class org.jetbrains.kotlin.metadata.ProtoBuf$Constructor                              : loaded 3 times (x 128B)
Class com.amazon.ion.impl.bin.Block                                                   : loaded 3 times (x 77B)
Class org.jetbrains.kotlin.metadata.jvm.deserialization.JvmNameResolverBase$WhenMappings: loaded 3 times (x 69B)
Class org.jetbrains.kotlin.metadata.ProtoBuf$Property                                 : loaded 3 times (x 174B)
Class kotlin.collections.builders.ListBuilderKt                                       : loaded 3 times (x 69B)
Class kotlin.reflect.jvm.internal.impl.descriptors.ClassKind                          : loaded 3 times (x 77B)
Class com.google.common.collect.Lists                                                 : loaded 3 times (x 69B)
Class com.google.common.collect.BiMap                                                 : loaded 3 times (x 68B)
Class kotlin.reflect.jvm.internal.impl.types.IntersectionTypeConstructor              : loaded 3 times (x 80B)
Class [Lkotlin.reflect.KAnnotatedElement;                                             : loaded 3 times (x 67B)
Class kotlin.reflect.jvm.internal.impl.descriptors.ScopesHolderForClass               : loaded 3 times (x 70B)
Class org.jetbrains.kotlin.config.KotlinCompilerVersion                               : loaded 3 times (x 69B)
Class org.jetbrains.kotlin.descriptors.annotations.Annotated                          : loaded 3 times (x 68B)
Class kotlin.reflect.jvm.internal.impl.descriptors.ValueParameterDescriptor           : loaded 3 times (x 68B)
Class com.google.common.base.CharMatcher$Negated                                      : loaded 3 times (x 111B)
Class org.jetbrains.kotlin.metadata.ProtoBuf$Type$1                                   : loaded 3 times (x 142B)
Class kotlin.reflect.jvm.internal.impl.descriptors.Visibilities$Inherited             : loaded 3 times (x 73B)
Class com.google.common.collect.AbstractMapEntry                                      : loaded 3 times (x 79B)
Class com.google.common.cache.LocalCache$LocalManualCache                             : loaded 3 times (x 97B)
Class org.jetbrains.kotlin.metadata.ProtoBuf$Visibility                               : loaded 3 times (x 80B)
Class kotlin.reflect.jvm.internal.impl.storage.LockBasedStorageManager                : loaded 3 times (x 93B)
Class com.amazon.ion.IonMutableCatalog                                                : loaded 3 times (x 68B)
Class kotlin.reflect.jvm.internal.impl.serialization.deserialization.descriptors.DeserializedPropertyDescriptor: loaded 3 times (x 209B)
Class kotlin.reflect.jvm.internal.impl.metadata.jvm.JvmProtoBuf$StringTableTypes      : loaded 3 times (x 94B)
Class kotlin.reflect.jvm.internal.impl.descriptors.java.JavaVisibilities$ProtectedStaticVisibility: loaded 3 times (x 73B)
Class kotlin.reflect.jvm.internal.impl.name.ClassId                                   : loaded 3 times (x 70B)
Class kotlin.reflect.jvm.internal.impl.renderer.DescriptorRenderer                    : loaded 3 times (x 76B)
Class kotlin.reflect.jvm.internal.impl.serialization.deserialization.builtins.BuiltInsPackageFragmentImpl$Companion: loaded 3 times (x 69B)
Class [Lkotlin.reflect.jvm.internal.impl.descriptors.ModuleDescriptor;                : loaded 3 times (x 67B)
Class kotlin.reflect.jvm.internal.impl.metadata.ProtoBuf$PackageOrBuilder             : loaded 3 times (x 68B)
Class org.jetbrains.kotlin.metadata.jvm.JvmProtoBuf$JvmFieldSignatureOrBuilder        : loaded 3 times (x 68B)
Class org.jetbrains.kotlin.protobuf.AbstractMessageLite$Builder                       : loaded 3 times (x 120B)
Class com.google.common.math.IntMath$1                                                : loaded 3 times (x 69B)
Class kotlin.reflect.jvm.internal.impl.serialization.deserialization.ContractDeserializer$Companion: loaded 3 times (x 69B)
Class kotlin.reflect.jvm.internal.impl.metadata.ProtoBuf$Type$Argument$1              : loaded 3 times (x 85B)
Class kotlin.jvm.functions.Function18                                                 : loaded 3 times (x 68B)
Class kotlin.reflect.jvm.internal.impl.load.java.lazy.types.JavaTypeFlexibility       : loaded 3 times (x 77B)
Class kotlin.reflect.jvm.internal.impl.serialization.deserialization.MemberDeserializer: loaded 3 times (x 70B)
Class kotlin.reflect.jvm.internal.impl.storage.NotNullLazyValue                       : loaded 3 times (x 68B)
Class [Lkotlin.reflect.jvm.internal.impl.renderer.AnnotationArgumentsRenderingPolicy; : loaded 3 times (x 67B)
Class org.jetbrains.kotlin.name.ClassId                                               : loaded 3 times (x 70B)
Class kotlin.reflect.jvm.internal.impl.builtins.BuiltInsPackageFragment               : loaded 3 times (x 68B)
Class kotlin.reflect.jvm.internal.impl.load.java.JavaDescriptorVisibilities           : loaded 3 times (x 69B)
Class org.jetbrains.kotlin.com.google.common.base.Function                            : loaded 3 times (x 68B)
Class kotlin.reflect.jvm.internal.impl.metadata.ProtoBuf$Annotation$Argument$Value    : loaded 3 times (x 94B)
Class kotlin.reflect.jvm.internal.impl.renderer.RenderingFormat$HTML                  : loaded 3 times (x 78B)
Class com.amazon.ion.system.IonTextWriterBuilder                                      : loaded 3 times (x 96B)
Class kotlin.reflect.jvm.internal.impl.serialization.deserialization.ClassDeserializer$Companion: loaded 3 times (x 69B)
Class kotlin.jvm.functions.Function19                                                 : loaded 3 times (x 68B)
Class [Lcom.google.common.reflect.Types$JavaVersion;                                  : loaded 3 times (x 67B)
Class kotlin.reflect.jvm.internal.impl.storage.StorageManager                         : loaded 3 times (x 68B)
Class [Lkotlin.reflect.jvm.internal.impl.renderer.PropertyAccessorRenderingPolicy;    : loaded 3 times (x 67B)
Class kotlin.reflect.jvm.internal.impl.load.java.SpecialGenericSignatures$Companion   : loaded 3 times (x 69B)
Class com.google.common.cache.CacheBuilder$NullListener                               : loaded 3 times (x 80B)
Class com.google.common.math.IntMath                                                  : loaded 3 times (x 69B)
Class kotlin.reflect.jvm.internal.impl.descriptors.impl.PackageViewDescriptorFactory  : loaded 3 times (x 68B)
Class org.jetbrains.kotlin.gradle.idea.serialize.IdeaKotlinSerializationContext       : loaded 3 times (x 68B)
Class kotlin.reflect.KProperty1$Getter                                                : loaded 3 times (x 68B)
Class kotlin.reflect.jvm.internal.impl.resolve.scopes.DescriptorKindFilter            : loaded 3 times (x 70B)
Class kotlin.reflect.jvm.internal.impl.metadata.ProtoBuf$QualifiedNameTable$QualifiedNameOrBuilder: loaded 3 times (x 68B)
Class org.jetbrains.plugins.gradle.model.ExternalTask                                 : loaded 3 times (x 68B)
Class kotlin.reflect.jvm.internal.impl.types.AbstractTypeConstructor$Supertypes       : loaded 3 times (x 70B)
Class kotlin.reflect.jvm.internal.impl.protobuf.SmallSortedMap$EntrySet               : loaded 3 times (x 135B)
Class kotlin.reflect.jvm.internal.impl.metadata.ProtoBuf$Visibility$1                 : loaded 3 times (x 72B)
Class kotlin.reflect.jvm.internal.impl.descriptors.SimpleFunctionDescriptor           : loaded 3 times (x 68B)
Class org.jetbrains.plugins.gradle.model.AnnotationProcessingModel                    : loaded 3 times (x 68B)
Class kotlin.reflect.jvm.internal.impl.types.checker.KotlinTypePreparator$Default     : loaded 3 times (x 71B)
Class kotlin.reflect.jvm.internal.KPropertyImpl$Companion                             : loaded 3 times (x 69B)
Class kotlin.reflect.jvm.internal.ReflectProperties                                   : loaded 3 times (x 69B)
Class com.amazon.ion.impl._Private_Utils$1                                            : loaded 3 times (x 87B)
Class kotlin.reflect.jvm.internal.impl.renderer.DescriptorRenderer$Companion          : loaded 3 times (x 69B)
Class org.jetbrains.plugins.gradle.tooling.serialization.internal.adapter.Supplier    : loaded 3 times (x 68B)
Class kotlin.reflect.jvm.internal.impl.descriptors.VariableDescriptorWithAccessors    : loaded 3 times (x 68B)
Class [Lkotlin.reflect.jvm.internal.impl.metadata.ProtoBuf$Modality;                  : loaded 3 times (x 67B)
Class kotlin.reflect.jvm.internal.impl.load.kotlin.header.KotlinClassHeader$Kind      : loaded 3 times (x 77B)
Class kotlin.reflect.jvm.internal.impl.serialization.deserialization.descriptors.DeserializedContainerSource: loaded 3 times (x 68B)
Class kotlin.reflect.jvm.internal.impl.metadata.ProtoBuf$Annotation$Builder           : loaded 3 times (x 90B)
Class org.jetbrains.kotlin.com.intellij.util.io.FileAccessorCache$Handle              : loaded 3 times (x 78B)
Class com.amazon.ion.IonBufferConfiguration$Builder                                   : loaded 3 times (x 76B)
Class kotlin.reflect.jvm.internal.impl.resolve.VisibilityUtilKt                       : loaded 3 times (x 69B)
Class kotlin.reflect.jvm.internal.impl.serialization.deserialization.descriptors.DeserializedMemberDescriptor: loaded 3 times (x 68B)
Class kotlin.reflect.jvm.internal.impl.types.TypeProjectionImpl                       : loaded 3 times (x 80B)
Class kotlin.reflect.jvm.internal.impl.protobuf.GeneratedMessageLite$1                : loaded 3 times (x 69B)
Class [Lkotlin.reflect.jvm.internal.impl.descriptors.annotations.AnnotatedImpl;       : loaded 3 times (x 67B)
Class com.amazon.ion.impl.SharedSymbolTable                                           : loaded 3 times (x 91B)
Class org.jetbrains.kotlin.tooling.core.AbstractExtras                                : loaded 3 times (x 139B)
Class org.jetbrains.kotlin.protobuf.WireFormat$FieldType                              : loaded 3 times (x 81B)
Class kotlin.reflect.jvm.internal.impl.metadata.ProtoBuf$ContractOrBuilder            : loaded 3 times (x 68B)
Class kotlin.reflect.jvm.internal.impl.metadata.jvm.deserialization.ClassMapperLite   : loaded 3 times (x 69B)
Class [Lkotlin.reflect.jvm.internal.impl.protobuf.WireFormat$FieldType;               : loaded 3 times (x 67B)
Class kotlin.reflect.jvm.internal.impl.metadata.jvm.JvmProtoBuf$JvmFieldSignature     : loaded 3 times (x 94B)
Class org.gradle.kotlin.dsl.Accessors2pp60hraaoc5rcjwcnreqyb6gKt                      : loaded 3 times (x 69B)
Class kotlin.reflect.jvm.internal.impl.descriptors.impl.DeclarationDescriptorNonRootImpl: loaded 3 times (x 94B)
Class kotlin.reflect.jvm.internal.impl.protobuf.WireFormat$FieldType                  : loaded 3 times (x 81B)
Class kotlin.reflect.jvm.internal.impl.load.kotlin.JavaFlexibleTypeDeserializer       : loaded 3 times (x 72B)
Class org.jetbrains.kotlin.metadata.ProtoBuf$TypeAliasOrBuilder                       : loaded 3 times (x 68B)
Class kotlin.reflect.jvm.internal.impl.protobuf.ProtocolStringList                    : loaded 3 times (x 68B)
Class kotlin.reflect.jvm.internal.impl.storage.LockBasedStorageManager$MapBasedMemoizedFunctionToNotNull: loaded 3 times (x 82B)
Class kotlin.reflect.jvm.internal.impl.metadata.ProtoBuf$Annotation$Argument$Value$Type: loaded 3 times (x 80B)
Class org.jetbrains.kotlin.protobuf.CodedOutputStream                                 : loaded 3 times (x 70B)
Class kotlin.reflect.jvm.internal.impl.load.java.NullabilityAnnotationStates          : loaded 3 times (x 68B)
Class [Lkotlin.reflect.KProperty;                                                     : loaded 3 times (x 67B)
Class [Lkotlin.reflect.jvm.internal.impl.builtins.jvm.JvmBuiltIns$Kind;               : loaded 3 times (x 67B)
Class com.google.common.math.MathPreconditions                                        : loaded 3 times (x 69B)
Class org.jetbrains.kotlin.metadata.ProtoBuf$Type                                     : loaded 3 times (x 146B)
Class com.google.common.base.CharMatcher$NegatedFastMatcher                           : loaded 3 times (x 111B)
Class kotlin.reflect.jvm.internal.impl.metadata.ProtoBuf$FunctionOrBuilder            : loaded 3 times (x 68B)
Class kotlin.reflect.jvm.internal.impl.resolve.constants.ULongValue                   : loaded 3 times (x 72B)
Class org.jetbrains.kotlin.protobuf.ByteString$ByteIterator                           : loaded 3 times (x 68B)
Class kotlin.reflect.jvm.internal.KTypeParameterOwnerImpl                             : loaded 3 times (x 68B)
Class kotlin.reflect.jvm.internal.impl.load.java.BuiltinSpecialPropertiesKt           : loaded 3 times (x 69B)
Class org.jetbrains.kotlin.cli.jvm.compiler.KotlinCoreEnvironment                     : loaded 3 times (x 70B)
Class kotlin.reflect.jvm.internal.impl.resolve.NonReportingOverrideStrategy           : loaded 3 times (x 74B)
Class kotlin.reflect.jvm.internal.impl.renderer.DescriptorRendererImpl$RenderDeclarationDescriptorVisitor: loaded 3 times (x 85B)
Class kotlin.reflect.jvm.internal.EmptyContainerForLocal                              : loaded 3 times (x 82B)
Class kotlin.reflect.jvm.internal.impl.metadata.ProtoBuf$VersionRequirementTable$1    : loaded 3 times (x 85B)
Class kotlin.reflect.jvm.internal.impl.descriptors.runtime.structure.ReflectJavaClass : loaded 3 times (x 113B)
Class kotlin.reflect.jvm.internal.impl.metadata.jvm.deserialization.JvmNameResolver   : loaded 3 times (x 75B)
Class [Lcom.amazon.ion.SymbolToken;                                                   : loaded 3 times (x 67B)
Class com.amazon.ion.impl.bin.IonManagedBinaryWriter$ImportedSymbolResolverMode       : loaded 3 times (x 78B)
Class kotlin.reflect.jvm.internal.KMutableProperty1Impl                               : loaded 3 times (x 133B)
Class org.jetbrains.kotlin.com.intellij.openapi.util.io.FileAttributes                : loaded 3 times (x 69B)
Class kotlin.reflect.jvm.internal.impl.protobuf.Utf8                                  : loaded 3 times (x 69B)
Class [Lkotlin.reflect.jvm.internal.impl.metadata.jvm.JvmProtoBuf$StringTableTypes$Record$Operation;: loaded 3 times (x 67B)
Class kotlin.reflect.jvm.internal.impl.load.java.structure.JavaAnnotationOwner        : loaded 3 times (x 68B)
Class com.google.common.collect.ReverseNaturalOrdering                                : loaded 3 times (x 112B)
Class org.jetbrains.kotlin.metadata.jvm.deserialization.JvmNameResolver               : loaded 3 times (x 78B)
Class kotlin.reflect.jvm.internal.impl.resolve.descriptorUtil.DescriptorUtilsKt       : loaded 3 times (x 69B)
Class [Lkotlin.reflect.jvm.internal.impl.descriptors.deserialization.ClassDescriptorFactory;: loaded 3 times (x 67B)
Class kotlin.reflect.jvm.internal.JvmFunctionSignature$KotlinFunction                 : loaded 3 times (x 71B)
Class kotlin.reflect.jvm.internal.impl.metadata.ProtoBuf$Type$Argument$Projection     : loaded 3 times (x 80B)
Class org.jetbrains.org.objectweb.asm.Context                                         : loaded 3 times (x 70B)
Class kotlin.reflect.jvm.internal.impl.descriptors.DeclarationDescriptorVisitor       : loaded 3 times (x 68B)
Class kotlin.reflect.jvm.internal.impl.descriptors.ModuleCapability                   : loaded 3 times (x 70B)
Class kotlin.sequences.SequencesKt__SequencesKt$asSequence$$inlined$Sequence$1        : loaded 3 times (x 73B)
Class com.amazon.ion.impl._Private_LocalSymbolTableFactory                            : loaded 3 times (x 68B)
Class kotlin.reflect.jvm.internal.impl.resolve.ExternalOverridabilityCondition        : loaded 3 times (x 68B)
Class kotlin.reflect.jvm.internal.impl.metadata.jvm.JvmProtoBuf$JvmPropertySignature$Builder: loaded 3 times (x 90B)
Class org.jetbrains.kotlin.metadata.deserialization.Flags                             : loaded 3 times (x 69B)
Class kotlin.reflect.jvm.internal.impl.resolve.scopes.receivers.ReceiverValue         : loaded 3 times (x 68B)
Class com.google.common.collect.Platform                                              : loaded 3 times (x 69B)
Class org.jetbrains.org.objectweb.asm.Type                                            : loaded 3 times (x 70B)
Class org.jetbrains.kotlin.load.kotlin.header.KotlinClassHeader                       : loaded 3 times (x 70B)
Class kotlin.reflect.jvm.internal.impl.load.java.components.JavaPropertyInitializerEvaluator: loaded 3 times (x 68B)
Class org.jetbrains.kotlin.metadata.jvm.JvmProtoBuf$JvmMethodSignature                : loaded 3 times (x 106B)
Class org.jetbrains.kotlin.metadata.ProtoBuf$Type$Argument$1                          : loaded 3 times (x 142B)
Class [Lkotlin.reflect.jvm.internal.impl.descriptors.DeclarationDescriptor;           : loaded 3 times (x 67B)
Class kotlin.SafePublicationLazyImpl$Companion                                        : loaded 3 times (x 69B)
Class kotlin.reflect.jvm.internal.impl.storage.LockBasedStorageManager$CacheWithNotNullValuesBasedOnMemoizedFunction: loaded 3 times (x 84B)
Class kotlin.reflect.jvm.internal.impl.metadata.ProtoBuf$Annotation$Argument$ValueOrBuilder: loaded 3 times (x 68B)
Class com.google.common.cache.LoadingCache                                            : loaded 3 times (x 68B)
Class org.jetbrains.kotlin.load.kotlin.header.KotlinClassHeader$Kind$Companion        : loaded 3 times (x 69B)
Class com.intellij.gradle.toolingExtension.impl.model.utilDummyModel.DummyModel       : loaded 3 times (x 68B)
Class kotlin.reflect.jvm.internal.impl.metadata.deserialization.VersionRequirementTable: loaded 3 times (x 70B)
Class kotlin.LazyKt__LazyJVMKt                                                        : loaded 3 times (x 69B)
Class kotlin.reflect.jvm.internal.impl.builtins.PrimitiveType$Companion               : loaded 3 times (x 69B)
Class org.jetbrains.kotlin.descriptors.DeclarationDescriptorWithVisibility            : loaded 3 times (x 68B)
Class com.amazon.ion.system.IonReaderBuilder                                          : loaded 3 times (x 93B)
Class org.jetbrains.kotlin.protobuf.GeneratedMessageLite$1                            : loaded 3 times (x 69B)
Class kotlin.reflect.jvm.internal.impl.descriptors.Visibilities$Public                : loaded 3 times (x 73B)
Class kotlin.jvm.internal.MutablePropertyReference1Impl                               : loaded 3 times (x 139B)
Class org.jetbrains.kotlin.protobuf.SmallSortedMap$EmptySet$1                         : loaded 3 times (x 76B)
Class kotlin.reflect.jvm.internal.impl.load.java.SpecialGenericSignatures$TypeSafeBarrierDescription$MAP_GET_OR_DEFAULT: loaded 3 times (x 77B)
Class kotlin.TypeCastException                                                        : loaded 3 times (x 80B)
Class kotlin.reflect.jvm.internal.impl.types.UnwrappedType                            : loaded 3 times (x 82B)
Class kotlin.reflect.jvm.internal.impl.types.SimpleTypeImpl                           : loaded 3 times (x 87B)
Class kotlin.reflect.jvm.internal.impl.builtins.jvm.JvmBuiltInsSignatures             : loaded 3 times (x 69B)
Class org.jetbrains.plugins.gradle.model.IntelliJProjectSettings                      : loaded 3 times (x 68B)
Class com.amazon.ion.impl.lite.IonFloatLite                                           : loaded 3 times (x 184B)
Class kotlin.reflect.jvm.internal.impl.load.java.NullabilityAnnotationStatesImpl      : loaded 3 times (x 73B)
Class org.jetbrains.kotlin.tooling.core.InternerKt                                    : loaded 3 times (x 69B)
Class kotlin.reflect.jvm.internal.impl.storage.LockBasedStorageManager$LockBasedLazyValueWithPostCompute: loaded 3 times (x 80B)
Class org.jetbrains.kotlin.protobuf.SmallSortedMap$EmptySet$2                         : loaded 3 times (x 76B)
Class kotlin.reflect.jvm.internal.impl.types.IndexedParametersSubstitution            : loaded 3 times (x 76B)
Class kotlin.reflect.jvm.internal.impl.types.AbstractClassTypeConstructor             : loaded 3 times (x 95B)
Class kotlin.reflect.jvm.internal.KClassifierImpl                                     : loaded 3 times (x 68B)
Class org.jetbrains.plugins.gradle.model.ClasspathEntryModel                          : loaded 3 times (x 68B)
Class kotlin.reflect.jvm.internal.impl.serialization.deserialization.descriptors.DescriptorWithContainerSource: loaded 3 times (x 68B)
Class kotlin.reflect.jvm.internal.impl.load.java.structure.JavaPrimitiveType          : loaded 3 times (x 68B)
Class kotlin.reflect.jvm.internal.impl.descriptors.DeserializedDescriptor             : loaded 3 times (x 68B)
Class com.google.common.base.Suppliers                                                : loaded 3 times (x 69B)
Class kotlin.reflect.jvm.internal.impl.descriptors.CallableMemberDescriptor$Kind      : loaded 3 times (x 77B)
Class com.amazon.ion.impl._Private_IonTextWriterBuilder$Mutable                       : loaded 3 times (x 100B)
Class org.jetbrains.kotlin.idea.projectModel.KotlinSourceSet                          : loaded 3 times (x 68B)
Class kotlin.reflect.jvm.internal.impl.descriptors.Visibility                         : loaded 3 times (x 73B)
Class com.google.common.base.CommonPattern                                            : loaded 3 times (x 72B)
Class kotlin.reflect.jvm.internal.impl.renderer.AnnotationArgumentsRenderingPolicy    : loaded 3 times (x 77B)
Class kotlin.reflect.jvm.internal.impl.storage.DefaultSimpleLock                      : loaded 3 times (x 76B)
Class kotlin.collections.CollectionsKt__IteratorsJVMKt$iterator$1                     : loaded 3 times (x 77B)
Class org.jetbrains.kotlin.metadata.ProtoBuf$Type$Argument                            : loaded 3 times (x 108B)
Class kotlin.KotlinVersionCurrentValue                                                : loaded 3 times (x 69B)
Class kotlin.SynchronizedLazyImpl                                                     : loaded 3 times (x 74B)
Class kotlin.collections.AbstractIterator                                             : loaded 3 times (x 81B)
Class kotlin.collections.builders.AbstractMapBuilderEntrySet                          : loaded 3 times (x 142B)
Class org.jetbrains.kotlin.mpp.DeclarationSymbolMarker                                : loaded 3 times (x 68B)
Class kotlin.reflect.jvm.internal.impl.resolve.constants.ByteValue                    : loaded 3 times (x 72B)
Class com.google.common.collect.SingletonImmutableBiMap                               : loaded 3 times (x 141B)
Class com.google.common.reflect.Types$JavaVersion                                     : loaded 3 times (x 81B)
Class com.google.common.util.concurrent.ExecutionError                                : loaded 3 times (x 80B)
Class kotlin.reflect.jvm.internal.impl.builtins.jvm.JvmBuiltInsCustomizer             : loaded 3 times (x 79B)
Class org.jetbrains.kotlin.protobuf.MessageLite                                       : loaded 3 times (x 68B)
Class kotlin.reflect.jvm.internal.impl.protobuf.RopeByteString$RopeInputStream        : loaded 3 times (x 90B)
Class com.amazon.ion.impl.lite.IonBlobLite                                            : loaded 3 times (x 217B)
Class [Lkotlin.reflect.jvm.internal.impl.metadata.ProtoBuf$QualifiedNameTable$QualifiedName$Kind;: loaded 3 times (x 67B)
Class kotlin.reflect.jvm.internal.impl.serialization.deserialization.descriptors.DeserializedClassDescriptor$DeserializedClassTypeConstructor: loaded 3 times (x 95B)
Class kotlin.reflect.jvm.internal.impl.descriptors.runtime.components.RuntimeModuleData: loaded 3 times (x 70B)
Class kotlin.reflect.jvm.internal.impl.resolve.scopes.GivenFunctionsMemberScope       : loaded 3 times (x 92B)
Class kotlin.reflect.jvm.internal.impl.builtins.jvm.JavaToKotlinClassMap$PlatformMutabilityMapping: loaded 3 times (x 70B)
Class org.jetbrains.kotlin.metadata.ProtoBuf$TypeAlias$1                              : loaded 3 times (x 142B)
Class kotlin.reflect.jvm.internal.impl.descriptors.DeclarationDescriptorNonRoot       : loaded 3 times (x 68B)
Class kotlin.sequences.DropTakeSequence                                               : loaded 3 times (x 68B)
Class kotlin.reflect.jvm.internal.impl.metadata.deserialization.TypeTable             : loaded 3 times (x 70B)
Class com.google.common.base.Strings                                                  : loaded 3 times (x 69B)
Class com.google.common.base.Equivalence$Identity                                     : loaded 3 times (x 80B)
Class com.amazon.ion.IonClob                                                          : loaded 3 times (x 68B)
Class com.amazon.ion.impl._Private_IonWriterBase                                      : loaded 3 times (x 160B)
Class com.amazon.ion.impl.lite.ValueFactoryLite                                       : loaded 3 times (x 216B)
Class com.amazon.ion.IonContainer                                                     : loaded 3 times (x 68B)
Class com.android.ide.gradle.model.LegacyAndroidGradlePluginPropertiesModelParameters : loaded 3 times (x 68B)
Class org.jetbrains.kotlin.descriptors.Visibilities$Inherited                         : loaded 3 times (x 77B)
Class kotlin.reflect.jvm.internal.impl.serialization.deserialization.descriptors.DeserializedMemberScope$OptimizedImplementation: loaded 3 times (x 79B)
Class kotlin.reflect.jvm.internal.impl.descriptors.impl.ModuleAwareClassDescriptorKt  : loaded 3 times (x 69B)
Class kotlin.reflect.jvm.internal.impl.protobuf.FieldSet                              : loaded 3 times (x 70B)
Class com.google.common.cache.RemovalListener                                         : loaded 3 times (x 68B)
Class kotlin.jvm.internal.ArrayIteratorKt                                             : loaded 3 times (x 69B)
Class org.jetbrains.plugins.gradle.model.DependencyAccessorsModel                     : loaded 3 times (x 68B)
Class org.jetbrains.plugins.gradle.tooling.serialization.GradleExtensionsSerializationService: loaded 3 times (x 75B)
Class kotlin.collections.AbstractMutableSet                                           : loaded 3 times (x 140B)
Class org.jetbrains.kotlin.load.kotlin.KotlinJvmBinaryClass$AnnotationArrayArgumentVisitor: loaded 3 times (x 68B)
Class org.jetbrains.kotlin.build.report.metrics.LOAD_CONTENTS_OF_CLASSES              : loaded 3 times (x 70B)
Class org.jetbrains.kotlin.com.google.common.base.Preconditions                       : loaded 3 times (x 69B)
Class com.google.common.base.CharMatcher$AnyOf                                        : loaded 3 times (x 110B)
Class kotlin.reflect.jvm.internal.impl.builtins.jvm.CloneableClassScope$Companion     : loaded 3 times (x 69B)
Class org.jetbrains.plugins.gradle.model.ProjectImportModelProvider                   : loaded 3 times (x 68B)
Class com.google.common.base.CharMatcher$IsEither                                     : loaded 3 times (x 109B)
Class kotlin.reflect.jvm.internal.impl.protobuf.AbstractMessageLite$Builder$LimitedInputStream: loaded 3 times (x 90B)
Class kotlin.reflect.jvm.internal.impl.metadata.ProtoBuf$Constructor$1                : loaded 3 times (x 85B)
Class org.jetbrains.kotlin.metadata.ProtoBuf$PackageOrBuilder                         : loaded 3 times (x 68B)
Class org.jetbrains.kotlin.cli.common.ModuleVisibilityHelperImpl                      : loaded 3 times (x 72B)
Class kotlin.reflect.jvm.internal.impl.protobuf.FieldSet$FieldDescriptorLite          : loaded 3 times (x 68B)
Class com.google.common.collect.Maps$EntryTransformer                                 : loaded 3 times (x 68B)
Class kotlin.reflect.jvm.internal.impl.load.java.lazy.descriptors.DeclaredMemberIndex : loaded 3 times (x 68B)
Class kotlin.reflect.jvm.internal.impl.descriptors.CallableDescriptor                 : loaded 3 times (x 68B)
Class kotlin.properties.ObservableProperty                                            : loaded 3 times (x 81B)
Class kotlin.reflect.jvm.internal.impl.name.Name                                      : loaded 3 times (x 73B)
Class kotlin.reflect.jvm.internal.impl.renderer.DescriptorRendererImpl                : loaded 3 times (x 97B)
Class org.jetbrains.kotlin.metadata.jvm.JvmProtoBuf$JvmFieldSignature$1               : loaded 3 times (x 142B)
Class kotlin.reflect.jvm.internal.impl.descriptors.CallableMemberDescriptor           : loaded 3 times (x 68B)
Class kotlin.reflect.jvm.internal.impl.metadata.ProtoBuf$QualifiedNameTable$QualifiedName$1: loaded 3 times (x 85B)
Class org.jetbrains.kotlin.load.kotlin.KotlinJvmBinaryClass                           : loaded 3 times (x 68B)
Class kotlin.reflect.jvm.internal.impl.resolve.scopes.receivers.ImplicitClassReceiver : loaded 3 times (x 80B)
Class com.android.ide.gradle.model.GradlePluginModel                                  : loaded 3 times (x 68B)
Class org.jetbrains.org.objectweb.asm.tree.Util                                       : loaded 3 times (x 69B)
Class com.google.common.cache.CacheLoader$InvalidCacheLoadException                   : loaded 3 times (x 80B)
Class kotlin.reflect.jvm.internal.impl.types.TypeSubstitution$Companion$EMPTY$1       : loaded 3 times (x 75B)
Class [Lkotlin.reflect.jvm.internal.impl.load.java.structure.LightClassOriginKind;    : loaded 3 times (x 67B)
Class kotlin.reflect.jvm.internal.impl.protobuf.WireFormat$JavaType                   : loaded 3 times (x 77B)
Class kotlin.reflect.jvm.internal.impl.metadata.deserialization.BinaryVersion$Companion: loaded 3 times (x 69B)
Class org.jetbrains.kotlin.protobuf.ByteString                                        : loaded 3 times (x 106B)
Class com.intellij.gradle.toolingExtension.impl.model.sourceSetModel.GradleSourceSetSerialisationService$Companion: loaded 3 times (x 69B)
Class kotlin.reflect.jvm.internal.impl.descriptors.runtime.structure.ReflectJavaPackage: loaded 3 times (x 80B)
Class kotlin.reflect.KProperty2                                                       : loaded 3 times (x 68B)
Class kotlin.reflect.jvm.internal.impl.metadata.jvm.JvmProtoBuf$JvmFieldSignature$1   : loaded 3 times (x 85B)
Class com.intellij.gradle.toolingExtension.impl.model.buildScriptClasspathModel.GradleBuildScriptClasspathSerializationService: loaded 3 times (x 75B)
Class com.amazon.ion.IonBufferConfiguration$OversizedSymbolTableHandler               : loaded 3 times (x 68B)
Class com.google.common.cache.CacheLoader$SupplierToCacheLoader                       : loaded 3 times (x 73B)
Class kotlin.reflect.KProperty1                                                       : loaded 3 times (x 68B)
Class kotlin.reflect.jvm.internal.impl.load.kotlin.DeserializedDescriptorResolver$Companion: loaded 3 times (x 69B)
Class kotlin.reflect.jvm.internal.impl.incremental.components.LookupLocation          : loaded 3 times (x 68B)
Class kotlin.reflect.KClass                                                           : loaded 3 times (x 68B)
Class kotlin.reflect.KProperty0                                                       : loaded 3 times (x 68B)
Class kotlin.reflect.jvm.internal.impl.load.java.components.JavaResolverCache         : loaded 3 times (x 68B)
Class kotlin.reflect.jvm.internal.impl.types.Variance                                 : loaded 3 times (x 78B)
Class com.google.common.base.Stopwatch                                                : loaded 3 times (x 70B)
Class com.amazon.ion.IonNumber                                                        : loaded 3 times (x 68B)
Class kotlin.io.FileTreeWalk$FileTreeWalkIterator$WhenMappings                        : loaded 3 times (x 69B)
Class kotlin.reflect.jvm.internal.calls.Caller$DefaultImpls                           : loaded 3 times (x 69B)
Class kotlin.reflect.jvm.internal.impl.resolve.ExternalOverridabilityCondition$Result : loaded 3 times (x 77B)
Class com.google.common.util.concurrent.AbstractFuture$Listener                       : loaded 3 times (x 70B)
Class com.amazon.ion.UnsupportedIonVersionException                                   : loaded 3 times (x 83B)
Class org.jetbrains.plugins.gradle.tooling.ModelBuilderService$Parameter              : loaded 3 times (x 68B)
Class kotlin.reflect.jvm.internal.impl.descriptors.runtime.structure.ReflectJavaClass$methods$2: loaded 3 times (x 127B)
Class kotlin.reflect.jvm.internal.CreateKCallableVisitor                              : loaded 3 times (x 102B)
Class kotlin.reflect.jvm.internal.impl.name.FqNamesUtilKt                             : loaded 3 times (x 69B)
Class com.google.common.reflect.Types                                                 : loaded 3 times (x 69B)
Class org.jetbrains.kotlin.protobuf.WireFormat$JavaType                               : loaded 3 times (x 77B)
Class com.google.common.base.Platform$JdkPatternCompiler                              : loaded 3 times (x 73B)
Class kotlin.reflect.jvm.internal.impl.metadata.ProtoBuf$QualifiedNameTable$QualifiedName$Kind: loaded 3 times (x 80B)
Class kotlin.reflect.jvm.internal.impl.descriptors.impl.PropertyGetterDescriptorImpl  : loaded 3 times (x 189B)
Class com.amazon.ion.system.SimpleCatalog                                             : loaded 3 times (x 89B)
Class kotlin.reflect.jvm.internal.impl.descriptors.impl.PackageFragmentDescriptorImpl : loaded 3 times (x 103B)
Class kotlin.reflect.jvm.internal.impl.metadata.ProtoBuf$QualifiedNameTable           : loaded 3 times (x 94B)
Class com.intellij.gradle.toolingExtension.impl.model.sourceSetModel.GradleSourceSetSerialisationService: loaded 3 times (x 75B)
Class kotlin.reflect.jvm.internal.impl.descriptors.PackageViewDescriptor              : loaded 3 times (x 68B)
Class kotlin.reflect.jvm.internal.impl.descriptors.impl.PropertyAccessorDescriptorImpl: loaded 3 times (x 185B)
Class org.jetbrains.kotlin.com.intellij.openapi.vfs.impl.ZipHandler                   : loaded 3 times (x 80B)
Class org.jetbrains.kotlin.config.LanguageVersion$Companion                           : loaded 3 times (x 69B)
Class [Lorg.jetbrains.kotlin.protobuf.WireFormat$FieldType;                           : loaded 3 times (x 67B)
Class org.jetbrains.kotlin.metadata.jvm.JvmProtoBuf$JvmMethodSignature$Builder        : loaded 3 times (x 132B)
Class kotlin.reflect.jvm.internal.impl.renderer.RenderingFormat$PLAIN                 : loaded 3 times (x 78B)
Class kotlin.reflect.jvm.internal.impl.utils.SmartSet$Companion                       : loaded 3 times (x 69B)
Class com.amazon.ion.impl._Private_LocalSymbolTable                                   : loaded 3 times (x 68B)
Class kotlin.reflect.jvm.internal.impl.load.java.components.DescriptorResolverUtils   : loaded 3 times (x 69B)
Class kotlin.reflect.jvm.internal.impl.load.kotlin.header.KotlinClassHeader           : loaded 3 times (x 70B)
Class org.jetbrains.kotlin.cli.common.messages.MessageCollector$Companion             : loaded 3 times (x 69B)
Class kotlin.reflect.jvm.internal.impl.load.kotlin.KotlinClassFinder                  : loaded 3 times (x 68B)
Class com.amazon.ion.impl.bin.utf8.Utf8StringEncoderPool$1                            : loaded 3 times (x 74B)
Class com.intellij.openapi.externalSystem.model.project.dependencies.ResolutionState  : loaded 3 times (x 77B)
Class org.jetbrains.kotlin.cli.common.CompilerSystemProperties$value$1                : loaded 3 times (x 127B)
Class [Lcom.intellij.openapi.externalSystem.model.project.dependencies.ResolutionState;: loaded 3 times (x 67B)
Class com.google.common.cache.LocalCache$LoadingValueReference                        : loaded 3 times (x 94B)
Class kotlin.reflect.jvm.internal.impl.descriptors.impl.ValueParameterDescriptorImpl  : loaded 3 times (x 163B)
Class kotlin.reflect.jvm.internal.impl.descriptors.runtime.structure.ReflectJavaAnnotationOwnerKt: loaded 3 times (x 69B)
Class org.jetbrains.kotlin.metadata.jvm.JvmProtoBuf$StringTableTypes$1                : loaded 3 times (x 142B)
Class kotlin.jvm.internal.markers.KMutableSet                                         : loaded 3 times (x 68B)
Class com.amazon.ion.impl.bin.IonManagedBinaryWriter$SymbolState$4                    : loaded 3 times (x 78B)
Class org.jetbrains.kotlin.metadata.ProtoBuf$Annotation$1                             : loaded 3 times (x 142B)
Class kotlin.reflect.jvm.internal.impl.metadata.deserialization.BinaryVersion         : loaded 3 times (x 70B)
Class com.intellij.util.containers.IntObjectHashMap$ArrayProducer                     : loaded 3 times (x 68B)
Class com.amazon.ion.impl.bin.IonManagedBinaryWriter$SymbolState$3                    : loaded 3 times (x 78B)
Class kotlin.reflect.jvm.internal.impl.renderer.RenderingFormat                       : loaded 3 times (x 78B)
Class com.amazon.ion.impl.bin.IonManagedBinaryWriter$SymbolState$2                    : loaded 3 times (x 78B)
Class kotlin.reflect.jvm.internal.impl.load.java.JvmAbi                               : loaded 3 times (x 69B)
Class kotlin.reflect.jvm.internal.impl.descriptors.Visibilities$Internal              : loaded 3 times (x 73B)
Class kotlin.reflect.jvm.ReflectJvmMapping                                            : loaded 3 times (x 69B)
Class kotlin.reflect.jvm.internal.impl.serialization.deserialization.AbstractDeserializedPackageFragmentProvider: loaded 3 times (x 83B)
Class com.amazon.ion.impl.bin.IonManagedBinaryWriter$SymbolState$1                    : loaded 3 times (x 78B)
Class org.jetbrains.kotlin.descriptors.DescriptorVisibilities                         : loaded 3 times (x 69B)
Class kotlin.reflect.jvm.internal.impl.serialization.deserialization.descriptors.DeserializedClassDescriptor$DeserializedClassMemberScope$generateFakeOverrides$1: loaded 3 times (x 75B)
Class com.google.common.reflect.Types$ClassOwnership$3                                : loaded 3 times (x 69B)
Class kotlin.reflect.jvm.internal.impl.load.java.components.JavaResolverCache$1       : loaded 3 times (x 76B)
Class kotlin.jvm.internal.markers.KMutableMap                                         : loaded 3 times (x 68B)
Class kotlin.reflect.jvm.internal.impl.load.kotlin.SignatureBuildingComponents        : loaded 3 times (x 69B)
Class org.jetbrains.kotlin.metadata.ProtoBuf$ValueParameter                           : loaded 3 times (x 131B)
Class kotlin.reflect.jvm.internal.impl.descriptors.TypeParameterUtilsKt               : loaded 3 times (x 69B)
Class com.google.common.reflect.Types$ClassOwnership$2                                : loaded 3 times (x 78B)
Class com.google.common.collect.Hashing                                               : loaded 3 times (x 69B)
Class kotlin.reflect.jvm.internal.impl.metadata.ProtoBuf$Type                         : loaded 3 times (x 100B)
Class com.amazon.ion.impl.LocalSymbolTable                                            : loaded 3 times (x 119B)
Class com.google.common.reflect.Invokable                                             : loaded 3 times (x 99B)
Class com.google.common.reflect.Types$ClassOwnership$1                                : loaded 3 times (x 78B)
Class com.amazon.ion.ValueFactory                                                     : loaded 3 times (x 68B)
Class kotlin.reflect.jvm.internal.impl.descriptors.Modality$Companion                 : loaded 3 times (x 69B)
Class org.jetbrains.plugins.gradle.model.GradleExtensions                             : loaded 3 times (x 68B)
Class kotlin.reflect.jvm.internal.impl.metadata.jvm.JvmProtoBuf$StringTableTypes$RecordOrBuilder: loaded 3 times (x 68B)
Class kotlin.reflect.jvm.internal.impl.protobuf.LazyStringArrayList                   : loaded 3 times (x 221B)
Class com.google.common.collect.NullsFirstOrdering                                    : loaded 3 times (x 113B)
Class kotlin.reflect.jvm.internal.KProperty1Impl$Getter                               : loaded 3 times (x 128B)
Class kotlin.reflect.jvm.internal.impl.load.java.JavaClassFinder$Request              : loaded 3 times (x 70B)
Class com.google.common.collect.ImmutableRangeSet$ComplementRanges                    : loaded 3 times (x 167B)
Class kotlin.reflect.jvm.internal.impl.protobuf.LazyFieldLite                         : loaded 3 times (x 74B)
Class kotlin.reflect.jvm.internal.impl.storage.LockBasedStorageManager$LockBasedLazyValue: loaded 3 times (x 79B)
Class kotlin.reflect.jvm.internal.KotlinReflectionInternalError                       : loaded 3 times (x 80B)
Class kotlin.reflect.jvm.internal.impl.resolve.jvm.CompositeSyntheticJavaPartsProvider: loaded 3 times (x 77B)
Class kotlin.reflect.jvm.internal.impl.load.java.lazy.JavaResolverSettings            : loaded 3 times (x 68B)
Class org.jetbrains.plugins.gradle.model.GradleSourceSetDependencyModel               : loaded 3 times (x 68B)
Class kotlin.reflect.jvm.internal.JvmFunctionSignature$KotlinConstructor              : loaded 3 times (x 71B)
Class kotlin.reflect.jvm.internal.impl.types.TypeUtils                                : loaded 3 times (x 69B)
Class org.jetbrains.org.objectweb.asm.RecordComponentVisitor                          : loaded 3 times (x 75B)
Class kotlin.reflect.KClasses                                                         : loaded 3 times (x 69B)
Class org.jetbrains.kotlin.tooling.core.Extras$Entry$Companion                        : loaded 3 times (x 69B)
Class com.google.common.base.Suppliers$SupplierOfInstance                             : loaded 3 times (x 77B)
Class [Lkotlin.reflect.jvm.internal.impl.resolve.scopes.MemberScope;                  : loaded 3 times (x 67B)
Class org.jetbrains.plugins.gradle.tooling.serialization.GradleExtensionsSerializationService$WriteContext: loaded 3 times (x 70B)
Class org.jetbrains.kotlin.protobuf.GeneratedMessageLite$Builder                      : loaded 3 times (x 126B)
Class kotlin.reflect.jvm.internal.impl.serialization.deserialization.KotlinMetadataFinder: loaded 3 times (x 68B)
Class org.jetbrains.kotlin.metadata.jvm.deserialization.JvmNameResolverKt             : loaded 3 times (x 69B)
Class kotlin.reflect.jvm.internal.impl.metadata.ProtoBuf$TypeOrBuilder                : loaded 3 times (x 68B)
Class kotlin.reflect.jvm.internal.impl.load.kotlin.DeserializationComponentsForJavaKt : loaded 3 times (x 69B)
Class org.jetbrains.kotlin.metadata.ProtoBuf$TypeTable$1                              : loaded 3 times (x 142B)
Class [Lcom.google.common.reflect.Types$ClassOwnership;                               : loaded 3 times (x 67B)
Class kotlin.reflect.jvm.internal.impl.metadata.jvm.deserialization.BitEncoding       : loaded 3 times (x 69B)
Class kotlin.reflect.jvm.internal.impl.descriptors.VariableDescriptor                 : loaded 3 times (x 68B)
Class kotlin.reflect.jvm.internal.impl.metadata.ProtoBuf$MemberKind$1                 : loaded 3 times (x 72B)
Class kotlin.reflect.jvm.internal.impl.load.java.BuiltinSpecialProperties             : loaded 3 times (x 69B)
Class org.jetbrains.kotlin.protobuf.Internal$EnumLite                                 : loaded 3 times (x 68B)
Class com.google.common.collect.NaturalOrdering                                       : loaded 3 times (x 113B)
Class kotlin.reflect.jvm.internal.calls.CallerImpl$Method$Instance                    : loaded 3 times (x 79B)
Class kotlin.reflect.jvm.internal.impl.types.TypeSubstitution                         : loaded 3 times (x 75B)
Class com.google.common.cache.LocalCache                                              : loaded 3 times (x 185B)
Class org.jetbrains.kotlin.tooling.core.InternerImpl                                  : loaded 3 times (x 74B)
Class kotlin.reflect.jvm.internal.impl.load.java.JavaTypeEnhancementState$Companion$DEFAULT$1: loaded 3 times (x 127B)
Class kotlin.reflect.jvm.internal.impl.descriptors.PackageFragmentDescriptor          : loaded 3 times (x 68B)
Class [Lorg.jetbrains.kotlin.com.intellij.openapi.util.io.FileAttributes$CaseSensitivity;: loaded 3 times (x 67B)
Class kotlin.reflect.jvm.internal.impl.metadata.ProtoBuf$ConstructorOrBuilder         : loaded 3 times (x 68B)
Class org.jetbrains.kotlin.metadata.ProtoBuf$Class$Kind$1                             : loaded 3 times (x 72B)
Class org.jetbrains.plugins.gradle.tooling.serialization.ExternalTestsSerializationService$WriteContext: loaded 3 times (x 70B)
Class com.amazon.ion.impl.bin.IonManagedBinaryWriter$SymbolState                      : loaded 3 times (x 78B)
Class kotlin.reflect.jvm.internal.impl.descriptors.deserialization.AdditionalClassPartsProvider: loaded 3 times (x 68B)
Class com.google.common.base.JdkPattern                                               : loaded 3 times (x 73B)
Class com.google.common.collect.ImmutableSortedAsList                                 : loaded 3 times (x 181B)
Class org.jetbrains.kotlin.protobuf.LiteralByteString                                 : loaded 3 times (x 110B)
Class com.amazon.ion.BufferConfiguration$DataHandler                                  : loaded 3 times (x 68B)
Class kotlin.reflect.jvm.internal.impl.load.kotlin.header.ReadKotlinClassHeaderAnnotationVisitor$CollectStringArrayAnnotationVisitor: loaded 3 times (x 83B)
Class kotlin.reflect.jvm.internal.impl.resolve.sam.SamConversionResolverImpl          : loaded 3 times (x 70B)
Class org.jetbrains.kotlin.protobuf.AbstractMessageLite$Builder$LimitedInputStream    : loaded 3 times (x 90B)
Class com.google.common.collect.ByFunctionOrdering                                    : loaded 3 times (x 113B)
Class kotlin.reflect.KClassifier                                                      : loaded 3 times (x 68B)
Class kotlin.reflect.KMutableProperty                                                 : loaded 3 times (x 68B)
Class org.jetbrains.kotlin.metadata.ProtoBuf$Package$1                                : loaded 3 times (x 142B)
Class kotlin.reflect.jvm.internal.impl.load.java.UtilsKt                              : loaded 3 times (x 69B)
Class com.google.common.base.CharMatcher$Or                                           : loaded 3 times (x 110B)
Class com.amazon.ion.impl.LocalSymbolTableAsStruct$Factory                            : loaded 3 times (x 77B)
Class kotlin.reflect.jvm.internal.impl.types.AbstractTypePreparator                   : loaded 3 times (x 70B)
Class kotlin.reflect.jvm.internal.KPropertyImplKt                                     : loaded 3 times (x 69B)
Class org.jetbrains.kotlin.idea.projectModel.KotlinNativeCompilationExtensions        : loaded 3 times (x 68B)
Class org.gradle.internal.impldep.gnu.trove.PrimeFinder                               : loaded 3 times (x 69B)
Class kotlin.reflect.jvm.internal.impl.load.java.structure.JavaNamedElement           : loaded 3 times (x 68B)
Class [Lkotlin.reflect.jvm.internal.impl.metadata.ProtoBuf$Class$Kind;                : loaded 3 times (x 67B)
Class kotlin.reflect.jvm.internal.impl.load.java.components.DescriptorResolverUtils$1$1: loaded 3 times (x 75B)
Class com.amazon.ion.IonException                                                     : loaded 3 times (x 82B)
Class kotlin.reflect.jvm.internal.impl.serialization.deserialization.descriptors.DeserializedMemberScope: loaded 3 times (x 100B)
Class [Lkotlin.reflect.jvm.internal.impl.load.java.ReportLevel;                       : loaded 3 times (x 67B)
Class kotlin.reflect.jvm.internal.impl.descriptors.ModuleDescriptor$DefaultImpls      : loaded 3 times (x 69B)
Class kotlin.reflect.jvm.internal.impl.types.TypeUtils$SpecialType                    : loaded 3 times (x 91B)
Class kotlin.reflect.jvm.internal.impl.descriptors.Visibilities$Local                 : loaded 3 times (x 73B)
Class com.google.common.base.FunctionalEquivalence                                    : loaded 3 times (x 81B)
Class kotlin.reflect.jvm.internal.impl.protobuf.GeneratedMessageLite$ExtendableMessageOrBuilder: loaded 3 times (x 68B)
Class kotlin.reflect.jvm.internal.impl.metadata.jvm.JvmProtoBuf                       : loaded 3 times (x 69B)
Class org.jetbrains.org.objectweb.asm.ClassTooLargeException                          : loaded 3 times (x 81B)
Class [Lorg.jetbrains.org.objectweb.asm.Attribute;                                    : loaded 3 times (x 67B)
Class org.jetbrains.kotlin.config.ApiVersion$Companion                                : loaded 3 times (x 69B)
Class com.amazon.ion.impl.bin.Symbols                                                 : loaded 3 times (x 69B)
Class org.jetbrains.kotlin.metadata.ProtoBuf$TypeTableOrBuilder                       : loaded 3 times (x 68B)
Class kotlin.reflect.jvm.internal.impl.types.AbstractStubType                         : loaded 3 times (x 89B)
Class com.google.common.collect.ImmutableMap$1                                        : loaded 3 times (x 79B)
Class [Lkotlin.reflect.jvm.internal.impl.load.java.typeEnhancement.MutabilityQualifier;: loaded 3 times (x 67B)
Class org.jetbrains.kotlin.metadata.deserialization.NameResolver                      : loaded 3 times (x 68B)
Class kotlin.reflect.jvm.internal.impl.load.java.lazy.ModuleClassResolver             : loaded 3 times (x 68B)
Class kotlin.reflect.jvm.internal.impl.types.checker.KotlinTypeChecker                : loaded 3 times (x 68B)
Class kotlin.reflect.jvm.internal.impl.serialization.deserialization.LocalClassifierTypeSettings: loaded 3 times (x 68B)
Class kotlin.reflect.jvm.internal.impl.metadata.ProtoBuf$PackageFragmentOrBuilder     : loaded 3 times (x 68B)
Class kotlin.reflect.jvm.internal.impl.load.java.typeEnhancement.MutabilityQualifier  : loaded 3 times (x 77B)
Class [Lkotlin.reflect.jvm.internal.impl.serialization.deserialization.AnnotatedCallableKind;: loaded 3 times (x 67B)
Class org.jetbrains.kotlin.protobuf.CodedInputStream                                  : loaded 3 times (x 70B)
Class com.amazon.ion.ReadOnlyValueException                                           : loaded 3 times (x 82B)
Class com.google.common.cache.LocalCache$1                                            : loaded 3 times (x 87B)
Class com.amazon.ion.impl.IonWriterSystemText                                         : loaded 3 times (x 188B)
Class kotlin.reflect.jvm.internal.impl.storage.LockBasedStorageManager$1              : loaded 3 times (x 93B)
Class kotlin.reflect.jvm.internal.impl.metadata.ProtoBuf$ClassOrBuilder               : loaded 3 times (x 68B)
Class org.jetbrains.kotlin.metadata.deserialization.TypeTable                         : loaded 3 times (x 70B)
Class com.google.common.cache.LocalCache$2                                            : loaded 3 times (x 140B)
Class kotlin.reflect.jvm.internal.impl.serialization.deserialization.NameResolverUtilKt: loaded 3 times (x 69B)
Class org.jetbrains.kotlin.protobuf.FieldSet                                          : loaded 3 times (x 70B)
Class kotlin.reflect.jvm.internal.impl.load.java.lazy.descriptors.LazyJavaPackageScope$KotlinClassLookupResult$NotFound: loaded 3 times (x 69B)
Class org.jetbrains.kotlin.load.kotlin.header.ReadKotlinClassHeaderAnnotationVisitor$KotlinMetadataArgumentVisitor: loaded 3 times (x 84B)
Class org.jetbrains.kotlin.protobuf.GeneratedMessageLite$GeneratedExtension           : loaded 3 times (x 77B)
Class kotlin.jvm.internal.KTypeBase                                                   : loaded 3 times (x 68B)
Class com.amazon.ion.impl.bin.IonManagedBinaryWriter$UserState                        : loaded 3 times (x 83B)
Class kotlin.reflect.jvm.internal.impl.descriptors.DelegatedDescriptorVisibility      : loaded 3 times (x 74B)
Class kotlin.jvm.internal.PropertyReference                                           : loaded 3 times (x 117B)
Class kotlin.reflect.jvm.internal.impl.storage.LockBasedStorageManager$MapBasedMemoizedFunction: loaded 3 times (x 80B)
Class kotlin.reflect.jvm.internal.impl.load.java.Jsr305Settings                       : loaded 3 times (x 70B)
Class kotlin.reflect.jvm.internal.impl.load.java.typeEnhancement.NullabilityQualifier : loaded 3 times (x 77B)
Class kotlin.reflect.jvm.internal.impl.storage.LockBasedStorageManager$4              : loaded 3 times (x 82B)
Class org.jetbrains.kotlin.descriptors.Visibilities$PrivateToThis                     : loaded 3 times (x 77B)
Class com.google.common.util.concurrent.AbstractFuture$Cancellation                   : loaded 3 times (x 70B)
Class org.jetbrains.kotlin.descriptors.Visibilities$Internal                          : loaded 3 times (x 77B)
Class kotlin.reflect.jvm.internal.impl.load.java.typeEnhancement.TypeEnhancementUtilsKt: loaded 3 times (x 69B)
Class kotlin.reflect.jvm.internal.impl.metadata.ProtoBuf$Annotation$Argument          : loaded 3 times (x 94B)
Class kotlin.reflect.jvm.internal.impl.storage.LockBasedStorageManager$5              : loaded 3 times (x 83B)
Class com.amazon.ion.impl.bin._Private_IonRawWriter                                   : loaded 3 times (x 68B)
Class kotlin.reflect.jvm.internal.impl.load.java.JavaClassFinder                      : loaded 3 times (x 68B)
Class com.google.common.collect.RegularImmutableBiMap                                 : loaded 3 times (x 147B)
Class com.amazon.ion.impl.bin.AbstractIonWriter$WriteValueOptimization                : loaded 3 times (x 77B)
Class kotlin.reflect.jvm.internal.impl.serialization.deserialization.ErrorReporter$1  : loaded 3 times (x 73B)
Class com.amazon.ion.impl._Private_RecyclingStack$$Iterator                           : loaded 3 times (x 97B)
Class kotlin.reflect.jvm.internal.impl.builtins.StandardNames                         : loaded 3 times (x 69B)
Class kotlin.reflect.jvm.internal.impl.renderer.DescriptorRenderer$ValueParametersHandler$DEFAULT: loaded 3 times (x 75B)
Class kotlin.reflect.jvm.internal.impl.protobuf.Parser                                : loaded 3 times (x 68B)
Class org.jetbrains.kotlin.config.LanguageOrApiVersion                                : loaded 3 times (x 68B)
Class com.amazon.ion.impl.bin.utf8.Utf8StringEncoder$Result                           : loaded 3 times (x 72B)
Class org.jetbrains.plugins.gradle.tooling.serialization.internal.IdeaProjectSerializationService$WriteContext$1: loaded 3 times (x 81B)
Class kotlin.reflect.jvm.internal.impl.descriptors.impl.ValueParameterDescriptorImpl$WithDestructuringDeclaration: loaded 3 times (x 163B)
Class kotlin.reflect.jvm.internal.KDeclarationContainerImpl$getMembers$visitor$1      : loaded 3 times (x 102B)
Class kotlin.reflect.jvm.internal.impl.serialization.deserialization.TypeDeserializer : loaded 3 times (x 70B)
Class kotlin.reflect.jvm.internal.impl.types.KotlinTypeFactory                        : loaded 3 times (x 69B)
Class [Lkotlin.reflect.jvm.internal.impl.load.java.lazy.types.JavaTypeFlexibility;    : loaded 3 times (x 67B)
Class com.google.common.collect.Maps$BiMapConverter                                   : loaded 3 times (x 88B)
Class org.jetbrains.plugins.gradle.model.VersionCatalogsModel                         : loaded 3 times (x 68B)
Class org.jetbrains.plugins.gradle.tooling.serialization.internal.IdeaProjectSerializationService$WriteContext$2: loaded 3 times (x 81B)
Class kotlin.reflect.jvm.internal.impl.protobuf.SmallSortedMap$EmptySet$1             : loaded 3 times (x 76B)
Class com.google.common.base.Ticker$1                                                 : loaded 3 times (x 70B)
Class kotlin.reflect.jvm.internal.impl.builtins.CompanionObjectMapping                : loaded 3 times (x 69B)
Class kotlin.reflect.jvm.internal.impl.builtins.jvm.JvmBuiltIns$Settings              : loaded 3 times (x 70B)
Class org.jetbrains.plugins.gradle.tooling.serialization.internal.IdeaProjectSerializationService$WriteContext$3: loaded 3 times (x 81B)
Class kotlin.reflect.jvm.internal.impl.protobuf.SmallSortedMap$EmptySet$2             : loaded 3 times (x 76B)
Class kotlin.reflect.jvm.internal.impl.load.java.lazy.descriptors.LazyJavaStaticClassScope: loaded 3 times (x 102B)
Class com.google.common.collect.ReverseOrdering                                       : loaded 3 times (x 113B)
Class org.jetbrains.kotlin.idea.gradleTooling.AndroidAwareGradleModelProvider$Companion: loaded 3 times (x 69B)
Class kotlin.reflect.jvm.internal.impl.resolve.jvm.JvmPrimitiveType                   : loaded 3 times (x 77B)
Class org.jetbrains.plugins.gradle.tooling.serialization.internal.IdeaProjectSerializationService$WriteContext$4: loaded 3 times (x 81B)
Class kotlin.reflect.jvm.internal.impl.serialization.deserialization.descriptors.DeserializedCallableMemberDescriptor: loaded 3 times (x 68B)
Class [Lkotlin.reflect.jvm.internal.impl.resolve.jvm.JvmPrimitiveType;                : loaded 3 times (x 67B)
Class kotlin.reflect.jvm.internal.impl.load.java.structure.JavaModifierListOwner      : loaded 3 times (x 68B)
Class kotlin.reflect.jvm.internal.impl.resolve.scopes.MemberScope                     : loaded 3 times (x 68B)
Class org.jetbrains.kotlin.protobuf.MessageLite$Builder                               : loaded 3 times (x 68B)
Class org.jetbrains.kotlin.protobuf.WireFormat$FieldType$4                            : loaded 3 times (x 81B)
Class kotlin.reflect.jvm.internal.impl.types.checker.KotlinTypeRefiner                : loaded 3 times (x 77B)
Class kotlin.reflect.jvm.internal.impl.descriptors.DescriptorVisibilities$12          : loaded 3 times (x 72B)
Class org.jetbrains.plugins.gradle.tooling.serialization.internal.IdeaProjectSerializationService$WriteContext$5: loaded 3 times (x 81B)
Class kotlin.reflect.jvm.internal.impl.descriptors.PropertyDescriptor                 : loaded 3 times (x 68B)
Class org.jetbrains.kotlin.protobuf.WireFormat$FieldType$3                            : loaded 3 times (x 81B)
Class kotlin.reflect.jvm.internal.impl.descriptors.DescriptorVisibilities$11          : loaded 3 times (x 72B)
Class org.jetbrains.kotlin.protobuf.WireFormat$FieldType$2                            : loaded 3 times (x 81B)
Class kotlin.reflect.jvm.internal.impl.descriptors.DescriptorVisibilities$10          : loaded 3 times (x 72B)
Class org.jetbrains.kotlin.protobuf.WireFormat$FieldType$1                            : loaded 3 times (x 81B)
Class org.jetbrains.kotlin.metadata.ProtoBuf$TypeAlias                                : loaded 3 times (x 138B)
Class kotlin.reflect.jvm.internal.impl.load.kotlin.KotlinClassFinder$Result           : loaded 3 times (x 69B)
Class org.jetbrains.plugins.gradle.tooling.serialization.internal.IdeaProjectSerializationService$WriteContext$6: loaded 3 times (x 81B)
Class org.gradle.internal.impldep.gnu.trove.TObjectIdentityHashingStrategy            : loaded 3 times (x 76B)
Class com.amazon.ion.impl._Private_IonBinaryWriterBuilder$Mutable                     : loaded 3 times (x 113B)
Class kotlin.reflect.jvm.internal.impl.descriptors.impl.ModuleDescriptorImpl          : loaded 3 times (x 95B)
Class kotlin.properties.ReadWriteProperty                                             : loaded 3 times (x 68B)
Class kotlin.reflect.jvm.internal.impl.load.kotlin.header.ReadKotlinClassHeaderAnnotationVisitor$KotlinMetadataArgumentVisitor$2: loaded 3 times (x 83B)
Class com.amazon.ion.impl._Private_IonSymbol                                          : loaded 3 times (x 68B)
Class org.gradle.api.GradleException                                                  : loaded 3 times (x 80B)
Class org.jetbrains.plugins.gradle.tooling.serialization.internal.IdeaProjectSerializationService$WriteContext$7: loaded 3 times (x 81B)
Class kotlin.reflect.jvm.internal.impl.descriptors.runtime.components.ReflectJavaClassFinderKt: loaded 3 times (x 69B)
Class kotlin.reflect.jvm.internal.impl.resolve.DescriptorUtils                        : loaded 3 times (x 69B)
Class kotlin.reflect.jvm.internal.impl.types.KotlinType                               : loaded 3 times (x 79B)
Class org.jetbrains.kotlin.metadata.deserialization.Flags$EnumLiteFlagField           : loaded 3 times (x 74B)
Class kotlin.reflect.jvm.internal.impl.load.kotlin.header.ReadKotlinClassHeaderAnnotationVisitor$KotlinMetadataArgumentVisitor$1: loaded 3 times (x 83B)
Class com.google.common.collect.ImmutableRangeSet$AsSet                               : loaded 3 times (x 234B)
Class org.jetbrains.plugins.gradle.tooling.serialization.internal.IdeaProjectSerializationService$WriteContext$8: loaded 3 times (x 81B)
Class kotlin.reflect.jvm.internal.impl.resolve.jvm.JvmClassName                       : loaded 3 times (x 73B)
Class kotlin.reflect.jvm.internal.impl.descriptors.impl.DeclarationDescriptorImpl     : loaded 3 times (x 86B)
Class com.google.common.reflect.TypeResolver                                          : loaded 3 times (x 70B)
Class com.google.common.collect.ImmutableRangeSet$Builder                             : loaded 3 times (x 75B)
Class org.jetbrains.org.objectweb.asm.SymbolTable$Entry                               : loaded 3 times (x 72B)
Class kotlin.reflect.jvm.internal.impl.metadata.ProtoBuf$QualifiedNameTable$QualifiedName: loaded 3 times (x 94B)
Class com.google.common.util.concurrent.AbstractFuture                                : loaded 3 times (x 93B)
Class com.intellij.util.containers.IntObjectHashMap                                   : loaded 3 times (x 70B)
Class kotlin.reflect.jvm.internal.impl.renderer.ClassifierNamePolicy$SOURCE_CODE_QUALIFIED: loaded 3 times (x 72B)
Class kotlin.io.FileTreeWalk$DirectoryState                                           : loaded 3 times (x 71B)
Class com.amazon.ion.IonInt                                                           : loaded 3 times (x 68B)
Class org.jetbrains.kotlin.idea.projectModel.KotlinComponent                          : loaded 3 times (x 68B)
Class kotlin.reflect.jvm.internal.impl.serialization.deserialization.ProtoEnumFlags$WhenMappings: loaded 3 times (x 69B)
Class org.jetbrains.kotlin.resolve.scopes.receivers.Receiver                          : loaded 3 times (x 68B)
Class org.jetbrains.kotlin.metadata.deserialization.ProtoBufUtilKt                    : loaded 3 times (x 69B)
Class com.google.common.collect.ForwardingObject                                      : loaded 3 times (x 70B)
Class [Lkotlin.reflect.jvm.internal.impl.serialization.deserialization.descriptors.DeserializedContainerAbiStability;: loaded 3 times (x 67B)
Class kotlin.reflect.jvm.internal.impl.types.TypeSubstitution$Companion               : loaded 3 times (x 69B)
Class org.jetbrains.org.objectweb.asm.RecordComponentWriter                           : loaded 3 times (x 76B)
Class [Lkotlin.reflect.jvm.internal.impl.renderer.ParameterNameRenderingPolicy;       : loaded 3 times (x 67B)
Class [Lorg.jetbrains.kotlin.metadata.ProtoBuf$Class$Kind;                            : loaded 3 times (x 67B)
Class kotlin.reflect.jvm.internal.impl.descriptors.runtime.components.RuntimeModuleData$Companion: loaded 3 times (x 69B)
Class kotlin.reflect.jvm.internal.impl.descriptors.ScopesHolderForClass$Companion     : loaded 3 times (x 69B)
Class kotlin.reflect.jvm.internal.impl.utils.SmartSet                                 : loaded 3 times (x 134B)
Class kotlin.reflect.jvm.internal.impl.descriptors.NotFoundClasses$MockClassDescriptor: loaded 3 times (x 173B)
Class com.google.common.collect.CompoundOrdering                                      : loaded 3 times (x 113B)
Class kotlin.reflect.jvm.internal.impl.load.java.lazy.descriptors.LazyJavaPackageScope$KotlinClassLookupResult: loaded 3 times (x 69B)
Class com.amazon.ion.impl.bin.IonRawBinaryWriter$PatchPoint                           : loaded 3 times (x 71B)
Class [Lcom.google.common.collect.AbstractMapEntry;                                   : loaded 3 times (x 67B)
Class kotlin.reflect.jvm.internal.impl.load.kotlin.DeserializationComponentsForJava$Companion$ModuleData: loaded 3 times (x 70B)
Class kotlin.reflect.jvm.internal.impl.types.WrappedType                              : loaded 3 times (x 81B)
Class com.google.common.reflect.TypeToken$1                                           : loaded 3 times (x 106B)
Class com.google.common.cache.CacheBuilder                                            : loaded 3 times (x 70B)
Class com.amazon.ion.impl.bin.PooledBlockAllocatorProvider$PooledBlockAllocator       : loaded 3 times (x 79B)
Class Build_gradle$1$2$2                                                              : loaded 3 times (x 77B)
Class com.google.common.reflect.TypeToken$2                                           : loaded 3 times (x 106B)
Class kotlin.reflect.jvm.internal.impl.types.TypeSubstitutor$SubstitutionException    : loaded 3 times (x 80B)
Class kotlin.reflect.jvm.internal.impl.load.kotlin.header.ReadKotlinClassHeaderAnnotationVisitor$KotlinMetadataArgumentVisitor: loaded 3 times (x 84B)
Class org.jetbrains.kotlin.metadata.ProtoBuf$Constructor$1                            : loaded 3 times (x 142B)
Class kotlin.reflect.jvm.internal.impl.descriptors.Visibilities                       : loaded 3 times (x 69B)
Class Build_gradle$1$2$3                                                              : loaded 3 times (x 77B)
Class com.google.common.cache.LocalCache$ValueReference                               : loaded 3 times (x 68B)
Class kotlin.reflect.jvm.internal.impl.metadata.jvm.JvmProtoBuf$StringTableTypesOrBuilder: loaded 3 times (x 68B)
Class kotlin.reflect.jvm.internal.impl.metadata.ProtoBuf$TypeTable$1                  : loaded 3 times (x 85B)
Class kotlin.reflect.jvm.internal.impl.descriptors.PackageFragmentProviderKt          : loaded 3 times (x 69B)
Class kotlin.reflect.jvm.internal.FunctionWithAllInvokes                              : loaded 3 times (x 68B)
Class org.jetbrains.kotlin.metadata.deserialization.BinaryVersion                     : loaded 3 times (x 71B)
Class kotlin.reflect.jvm.internal.impl.load.kotlin.PackagePartProvider                : loaded 3 times (x 68B)
Class [Lkotlin.reflect.jvm.internal.impl.load.java.typeEnhancement.NullabilityQualifier;: loaded 3 times (x 67B)
Class com.intellij.gradle.toolingExtension.impl.model.projectModel.GradleExternalProjectSerializationService: loaded 3 times (x 75B)
Class kotlin.reflect.jvm.internal.impl.load.kotlin.DeserializationComponentsForJava   : loaded 3 times (x 70B)
Class com.amazon.ion.impl.bin.IonRawBinaryWriter$StreamCloseMode                      : loaded 3 times (x 77B)
Class kotlin.jvm.functions.Function20                                                 : loaded 3 times (x 68B)
Class kotlin.reflect.jvm.internal.impl.metadata.ProtoBuf$EnumEntry$1                  : loaded 3 times (x 85B)
Class kotlin.reflect.jvm.internal.impl.load.java.lazy.descriptors.LazyJavaPackageScope: loaded 3 times (x 102B)
Class kotlin.reflect.jvm.internal.impl.metadata.jvm.JvmProtoBuf$JvmMethodSignatureOrBuilder: loaded 3 times (x 68B)
Class [Lkotlin.reflect.jvm.internal.impl.metadata.ProtoBuf$MemberKind;                : loaded 3 times (x 67B)
Class com.intellij.gradle.toolingExtension.impl.model.sourceSetModel.GradleSourceSetSerialisationService$SourceSetModelReadContext: loaded 3 times (x 70B)
Class com.amazon.ion.impl._Private_RecyclingStack                                     : loaded 3 times (x 77B)
Class com.amazon.ion.impl._Private_RecyclingQueue$Recycler                            : loaded 3 times (x 68B)
Class kotlin.reflect.jvm.internal.impl.metadata.ProtoBuf$TypeParameter$Variance       : loaded 3 times (x 80B)
Class org.jetbrains.kotlin.metadata.jvm.JvmProtoBuf$JvmPropertySignature              : loaded 3 times (x 112B)
Class com.google.common.collect.ImmutableRangeSet                                     : loaded 3 times (x 113B)
Class kotlin.reflect.jvm.internal.impl.incremental.components.LookupTracker$DO_NOTHING: loaded 3 times (x 73B)
Class org.jetbrains.kotlin.com.intellij.util.io.FileAccessorCache                     : loaded 3 times (x 81B)
Class org.jetbrains.kotlin.tooling.core.MutableExtrasImpl                             : loaded 3 times (x 163B)
Class [Lorg.jetbrains.org.objectweb.asm.Symbol;                                       : loaded 3 times (x 67B)
Class kotlin.reflect.jvm.internal.impl.types.FlexibleTypesKt                          : loaded 3 times (x 69B)
Class org.jetbrains.kotlin.protobuf.AbstractParser                                    : loaded 3 times (x 142B)
Class kotlin.reflect.jvm.internal.impl.load.java.structure.JavaClassifierType         : loaded 3 times (x 68B)
Class kotlin.reflect.jvm.internal.impl.name.FqNameUnsafe                              : loaded 3 times (x 70B)
Class kotlin.reflect.jvm.internal.impl.builtins.jvm.JvmBuiltIns$Kind                  : loaded 3 times (x 77B)
Class kotlin.reflect.jvm.internal.impl.types.checker.KotlinTypeRefiner$Default        : loaded 3 times (x 77B)
Class kotlin.reflect.jvm.internal.impl.descriptors.impl.ClassDescriptorImpl           : loaded 3 times (x 173B)
Class kotlin.reflect.jvm.internal.impl.serialization.deserialization.ProtoEnumFlagsUtilsKt: loaded 3 times (x 69B)
Class kotlin.reflect.jvm.internal.impl.renderer.DescriptorRendererModifier            : loaded 3 times (x 77B)
Class kotlin.reflect.jvm.internal.impl.types.AbstractTypeRefiner                      : loaded 3 times (x 70B)
Class org.jetbrains.kotlin.load.kotlin.FileBasedKotlinClass$3$1                       : loaded 3 times (x 76B)
Class kotlin.reflect.jvm.internal.impl.storage.SingleThreadValue                      : loaded 3 times (x 72B)
Class org.gradle.internal.impldep.gnu.trove.TObjectIntProcedure                       : loaded 3 times (x 68B)
Class kotlin.reflect.jvm.internal.impl.descriptors.ClassDescriptor                    : loaded 3 times (x 68B)
Class kotlin.reflect.jvm.internal.impl.load.java.typeEnhancement.JavaTypeQualifiers$Companion: loaded 3 times (x 69B)
Class com.google.common.base.PairwiseEquivalence                                      : loaded 3 times (x 81B)
Class com.google.common.base.Ticker                                                   : loaded 3 times (x 70B)
Class kotlin.reflect.jvm.internal.impl.load.kotlin.DeserializationComponentsForJavaKt$makeLazyJavaPackageFragmentProvider$javaResolverComponents$1: loaded 3 times (x 72B)
Class kotlin.reflect.jvm.internal.impl.metadata.ProtoBuf$Annotation$Argument$Value$Builder: loaded 3 times (x 90B)
Class com.amazon.ion.impl.bin.WriteBuffer                                             : loaded 3 times (x 76B)
Class kotlin.reflect.jvm.internal.impl.descriptors.PackageFragmentProviderOptimized   : loaded 3 times (x 68B)
Class kotlin.reflect.jvm.internal.impl.descriptors.impl.FieldDescriptorImpl           : loaded 3 times (x 76B)
Class org.jetbrains.kotlin.metadata.jvm.JvmProtoBuf$StringTableTypes$Record$1         : loaded 3 times (x 142B)
Class kotlin.reflect.jvm.internal.impl.metadata.ProtoBuf$TypeTable                    : loaded 3 times (x 94B)
Class com.amazon.ion.impl.lite.IonStringLite                                          : loaded 3 times (x 210B)
Class kotlin.jvm.functions.Function21                                                 : loaded 3 times (x 68B)
Class org.jetbrains.kotlin.com.intellij.openapi.vfs.impl.ArchiveHandler               : loaded 3 times (x 77B)
Class org.jetbrains.kotlin.name.FqName                                                : loaded 3 times (x 70B)
Class com.google.common.collect.SortedIterable                                        : loaded 3 times (x 68B)
Class kotlin.reflect.KProperty$Getter                                                 : loaded 3 times (x 68B)
Class kotlin.collections.builders.MapBuilder$EntriesItr                               : loaded 3 times (x 79B)
Class com.intellij.openapi.externalSystem.model.project.dependencies.DependencyScopeNode: loaded 3 times (x 87B)
Class kotlin.reflect.jvm.internal.impl.metadata.ProtoBuf$TypeParameterOrBuilder       : loaded 3 times (x 68B)
Class com.google.common.collect.RegularImmutableMap$Values                            : loaded 3 times (x 167B)
Class [Lkotlin.reflect.jvm.internal.impl.metadata.ProtoBuf$Annotation$Argument$Value$Type;: loaded 3 times (x 67B)
Class kotlin.reflect.jvm.internal.impl.load.java.lazy.descriptors.LazyJavaClassMemberScope: loaded 3 times (x 103B)
Class kotlin.reflect.jvm.internal.impl.load.java.JavaIncompatibilityRulesOverridabilityCondition: loaded 3 times (x 73B)
Class org.jetbrains.kotlin.metadata.ProtoBuf$Function$1                               : loaded 3 times (x 142B)
Class kotlin.reflect.jvm.internal.impl.types.checker.ClassicTypeSystemContext         : loaded 3 times (x 68B)
Class org.jetbrains.kotlin.protobuf.SmallSortedMap$EmptySet                           : loaded 3 times (x 69B)
Class com.google.common.cache.LocalCache$Strength                                     : loaded 3 times (x 79B)
Class kotlin.reflect.jvm.internal.ReflectProperties$Val                               : loaded 3 times (x 72B)
Class kotlin.properties.ReadOnlyProperty                                              : loaded 3 times (x 68B)
Class org.jetbrains.kotlin.tooling.core.MutableExtrasImpl$Companion                   : loaded 3 times (x 69B)
Class org.gradle.internal.impldep.gnu.trove.TObjectCanonicalHashingStrategy           : loaded 3 times (x 78B)
Class kotlin.reflect.jvm.internal.impl.metadata.ProtoBuf$Package$1                    : loaded 3 times (x 85B)
Class kotlin.reflect.jvm.internal.impl.descriptors.DescriptorVisibilities             : loaded 3 times (x 69B)
Class kotlin.reflect.jvm.internal.impl.descriptors.impl.FunctionDescriptorImpl        : loaded 3 times (x 190B)
Class org.jetbrains.kotlin.metadata.ProtoBuf$Annotation$Argument$Value$Type$1         : loaded 3 times (x 72B)
Class kotlin.reflect.jvm.internal.impl.descriptors.impl.SubpackagesScope              : loaded 3 times (x 91B)
Class org.jetbrains.kotlin.load.kotlin.header.ReadKotlinClassHeaderAnnotationVisitor  : loaded 3 times (x 78B)
Class kotlin.KotlinVersion$Companion                                                  : loaded 3 times (x 69B)
Class com.amazon.ion.system.IonSystemBuilder$Mutable                                  : loaded 3 times (x 73B)
Class org.jetbrains.kotlin.metadata.ProtoBuf$Package                                  : loaded 3 times (x 127B)
Class org.jetbrains.kotlin.metadata.jvm.deserialization.BitEncoding                   : loaded 3 times (x 69B)
Class kotlin.reflect.jvm.internal.impl.metadata.ProtoBuf$Visibility                   : loaded 3 times (x 80B)
Class kotlin.reflect.jvm.internal.impl.metadata.jvm.deserialization.JvmMemberSignature: loaded 3 times (x 72B)
Class org.jetbrains.kotlin.serialization.deserialization.ProtoEnumFlagsUtilsKt        : loaded 3 times (x 69B)
Class kotlin.reflect.full.IllegalCallableAccessException                              : loaded 3 times (x 80B)
Class [Lkotlin.jvm.functions.Function1;                                               : loaded 3 times (x 67B)
Class org.jetbrains.org.objectweb.asm.SymbolTable                                     : loaded 3 times (x 70B)
Class org.jetbrains.kotlin.metadata.ProtoBuf$VersionRequirementTable                  : loaded 3 times (x 105B)
Class org.jetbrains.kotlin.protobuf.SmallSortedMap$Entry                              : loaded 3 times (x 86B)
Class [Lorg.jetbrains.kotlin.metadata.ProtoBuf$Visibility;                            : loaded 3 times (x 67B)
Class kotlin.reflect.jvm.internal.impl.resolve.scopes.MemberScope$Empty               : loaded 3 times (x 90B)
Class kotlin.reflect.jvm.internal.impl.incremental.UtilsKt                            : loaded 3 times (x 69B)
Class kotlin.reflect.jvm.internal.impl.protobuf.LazyStringList                        : loaded 3 times (x 68B)
Class [Lorg.jetbrains.org.objectweb.asm.Label;                                        : loaded 3 times (x 67B)
Class kotlin.reflect.jvm.internal.impl.metadata.ProtoBuf$QualifiedNameTable$1         : loaded 3 times (x 85B)
Class kotlin.reflect.jvm.internal.impl.load.java.sources.JavaSourceElement            : loaded 3 times (x 68B)
Class kotlin.reflect.jvm.internal.KFunctionImpl                                       : loaded 3 times (x 184B)
Class kotlin.reflect.jvm.internal.impl.protobuf.AbstractParser                        : loaded 3 times (x 85B)
Class kotlin.reflect.jvm.internal.impl.descriptors.runtime.components.RuntimeSourceElementFactory$RuntimeSourceElement: loaded 3 times (x 76B)
Class kotlin.reflect.jvm.internal.impl.metadata.ProtoBuf$Function                     : loaded 3 times (x 100B)
Class [Lorg.jetbrains.kotlin.metadata.ProtoBuf$MemberKind;                            : loaded 3 times (x 67B)
Class com.android.ide.gradle.model.artifacts.AdditionalClassifierArtifactsModel       : loaded 3 times (x 68B)
Class org.jetbrains.plugins.gradle.tooling.serialization.ExternalTestsSerializationService$ReadContext: loaded 3 times (x 70B)
Class org.jetbrains.kotlin.metadata.ProtoBuf$Contract                                 : loaded 3 times (x 105B)
Class kotlin.reflect.jvm.internal.impl.descriptors.SupertypeLoopChecker$EMPTY         : loaded 3 times (x 72B)
Class kotlin.reflect.jvm.internal.impl.resolve.constants.UnsignedValueConstant        : loaded 3 times (x 72B)
Class org.jetbrains.kotlin.com.intellij.openapi.vfs.impl.AddonlyKeylessHash$KeyValueMapper: loaded 3 times (x 69B)
Class kotlin.reflect.jvm.internal.impl.builtins.jvm.JavaToKotlinClassMapper           : loaded 3 times (x 69B)
Class kotlin.reflect.jvm.internal.impl.descriptors.runtime.components.PackagePartScopeCache: loaded 3 times (x 70B)
Class com.google.common.collect.ImmutableEnumMap                                      : loaded 3 times (x 124B)
Class [Lcom.amazon.ion.impl.bin._Private_IonManagedBinaryWriterBuilder$AllocatorMode; : loaded 3 times (x 67B)
Class com.amazon.ion.SubstituteSymbolTableException                                   : loaded 3 times (x 82B)
Class com.amazon.ion.impl._Private_IonReaderBuilder$TwoElementInputStream             : loaded 3 times (x 90B)
Class kotlin.reflect.jvm.internal.impl.resolve.scopes.MemberScopeImpl                 : loaded 3 times (x 90B)
Class kotlin.reflect.jvm.internal.impl.load.java.JavaDescriptorVisibilities$1         : loaded 3 times (x 74B)
Class com.intellij.gradle.toolingExtension.impl.model.sourceSetArtifactIndex.GradleSourceSetArtifactBuildRequest: loaded 3 times (x 68B)
Class kotlin.reflect.jvm.internal.impl.load.java.JavaDescriptorVisibilities$2         : loaded 3 times (x 74B)
Class kotlin.reflect.jvm.internal.impl.load.java.JavaDescriptorVisibilities$3         : loaded 3 times (x 74B)
Class kotlin.reflect.jvm.internal.impl.types.AbstractTypeChecker                      : loaded 3 times (x 69B)
Class org.jetbrains.kotlin.protobuf.LazyFieldLite                                     : loaded 3 times (x 80B)
Class org.jetbrains.kotlin.protobuf.ByteString$Output                                 : loaded 3 times (x 84B)
Class org.jetbrains.kotlin.metadata.ProtoBuf$Class                                    : loaded 3 times (x 175B)
Class com.android.ide.gradle.model.GradlePropertiesModel                              : loaded 3 times (x 68B)
Class org.jetbrains.plugins.gradle.model.ExternalProjectDependency                    : loaded 3 times (x 68B)
Class com.amazon.ion.IonSymbol                                                        : loaded 3 times (x 68B)
Class com.google.common.collect.IndexedImmutableSet                                   : loaded 3 times (x 150B)
Class org.jetbrains.kotlin.com.intellij.util.containers.hash.EqualityPolicy           : loaded 3 times (x 68B)
Class kotlin.reflect.jvm.internal.impl.serialization.deserialization.ClassData        : loaded 3 times (x 70B)
Class org.jetbrains.kotlin.metadata.ProtoBuf$Function                                 : loaded 3 times (x 159B)
Class kotlin.io.FileTreeWalk                                                          : loaded 3 times (x 73B)
Class org.jetbrains.kotlin.metadata.jvm.JvmProtoBuf$JvmPropertySignature$Builder      : loaded 3 times (x 139B)
Class org.jetbrains.kotlin.metadata.ProtoBuf$Annotation$Argument$ValueOrBuilder       : loaded 3 times (x 68B)
Class kotlin.reflect.jvm.internal.calls.CallerImpl$Companion                          : loaded 3 times (x 69B)
Class kotlin.jvm.functions.Function22                                                 : loaded 3 times (x 68B)
Class org.jetbrains.kotlin.tooling.core.Interner                                      : loaded 3 times (x 68B)
Class kotlin.reflect.jvm.internal.KDeclarationContainerImpl$MemberBelonginess         : loaded 3 times (x 77B)
Class [Lkotlin.reflect.jvm.internal.impl.descriptors.impl.DeclarationDescriptorImpl;  : loaded 3 times (x 67B)
Class kotlin.reflect.jvm.internal.impl.types.LazyWrappedType                          : loaded 3 times (x 82B)
Class com.amazon.ion.impl.lite.IonTextLite                                            : loaded 3 times (x 179B)
Class org.jetbrains.plugins.gradle.model.ExternalSourceSet                            : loaded 3 times (x 68B)
Class kotlin.reflect.jvm.internal.impl.descriptors.impl.AbstractTypeParameterDescriptor: loaded 3 times (x 122B)
Class kotlin.reflect.jvm.internal.impl.load.java.JavaNullabilityAnnotationSettingsKt  : loaded 3 times (x 69B)
Class com.google.common.base.CharMatcher$And                                          : loaded 3 times (x 110B)
Class org.jetbrains.kotlin.metadata.ProtoBuf$MemberKind$1                             : loaded 3 times (x 72B)
Class kotlin.collections.builders.ListBuilder                                         : loaded 3 times (x 167B)
Class org.gradle.api.UncheckedIOException                                             : loaded 3 times (x 80B)
Class com.amazon.ion.IonNull                                                          : loaded 3 times (x 68B)
Class kotlin.reflect.jvm.internal.impl.builtins.PrimitiveType                         : loaded 3 times (x 77B)
Class kotlin.reflect.jvm.internal.impl.resolve.constants.IntValue                     : loaded 3 times (x 72B)
Class kotlin.reflect.jvm.internal.impl.descriptors.impl.ValueParameterDescriptorImpl$Companion: loaded 3 times (x 69B)
Class org.jetbrains.plugins.gradle.tooling.util.IntObjectMap$ObjectFactory            : loaded 3 times (x 68B)
Class org.jetbrains.plugins.gradle.tooling.util.ObjectCollector$Processor             : loaded 3 times (x 68B)
Class [Lorg.jetbrains.kotlin.utils.DescriptionAware;                                  : loaded 3 times (x 67B)
Class kotlin.reflect.jvm.internal.impl.serialization.deserialization.descriptors.DeserializedClassDescriptor$memberScopeHolder$1: loaded 3 times (x 127B)
Class kotlin.reflect.jvm.internal.impl.storage.MemoizedFunctionToNotNull              : loaded 3 times (x 68B)
Class com.amazon.ion.impl.bin.utf8.Utf8StringEncoderPool                              : loaded 3 times (x 72B)
Class org.jetbrains.kotlin.idea.projectModel.KotlinCompilation                        : loaded 3 times (x 68B)
Class kotlin.KotlinVersion                                                            : loaded 3 times (x 72B)
Class kotlin.reflect.jvm.internal.calls.Caller                                        : loaded 3 times (x 68B)
Class kotlin.reflect.jvm.internal.impl.descriptors.impl.AbstractClassDescriptor$1$1   : loaded 3 times (x 75B)
Class kotlin.reflect.jvm.internal.impl.descriptors.annotations.Annotations$Companion$EMPTY$1: loaded 3 times (x 82B)
Class com.google.common.cache.LocalCache$ComputingValueReference                      : loaded 3 times (x 94B)
Class kotlin.reflect.jvm.internal.impl.metadata.ProtoBuf$StringTable$1                : loaded 3 times (x 85B)
Class kotlin.reflect.jvm.internal.JvmPropertySignature                                : loaded 3 times (x 70B)
Class kotlin.reflect.jvm.internal.impl.renderer.ClassifierNamePolicy$FULLY_QUALIFIED  : loaded 3 times (x 72B)
Class org.jetbrains.kotlin.metadata.ProtoBuf$Contract$1                               : loaded 3 times (x 142B)
Class com.google.common.base.CharMatcher$1                                            : loaded 3 times (x 111B)
Class org.jetbrains.kotlin.metadata.ProtoBuf$Annotation$Argument$Value$1              : loaded 3 times (x 142B)
Class kotlin.reflect.jvm.internal.impl.load.java.lazy.TypeParameterResolver           : loaded 3 times (x 68B)
Class kotlin.reflect.jvm.internal.impl.descriptors.FindClassInModuleKt                : loaded 3 times (x 69B)
Class org.jetbrains.kotlin.metadata.ProtoBuf$TypeTable                                : loaded 3 times (x 107B)
Class kotlin.reflect.jvm.internal.impl.protobuf.AbstractMessageLite$Builder           : loaded 3 times (x 83B)
Class com.amazon.ion.impl._Private_ReaderWriter                                       : loaded 3 times (x 68B)
Class [Lcom.amazon.ion.util.InputStreamInterceptor;                                   : loaded 3 times (x 67B)
Class [Lcom.google.common.cache.CacheBuilder$OneWeigher;                              : loaded 3 times (x 67B)
Class [Lkotlin.Function;                                                              : loaded 3 times (x 67B)
Class com.amazon.ion.impl.bin.IonManagedBinaryWriter$SymbolResolver                   : loaded 3 times (x 68B)
Class kotlin.reflect.jvm.internal.impl.resolve.constants.ConstantValue                : loaded 3 times (x 72B)
Class [Lkotlin.reflect.jvm.internal.impl.metadata.ProtoBuf$TypeParameter$Variance;    : loaded 3 times (x 67B)
Class org.jetbrains.kotlin.metadata.ProtoBuf$Property$1                               : loaded 3 times (x 142B)
Class org.jetbrains.plugins.gradle.ExternalDependencyId                               : loaded 3 times (x 68B)
Class com.intellij.gradle.toolingExtension.impl.model.buildScriptClasspathModel.GradleBuildScriptClasspathSerializationService$WriteContext: loaded 3 times (x 70B)
Class kotlin.reflect.jvm.internal.impl.resolve.scopes.ResolutionScope                 : loaded 3 times (x 68B)
Class [Lkotlin.reflect.jvm.internal.impl.types.model.TypeParameterMarker;             : loaded 3 times (x 67B)
Class org.jetbrains.kotlin.config.MavenComparableVersion$Item                         : loaded 3 times (x 68B)
Class kotlin.reflect.jvm.internal.impl.serialization.deserialization.descriptors.DeserializedPackageMemberScope: loaded 3 times (x 101B)
Class kotlin.reflect.jvm.internal.impl.metadata.ProtoBuf$Annotation$ArgumentOrBuilder : loaded 3 times (x 68B)
Class kotlin.reflect.jvm.internal.impl.load.java.lazy.descriptors.LazyJavaPackageFragment: loaded 3 times (x 103B)
Class kotlin.reflect.jvm.internal.impl.types.model.SimpleTypeMarker                   : loaded 3 times (x 68B)
Class org.jetbrains.kotlin.protobuf.GeneratedMessageLite$ExtensionDescriptor          : loaded 3 times (x 82B)
Class com.google.common.cache.AbstractCache$StatsCounter                              : loaded 3 times (x 68B)
Class com.amazon.ion.impl.BlockedBuffer$BufferedOutputStream                          : loaded 3 times (x 88B)
Class kotlin.reflect.jvm.internal.impl.types.SimpleType                               : loaded 3 times (x 86B)
Class [Lkotlin.reflect.jvm.internal.impl.load.kotlin.header.KotlinClassHeader$Kind;   : loaded 3 times (x 67B)
Class kotlin.reflect.jvm.internal.impl.resolve.scopes.DescriptorKindFilter$Companion  : loaded 3 times (x 69B)
Class kotlin.reflect.jvm.internal.impl.protobuf.CodedInputStream                      : loaded 3 times (x 70B)
Class [Lkotlin.reflect.jvm.internal.impl.resolve.ExternalOverridabilityCondition$Result;: loaded 3 times (x 67B)
Class org.jetbrains.kotlin.config.LanguageVersion                                     : loaded 3 times (x 89B)
Class com.google.common.collect.Range                                                 : loaded 3 times (x 85B)
Class org.jetbrains.kotlin.metadata.ProtoBuf$PropertyOrBuilder                        : loaded 3 times (x 68B)
Class com.amazon.ion.impl.bin.IonRawBinaryWriter$ContainerType                        : loaded 3 times (x 77B)
Class org.jetbrains.org.objectweb.asm.Label                                           : loaded 3 times (x 70B)
Class kotlin.reflect.jvm.internal.impl.serialization.deserialization.descriptors.DeserializedSimpleFunctionDescriptor: loaded 3 times (x 209B)
Class kotlin.reflect.jvm.internal.impl.load.kotlin.KotlinJvmBinarySourceElement       : loaded 3 times (x 76B)
Class kotlin.reflect.jvm.internal.impl.load.java.FieldOverridabilityCondition         : loaded 3 times (x 73B)
Class com.amazon.ion.facet.Faceted                                                    : loaded 3 times (x 68B)
Class kotlin.text.Charsets                                                            : loaded 3 times (x 69B)
Class kotlin.reflect.jvm.internal.impl.serialization.deserialization.AnnotationAndConstantLoader: loaded 3 times (x 68B)
Class kotlin.reflect.jvm.internal.impl.metadata.ProtoBuf$ValueParameter               : loaded 3 times (x 100B)
Class com.amazon.ion.impl.bin.IonManagedBinaryWriter$ImportedSymbolResolverMode$2     : loaded 3 times (x 78B)
Class kotlin.reflect.jvm.internal.impl.storage.MemoizedFunctionToNullable             : loaded 3 times (x 68B)
Class com.amazon.ion.impl.bin.IonManagedBinaryWriter$ImportedSymbolResolverMode$1     : loaded 3 times (x 78B)
Class kotlin.reflect.jvm.internal.impl.metadata.ProtoBuf$Constructor                  : loaded 3 times (x 100B)
Class org.jetbrains.kotlin.protobuf.RopeByteString$RopeInputStream                    : loaded 3 times (x 90B)
Class com.amazon.ion.impl.bin.BlockAllocator                                          : loaded 3 times (x 78B)
Class kotlin.reflect.jvm.internal.impl.metadata.ProtoBuf$Modality$1                   : loaded 3 times (x 72B)
Class kotlin.reflect.jvm.internal.impl.descriptors.deserialization.PlatformDependentDeclarationFilter: loaded 3 times (x 68B)
Class com.amazon.ion.IonFloat                                                         : loaded 3 times (x 68B)
Class kotlin.reflect.jvm.internal.impl.metadata.ProtoBuf$Class                        : loaded 3 times (x 100B)
Class kotlin.reflect.jvm.internal.impl.builtins.jvm.JvmBuiltIns$WhenMappings          : loaded 3 times (x 69B)
Class org.jetbrains.kotlin.idea.projectModel.KotlinCompilationOutput                  : loaded 3 times (x 68B)
Class com.amazon.ion.IonBufferConfiguration                                           : loaded 3 times (x 71B)
Class kotlin.reflect.jvm.internal.impl.descriptors.PackageFragmentProvider            : loaded 3 times (x 68B)
Class kotlin.reflect.jvm.internal.impl.metadata.ProtoBuf$Annotation                   : loaded 3 times (x 94B)
Class com.amazon.ion.impl.IonWriterSystemTextMarkup                                   : loaded 3 times (x 190B)
Class kotlin.reflect.jvm.internal.impl.resolve.scopes.DescriptorKindFilter$Companion$MaskToName: loaded 3 times (x 70B)
Class org.jetbrains.plugins.gradle.tooling.serialization.AnnotationProcessingModelSerializationService: loaded 3 times (x 75B)
Class kotlin.reflect.jvm.internal.impl.protobuf.UninitializedMessageException         : loaded 3 times (x 81B)
Class com.amazon.ion.impl.bin.IonRawBinaryWriter$1                                    : loaded 3 times (x 75B)
Class kotlin.reflect.jvm.internal.impl.utils.WrappedValues$WrappedProcessCanceledException: loaded 3 times (x 80B)
Class [Lkotlin.reflect.jvm.internal.impl.descriptors.DeclarationDescriptorWithSource; : loaded 3 times (x 67B)
Class kotlin.reflect.jvm.internal.impl.descriptors.DescriptorVisibility               : loaded 3 times (x 73B)
Class org.jetbrains.kotlin.com.intellij.openapi.progress.ProcessCanceledException     : loaded 3 times (x 80B)
Class com.google.common.collect.Ordering                                              : loaded 3 times (x 112B)
Class com.google.common.reflect.TypeToken                                             : loaded 3 times (x 71B)
Class com.amazon.ion.IonCatalog                                                       : loaded 3 times (x 68B)
Class kotlin.reflect.jvm.internal.ReflectProperties$Val$1                             : loaded 3 times (x 69B)
Class com.amazon.ion.impl.lite.IonDecimalLite                                         : loaded 3 times (x 186B)
Class com.google.common.cache.LocalCache$Strength$1                                   : loaded 3 times (x 79B)
Class kotlin.reflect.jvm.internal.impl.types.model.TypeArgumentListMarker             : loaded 3 times (x 68B)
Class kotlin.reflect.jvm.internal.impl.load.java.lazy.LazyJavaTypeParameterResolver   : loaded 3 times (x 73B)
Class com.google.common.collect.ImmutableMap$Builder                                  : loaded 3 times (x 80B)
Class kotlin.reflect.jvm.internal.impl.descriptors.runtime.components.ReflectKotlinClassFinder: loaded 3 times (x 77B)
Class com.google.common.cache.LocalCache$Strength$2                                   : loaded 3 times (x 79B)
Class com.intellij.gradle.toolingExtension.impl.model.projectModel.GradleExternalProjectSerializationService$WriteContext: loaded 3 times (x 71B)
Class kotlin.reflect.jvm.internal.impl.descriptors.runtime.structure.ReflectJavaType  : loaded 3 times (x 82B)
Class org.jetbrains.kotlin.resolve.scopes.receivers.ReceiverValue                     : loaded 3 times (x 68B)
Class org.jetbrains.kotlin.metadata.jvm.deserialization.JvmProtoBufUtil               : loaded 3 times (x 69B)
Class kotlin.reflect.jvm.internal.impl.storage.LockBasedStorageManager$CacheWithNullableValuesBasedOnMemoizedFunction: loaded 3 times (x 81B)
Class kotlin.io.FileTreeWalk$FileTreeWalkIterator$TopDownDirectoryState               : loaded 3 times (x 72B)
Class org.jetbrains.plugins.gradle.tooling.serialization.ProjectDependenciesSerializationService: loaded 3 times (x 75B)
Class com.google.common.cache.LocalCache$Strength$3                                   : loaded 3 times (x 79B)
Class com.google.common.reflect.Types$TypeVariableImpl                                : loaded 3 times (x 70B)
Class com.amazon.ion.impl.bin.IonManagedBinaryWriter$LocalSymbolTableView             : loaded 3 times (x 105B)
Class org.jetbrains.kotlin.com.intellij.openapi.util.io.FileAttributes$CaseSensitivity: loaded 3 times (x 77B)
Class org.jetbrains.plugins.gradle.tooling.serialization.RepositoriesModelSerializationService: loaded 3 times (x 80B)
Class kotlin.reflect.jvm.internal.impl.resolve.InlineClassesUtilsKt                   : loaded 3 times (x 69B)
Class com.amazon.ion.system.IonWriterBuilderBase                                      : loaded 3 times (x 81B)
Class kotlin.reflect.jvm.internal.impl.serialization.deserialization.builtins.BuiltInsPackageFragmentImpl: loaded 3 times (x 109B)
Class org.jetbrains.kotlin.descriptors.SourceElement                                  : loaded 3 times (x 68B)
Class org.jetbrains.kotlin.tooling.core.KotlinToolingVersionKt                        : loaded 3 times (x 69B)
Class org.jetbrains.kotlin.com.intellij.util.containers.LinkedCustomHashMap$RemoveCallback: loaded 3 times (x 68B)
Class [Lkotlin.reflect.jvm.internal.impl.metadata.ProtoBuf$Visibility;                : loaded 3 times (x 67B)
Class kotlin.reflect.jvm.internal.impl.protobuf.AbstractMessageLite                   : loaded 3 times (x 89B)
Class com.google.common.collect.ObjectArrays                                          : loaded 3 times (x 69B)
Class org.jetbrains.kotlin.protobuf.GeneratedMessageLite$ExtendableMessageOrBuilder   : loaded 3 times (x 68B)
Class kotlin.reflect.jvm.internal.impl.load.java.typeEnhancement.JavaTypeEnhancement$Result: loaded 3 times (x 70B)
Class [Lkotlin.reflect.jvm.internal.impl.name.FqName;                                 : loaded 3 times (x 67B)
Class org.jetbrains.kotlin.protobuf.UninitializedMessageException                     : loaded 3 times (x 82B)
Class kotlin.reflect.jvm.internal.impl.metadata.jvm.deserialization.JvmProtoBufUtil   : loaded 3 times (x 69B)
Class com.amazon.ion.impl.bin.IonBinaryWriterAdapter$Factory                          : loaded 3 times (x 68B)
Class org.jetbrains.kotlin.utils.DescriptionAware                                     : loaded 3 times (x 68B)
Class org.jetbrains.plugins.gradle.tooling.serialization.AnnotationProcessingModelSerializationService$ReadContext: loaded 3 times (x 70B)
Class com.amazon.ion.impl.bin.AbstractIonWriter                                       : loaded 3 times (x 159B)
Class [Lorg.jetbrains.kotlin.metadata.ProtoBuf$Modality;                              : loaded 3 times (x 67B)
Class [Lkotlin.reflect.jvm.internal.impl.load.java.typeEnhancement.TypeComponentPosition;: loaded 3 times (x 67B)
Class com.amazon.ion.system.IonWriterBuilder                                          : loaded 3 times (x 72B)
Class org.jetbrains.plugins.gradle.tooling.util.IntObjectMap$1                        : loaded 3 times (x 75B)
Class ijJvmDebugger1_3j4xjyrt7dlvdxrnwx1nk0r7p                                        : loaded 3 times (x 177B)
Class [Lkotlin.reflect.KCallable;                                                     : loaded 3 times (x 67B)
Class com.google.common.util.concurrent.internal.InternalFutureFailureAccess          : loaded 3 times (x 70B)
Class org.jetbrains.kotlin.name.ClassId$Companion                                     : loaded 3 times (x 69B)
Class org.jetbrains.org.objectweb.asm.ByteVector                                      : loaded 3 times (x 76B)
Class com.google.common.util.concurrent.Uninterruptibles                              : loaded 3 times (x 69B)
Class org.jetbrains.kotlin.metadata.jvm.JvmProtoBuf$StringTableTypes$Record$Operation : loaded 3 times (x 80B)
Class kotlin.reflect.jvm.internal.impl.metadata.builtins.BuiltInsProtoBuf             : loaded 3 times (x 69B)
Class kotlin.reflect.jvm.internal.impl.types.TypeConstructorSubstitution$Companion$createByConstructorsMap$1: loaded 3 times (x 77B)
Class [Lkotlin.reflect.jvm.internal.impl.descriptors.TypeParameterDescriptor;         : loaded 3 times (x 67B)
Class kotlin.collections.builders.MapBuilderEntries                                   : loaded 3 times (x 143B)
Class com.amazon.ion.impl.bin.utf8.Poolable                                           : loaded 3 times (x 77B)
Class kotlin.UNINITIALIZED_VALUE                                                      : loaded 3 times (x 69B)
Class org.jetbrains.kotlin.metadata.ProtoBuf$Class$1                                  : loaded 3 times (x 142B)
Class com.amazon.ion.impl.lite.IonListLite                                            : loaded 3 times (x 450B)
Class kotlin.reflect.jvm.internal.impl.serialization.deserialization.ProtoEnumFlagsUtilsKt$WhenMappings: loaded 3 times (x 69B)
Class kotlin.reflect.jvm.internal.impl.load.java.ErasedOverridabilityCondition        : loaded 3 times (x 73B)
Class org.jetbrains.kotlin.config.ApiVersion                                          : loaded 3 times (x 84B)
Class kotlin.reflect.jvm.internal.impl.metadata.jvm.JvmProtoBuf$JvmPropertySignature  : loaded 3 times (x 94B)
Class [Lkotlin.reflect.jvm.internal.KDeclarationContainerImpl$MemberBelonginess;      : loaded 3 times (x 67B)
Class kotlin.reflect.jvm.internal.impl.metadata.builtins.BuiltInsBinaryVersion        : loaded 3 times (x 70B)
Class kotlin.reflect.jvm.internal.impl.descriptors.SourceElement$1                    : loaded 3 times (x 72B)
Class org.jetbrains.plugins.gradle.model.FileCollectionDependency                     : loaded 3 times (x 68B)
Class com.google.common.cache.Cache                                                   : loaded 3 times (x 68B)
Class kotlin.reflect.jvm.internal.impl.protobuf.Internal$EnumLiteMap                  : loaded 3 times (x 68B)
Class kotlin.reflect.jvm.internal.impl.descriptors.Visibilities$Private               : loaded 3 times (x 73B)
Class kotlin.InitializedLazyImpl                                                      : loaded 3 times (x 74B)
Class kotlin.reflect.jvm.internal.impl.descriptors.Visibilities$Protected             : loaded 3 times (x 73B)
Class kotlin.reflect.jvm.internal.impl.protobuf.Internal$EnumLite                     : loaded 3 times (x 68B)
Class org.jetbrains.kotlin.com.intellij.openapi.vfs.impl.ArchiveHandler$1             : loaded 3 times (x 69B)
Class org.jetbrains.kotlin.it.unimi.dsi.fastutil.HashCommon                           : loaded 3 times (x 69B)
Class kotlin.reflect.jvm.internal.impl.load.java.FakePureImplementationsProvider      : loaded 3 times (x 69B)
Class kotlin.reflect.jvm.internal.impl.builtins.ReflectionTypes                       : loaded 3 times (x 70B)
Class kotlin.reflect.jvm.internal.impl.metadata.ProtoBuf$Class$1                      : loaded 3 times (x 85B)
Class kotlin.reflect.jvm.internal.impl.load.java.lazy.LazyJavaPackageFragmentProvider : loaded 3 times (x 78B)
Class kotlin.reflect.jvm.internal.impl.descriptors.impl.AbstractClassDescriptor$3     : loaded 3 times (x 75B)
Class org.jetbrains.kotlin.descriptors.Visibilities$Local                             : loaded 3 times (x 77B)
Class kotlin.reflect.jvm.internal.impl.descriptors.impl.AbstractClassDescriptor$2     : loaded 3 times (x 75B)
Class com.amazon.ion.BufferConfiguration$OversizedValueHandler                        : loaded 3 times (x 68B)
Class com.android.ide.gradle.model.LegacyAndroidGradlePluginProperties                : loaded 3 times (x 68B)
Class kotlin.reflect.jvm.internal.impl.descriptors.impl.AbstractClassDescriptor$1     : loaded 3 times (x 75B)
Class kotlin.reflect.jvm.internal.impl.load.java.typeEnhancement.TypeComponentPositionKt: loaded 3 times (x 69B)
Class kotlin.reflect.jvm.internal.impl.load.java.JvmAnnotationNames                   : loaded 3 times (x 69B)
Class kotlin.reflect.jvm.internal.impl.resolve.scopes.LazyScopeAdapter                : loaded 3 times (x 92B)
Class kotlin.reflect.jvm.internal.impl.name.FqNameUnsafe$1                            : loaded 3 times (x 72B)
Class kotlin.reflect.jvm.internal.impl.serialization.deserialization.SuspendFunctionTypeUtilKt: loaded 3 times (x 69B)
Class com.google.common.collect.RangeSet                                              : loaded 3 times (x 68B)
Class com.android.ide.gradle.model.composites.BuildMap                                : loaded 3 times (x 68B)
Class kotlin.reflect.jvm.internal.impl.metadata.deserialization.Flags$EnumLiteFlagField: loaded 3 times (x 74B)
Class kotlin.reflect.jvm.internal.impl.serialization.deserialization.descriptors.DeserializedClassDescriptor: loaded 3 times (x 174B)
Class com.google.common.cache.CacheLoader$UnsupportedLoadingOperationException        : loaded 3 times (x 80B)
Class org.jetbrains.kotlin.idea.projectModel.KotlinPlatform                           : loaded 3 times (x 77B)
Class kotlin.reflect.jvm.internal.impl.metadata.jvm.JvmProtoBuf$StringTableTypes$Record$Operation$1: loaded 3 times (x 72B)
Class kotlin.reflect.jvm.internal.impl.protobuf.RopeByteString                        : loaded 3 times (x 97B)
Class kotlin.reflect.jvm.internal.impl.load.java.lazy.descriptors.LazyJavaScope       : loaded 3 times (x 102B)
Class ijKotlinCoroutineJvmDebugInit1_38zxhfive4p9ioq3rjey2itw6$_run_closure1$_closure2: loaded 3 times (x 137B)
Class com.amazon.ion.impl.bin._Private_IonManagedBinaryWriterBuilder                  : loaded 3 times (x 70B)
Class kotlin.reflect.jvm.internal.impl.metadata.deserialization.NameResolver          : loaded 3 times (x 68B)
Class kotlin.reflect.jvm.internal.impl.protobuf.LiteralByteString                     : loaded 3 times (x 100B)
Class com.android.ide.gradle.model.dependencies.Coordinates                           : loaded 3 times (x 68B)
Class kotlin.reflect.jvm.internal.impl.load.java.sources.JavaSourceElementFactory     : loaded 3 times (x 68B)
Class kotlin.reflect.jvm.internal.impl.descriptors.runtime.structure.ReflectJavaAnnotationOwner: loaded 3 times (x 68B)
Class [Lorg.jetbrains.kotlin.descriptors.CallableMemberDescriptor$Kind;               : loaded 3 times (x 67B)
Class kotlin.jvm.internal.ReflectionFactory                                           : loaded 3 times (x 89B)
Class kotlin.jvm.internal.SpreadBuilder                                               : loaded 3 times (x 74B)
Class kotlin.reflect.jvm.internal.UtilKt                                              : loaded 3 times (x 69B)
Class com.amazon.ion.impl._Private_SymbolToken                                        : loaded 3 times (x 68B)
Class [Lkotlin.reflect.jvm.internal.impl.storage.LockBasedStorageManager$NotValue;    : loaded 3 times (x 67B)
Class [Lcom.amazon.ion.impl.bin.AbstractIonWriter$WriteValueOptimization;             : loaded 3 times (x 67B)
Class kotlin.reflect.jvm.internal.impl.name.SpecialNames                              : loaded 3 times (x 69B)
Class com.google.common.util.concurrent.ListenableFuture                              : loaded 3 times (x 68B)
Class kotlin.reflect.jvm.internal.impl.descriptors.annotations.Annotations$Companion  : loaded 3 times (x 69B)
Class com.amazon.ion.impl.lite._Private_LiteDomTrampoline                             : loaded 3 times (x 69B)
Class org.jetbrains.kotlin.metadata.jvm.deserialization.JvmNameResolverBase$Companion : loaded 3 times (x 69B)
Class kotlin.reflect.jvm.internal.impl.types.checker.NewKotlinTypeChecker             : loaded 3 times (x 68B)
Class kotlin.reflect.jvm.internal.impl.util.ModuleVisibilityHelper                    : loaded 3 times (x 68B)
Class com.amazon.ion.impl.lite.IonValueLite                                           : loaded 3 times (x 145B)
Class com.amazon.ion.IonValue                                                         : loaded 3 times (x 68B)
Class kotlin.reflect.jvm.internal.impl.utils.WrappedValues$1                          : loaded 3 times (x 69B)
Class com.google.common.cache.CacheLoader                                             : loaded 3 times (x 72B)
Class kotlin.reflect.jvm.internal.impl.resolve.jvm.JavaDescriptorResolver             : loaded 3 times (x 70B)
Class com.intellij.openapi.externalSystem.model.project.dependencies.AbstractDependencyNode: loaded 3 times (x 85B)
Class org.jetbrains.plugins.gradle.model.tests.ExternalTestSourceMapping              : loaded 3 times (x 68B)
Class kotlin.reflect.jvm.internal.impl.load.java.JavaTypeEnhancementState             : loaded 3 times (x 70B)
Class kotlin.reflect.jvm.internal.impl.descriptors.ModuleDescriptor                   : loaded 3 times (x 68B)
Class kotlin.reflect.jvm.internal.impl.descriptors.impl.AbstractLazyTypeParameterDescriptor: loaded 3 times (x 122B)
Class com.amazon.ion.Decimal                                                          : loaded 3 times (x 131B)
Class com.amazon.ion.impl.bin.PooledBlockAllocatorProvider$PooledBlockAllocator$1     : loaded 3 times (x 77B)
Class kotlin.reflect.jvm.internal.impl.serialization.deserialization.descriptors.DeserializedContainerAbiStability: loaded 3 times (x 77B)
Class kotlin.reflect.jvm.internal.impl.descriptors.SupertypeLoopChecker               : loaded 3 times (x 68B)
Class kotlin.sequences.GeneratorSequence                                              : loaded 3 times (x 73B)
Class [Lorg.jetbrains.kotlin.config.LanguageFeature;                                  : loaded 3 times (x 67B)
Class kotlin.reflect.jvm.internal.impl.descriptors.SourceElement                      : loaded 3 times (x 68B)
Class kotlin.reflect.jvm.internal.impl.load.java.lazy.ContextKt                       : loaded 3 times (x 69B)
Class com.google.common.collect.ImmutableMapEntrySet                                  : loaded 3 times (x 150B)
Class com.google.common.reflect.TypeResolver$TypeTable$1                              : loaded 3 times (x 71B)
Class org.jetbrains.kotlin.metadata.jvm.JvmProtoBuf$JvmMethodSignatureOrBuilder       : loaded 3 times (x 68B)
Class kotlin.jvm.internal.ArrayIterator                                               : loaded 3 times (x 77B)
Class org.jetbrains.kotlin.idea.projectModel.KotlinTestRunTask                        : loaded 3 times (x 68B)
Class kotlin.reflect.jvm.internal.impl.resolve.constants.UIntValue                    : loaded 3 times (x 72B)
Class kotlin.reflect.jvm.internal.impl.storage.StorageKt                              : loaded 3 times (x 69B)
Class kotlin.reflect.jvm.internal.impl.load.java.lazy.descriptors.LazyJavaClassDescriptor$LazyJavaClassTypeConstructor: loaded 3 times (x 95B)
Class [Lkotlin.reflect.jvm.internal.impl.protobuf.Internal$EnumLite;                  : loaded 3 times (x 67B)
Class org.jetbrains.kotlin.descriptors.Visibilities$Public                            : loaded 3 times (x 77B)
Class kotlin.reflect.jvm.internal.impl.load.java.components.JavaPropertyInitializerEvaluator$DoNothing: loaded 3 times (x 72B)
Class kotlin.reflect.jvm.internal.impl.descriptors.impl.VariableDescriptorImpl        : loaded 3 times (x 139B)
Class kotlin.reflect.jvm.internal.impl.metadata.ProtoBuf$AnnotationOrBuilder          : loaded 3 times (x 68B)
Class kotlin.reflect.jvm.internal.impl.resolve.scopes.ChainedMemberScope$Companion    : loaded 3 times (x 69B)
Class org.jetbrains.plugins.gradle.tooling.serialization.RepositoriesModelSerializationService$WriteContext: loaded 3 times (x 70B)
Class org.jetbrains.kotlin.serialization.deserialization.ProtoEnumFlags               : loaded 3 times (x 69B)
Class org.jetbrains.plugins.gradle.model.GradleConfiguration                          : loaded 3 times (x 68B)
Class com.intellij.gradle.toolingExtension.impl.model.taskModel.GradleTaskSerialisationService$Companion: loaded 3 times (x 69B)
Class kotlin.reflect.jvm.internal.calls.CallerKt                                      : loaded 3 times (x 69B)
Class org.jetbrains.kotlin.descriptors.DescriptorVisibilities$10                      : loaded 3 times (x 74B)
Class org.jetbrains.kotlin.metadata.ProtoBuf$MemberKind                               : loaded 3 times (x 80B)
Class org.jetbrains.org.objectweb.asm.ClassWriter                                     : loaded 3 times (x 104B)
Class com.amazon.ion.IonSequence                                                      : loaded 3 times (x 68B)
Class org.jetbrains.kotlin.load.kotlin.KotlinJvmBinaryClass$AnnotationArgumentVisitor : loaded 3 times (x 68B)
Class org.jetbrains.kotlin.descriptors.DescriptorVisibilities$11                      : loaded 3 times (x 74B)
Class [Lkotlin.reflect.jvm.internal.impl.descriptors.CallableMemberDescriptor$Kind;   : loaded 3 times (x 67B)
Class kotlin.reflect.jvm.internal.impl.renderer.DescriptorRendererModifier$Companion  : loaded 3 times (x 69B)
Class org.jetbrains.kotlin.descriptors.DeclarationDescriptor                          : loaded 3 times (x 68B)
Class kotlin.sequences.EmptySequence                                                  : loaded 3 times (x 76B)
Class com.amazon.ion.impl.lite.IonTimestampLite                                       : loaded 3 times (x 190B)
Class kotlin.reflect.jvm.internal.impl.resolve.OverridingUtilTypeSystemContext        : loaded 3 times (x 167B)
Class kotlin.reflect.jvm.internal.impl.load.java.SpecialGenericSignatures             : loaded 3 times (x 69B)
Class kotlin.collections.builders.ListBuilder$Companion                               : loaded 3 times (x 69B)
Class org.jetbrains.kotlin.build.report.metrics.LOAD_CLASSES_PATHS_ONLY               : loaded 3 times (x 70B)
Class org.jetbrains.kotlin.descriptors.Named                                          : loaded 3 times (x 68B)
Class kotlin._Assertions                                                              : loaded 3 times (x 69B)
Class [Lkotlin.reflect.jvm.internal.impl.descriptors.Named;                           : loaded 3 times (x 67B)
Class kotlin.reflect.jvm.internal.impl.serialization.deserialization.ProtoEnumFlags   : loaded 3 times (x 69B)
Class org.jetbrains.kotlin.descriptors.DescriptorVisibilities$12                      : loaded 3 times (x 74B)
Class com.google.common.collect.RegularImmutableMap$BucketOverflowException           : loaded 3 times (x 80B)
Class org.jetbrains.kotlin.metadata.ProtoBuf$ValueParameter$1                         : loaded 3 times (x 142B)
Class kotlin.reflect.jvm.internal.impl.utils.WrappedValues                            : loaded 3 times (x 69B)
Class [Lkotlin.sequences.Sequence;                                                    : loaded 3 times (x 67B)
Class kotlin.reflect.jvm.internal.impl.resolve.ExternalOverridabilityCondition$Contract: loaded 3 times (x 77B)
Class kotlin.reflect.jvm.internal.JvmPropertySignature$KotlinProperty                 : loaded 3 times (x 71B)
Class kotlin.reflect.jvm.internal.impl.metadata.jvm.JvmProtoBuf$StringTableTypes$Record: loaded 3 times (x 94B)
Class kotlin.reflect.jvm.internal.impl.protobuf.GeneratedMessageLite$Builder          : loaded 3 times (x 87B)
Class kotlin.reflect.jvm.internal.impl.types.checker.NewKotlinTypeChecker$Companion   : loaded 3 times (x 69B)
Class kotlin.reflect.jvm.internal.impl.descriptors.DeclarationDescriptorWithSource    : loaded 3 times (x 68B)
Class kotlin.reflect.jvm.internal.impl.metadata.ProtoBuf$StringTableOrBuilder         : loaded 3 times (x 68B)
Class kotlin.reflect.jvm.internal.impl.serialization.SerializerExtensionProtocol      : loaded 3 times (x 70B)
Class org.jetbrains.kotlin.metadata.ProtoBuf$ValueParameterOrBuilder                  : loaded 3 times (x 68B)
Class kotlin.reflect.jvm.internal.impl.load.java.PropertiesConventionUtilKt           : loaded 3 times (x 69B)
Class org.jetbrains.kotlin.com.intellij.openapi.diagnostic.Logger                     : loaded 3 times (x 97B)
Class com.amazon.ion.impl.lite.IonIntLite                                             : loaded 3 times (x 187B)
Class com.google.common.base.Equivalence$Equals                                       : loaded 3 times (x 80B)
Class kotlin.reflect.jvm.internal.impl.descriptors.Substitutable                      : loaded 3 times (x 68B)
Class com.intellij.gradle.toolingExtension.impl.model.projectModel.GradleExternalProjectSerializationService$ReadContext: loaded 3 times (x 71B)
Class org.jetbrains.kotlin.build.report.metrics.CLASSPATH_ENTRY_SNAPSHOT_TRANSFORM    : loaded 3 times (x 70B)
Class kotlin.reflect.jvm.internal.impl.load.java.components.SignaturePropagator$1     : loaded 3 times (x 73B)
Class kotlin.reflect.jvm.internal.impl.load.java.lazy.descriptors.LazyJavaStaticScope : loaded 3 times (x 102B)
Class kotlin.reflect.jvm.internal.impl.metadata.ProtoBuf$PackageFragment              : loaded 3 times (x 100B)
Class kotlin.reflect.jvm.internal.KDeclarationContainerImpl$Companion                 : loaded 3 times (x 69B)
Class [Lkotlin.reflect.jvm.internal.impl.descriptors.PackageFragmentProvider;         : loaded 3 times (x 67B)
Class com.google.common.base.Platform                                                 : loaded 3 times (x 69B)
Class kotlin.reflect.jvm.internal.impl.descriptors.FunctionDescriptor$CopyBuilder     : loaded 3 times (x 68B)
Class kotlin.reflect.jvm.internal.impl.metadata.deserialization.VersionRequirementTable$Companion: loaded 3 times (x 69B)
Class kotlin.reflect.jvm.internal.impl.resolve.OverridingUtil                         : loaded 3 times (x 74B)
Class com.google.common.base.CharMatcher$Is                                           : loaded 3 times (x 109B)
Class com.google.common.reflect.Invokable$ConstructorInvokable                        : loaded 3 times (x 103B)
Class com.amazon.ion.impl.bin.PooledBlockAllocatorProvider                            : loaded 3 times (x 71B)
Class kotlin.reflect.full.IllegalPropertyDelegateAccessException                      : loaded 3 times (x 80B)
Class [Lkotlin.reflect.KClassifier;                                                   : loaded 3 times (x 67B)
Class kotlin.jvm.functions.Function9                                                  : loaded 3 times (x 68B)
Class com.intellij.gradle.toolingExtension.impl.model.utilTurnOffDefaultTasksModel.TurnOffDefaultTasks: loaded 3 times (x 68B)
Class kotlin.reflect.jvm.internal.impl.load.java.components.DescriptorResolverUtils$1 : loaded 3 times (x 75B)
Class kotlin.reflect.jvm.internal.impl.descriptors.impl.PropertyDescriptorImpl$CopyConfiguration: loaded 3 times (x 80B)
Class kotlin.jvm.functions.Function8                                                  : loaded 3 times (x 68B)
Class kotlin.reflect.jvm.internal.impl.metadata.ProtoBuf$Type$ArgumentOrBuilder       : loaded 3 times (x 68B)
Class kotlin.jvm.functions.Function7                                                  : loaded 3 times (x 68B)
Class com.amazon.ion.SymbolToken                                                      : loaded 3 times (x 68B)
Class kotlin.reflect.jvm.internal.impl.load.java.components.JavaAnnotationMapper      : loaded 3 times (x 69B)
Class kotlin.reflect.jvm.internal.impl.descriptors.DescriptorVisibilities$1           : loaded 3 times (x 74B)
Class com.amazon.ion.IonText                                                          : loaded 3 times (x 68B)
Class kotlin.jvm.functions.Function6                                                  : loaded 3 times (x 68B)
Class kotlin.reflect.jvm.internal.impl.descriptors.DescriptorVisibilities$2           : loaded 3 times (x 74B)
Class org.jetbrains.kotlin.load.kotlin.FileBasedKotlinClass$OuterAndInnerName         : loaded 3 times (x 70B)
Class kotlin.reflect.jvm.internal.impl.descriptors.runtime.components.RuntimeSourceElementFactory: loaded 3 times (x 72B)
Class kotlin.reflect.jvm.internal.impl.descriptors.impl.ModuleDependencies            : loaded 3 times (x 68B)
Class com.amazon.ion.impl._Private_IonReaderBuilder                                   : loaded 3 times (x 95B)
Class kotlin.reflect.jvm.internal.impl.descriptors.DescriptorVisibilities$3           : loaded 3 times (x 74B)
Class kotlin.reflect.jvm.internal.KPropertyImpl$Accessor                              : loaded 3 times (x 120B)
Class kotlin.jvm.functions.Function5                                                  : loaded 3 times (x 68B)
Class org.jetbrains.kotlin.metadata.jvm.JvmProtoBuf$StringTableTypes$Record$Operation$1: loaded 3 times (x 72B)
Class kotlin.reflect.jvm.internal.impl.descriptors.DescriptorVisibilities$4           : loaded 3 times (x 74B)
Class kotlin.reflect.jvm.internal.impl.resolve.jvm.SyntheticJavaPartsProvider         : loaded 3 times (x 68B)
Class [Lkotlin.reflect.KClass;                                                        : loaded 3 times (x 67B)
Class kotlin.reflect.jvm.internal.impl.load.java.NullabilityAnnotationStates$Companion: loaded 3 times (x 69B)
Class [Lkotlin.reflect.jvm.internal.impl.descriptors.ClassKind;                       : loaded 3 times (x 67B)
Class org.jetbrains.kotlin.metadata.jvm.deserialization.JvmMemberSignature$Method     : loaded 3 times (x 73B)
Class kotlin.sequences.ConstrainedOnceSequence                                        : loaded 3 times (x 73B)
Class com.amazon.ion.impl.lite.IonSequenceLite                                        : loaded 3 times (x 392B)
Class [Lcom.google.common.cache.LocalCache$EntryFactory;                              : loaded 3 times (x 67B)
Class kotlin.reflect.jvm.internal.impl.metadata.ProtoBuf$Class$Kind                   : loaded 3 times (x 80B)
Class kotlin.reflect.jvm.internal.impl.descriptors.DescriptorVisibilities$5           : loaded 3 times (x 74B)
Class kotlin.jvm.internal.Reflection                                                  : loaded 3 times (x 69B)
Class kotlin.jvm.functions.Function3                                                  : loaded 3 times (x 68B)
Class kotlin.reflect.jvm.internal.impl.name.CallableId                                : loaded 3 times (x 70B)
Class kotlin.reflect.jvm.internal.impl.descriptors.Visibilities$Unknown               : loaded 3 times (x 73B)
Class com.intellij.gradle.toolingExtension.impl.model.sourceSetModel.GradleSourceSetSerialisationService$SourceSetModelWriteContext: loaded 3 times (x 70B)
Class com.amazon.ion.IonList                                                          : loaded 3 times (x 68B)
Class org.jetbrains.kotlin.cli.common.messages.MessageCollector$Companion$NONE$1      : loaded 3 times (x 74B)
Class kotlin.reflect.jvm.internal.impl.load.java.structure.JavaType                   : loaded 3 times (x 68B)
Class kotlin.reflect.jvm.internal.impl.metadata.ProtoBuf$Modality                     : loaded 3 times (x 80B)
Class kotlin.reflect.jvm.internal.impl.descriptors.DescriptorVisibilities$6           : loaded 3 times (x 74B)
Class kotlin.reflect.jvm.internal.impl.types.TypeConstructor                          : loaded 3 times (x 68B)
Class kotlin.reflect.jvm.internal.impl.storage.LockBasedStorageManager$NotValue       : loaded 3 times (x 77B)
Class org.jetbrains.kotlin.protobuf.RopeByteString                                    : loaded 3 times (x 108B)
Class org.jetbrains.kotlin.idea.gradleTooling.AndroidAwareGradleModelProvider         : loaded 3 times (x 77B)
Class org.gradle.internal.IoActions                                                   : loaded 3 times (x 69B)
Class kotlin.reflect.jvm.internal.impl.descriptors.DescriptorVisibilities$7           : loaded 3 times (x 74B)
Class kotlin.reflect.jvm.internal.impl.load.java.ReportLevel                          : loaded 3 times (x 77B)
Class kotlin.reflect.jvm.internal.impl.serialization.deserialization.ErrorReporter    : loaded 3 times (x 68B)
Class kotlin.reflect.jvm.internal.impl.load.java.descriptors.JavaMethodDescriptor     : loaded 3 times (x 205B)
Class kotlin.reflect.jvm.internal.impl.resolve.constants.LongValue                    : loaded 3 times (x 72B)
Class kotlin.reflect.jvm.internal.impl.descriptors.DescriptorVisibilities$8           : loaded 3 times (x 74B)
Class kotlin.reflect.jvm.internal.impl.incremental.components.NoLookupLocation        : loaded 3 times (x 80B)
Class org.gradle.internal.impldep.com.google.common.base.Preconditions                : loaded 3 times (x 69B)
Class com.amazon.ion.impl.bin.IonManagedBinaryWriter$ImportedSymbolContext            : loaded 3 times (x 70B)
Class kotlin.collections.builders.MapBuilder$Companion                                : loaded 3 times (x 69B)
Class kotlin.reflect.jvm.internal.impl.metadata.ProtoBuf$Annotation$Argument$Value$1  : loaded 3 times (x 85B)
Class kotlin.reflect.jvm.internal.impl.serialization.deserialization.DeserializationConfiguration$Default: loaded 3 times (x 77B)
Class kotlin.reflect.jvm.internal.impl.descriptors.DescriptorVisibilities$9           : loaded 3 times (x 74B)
Class com.google.common.collect.AllEqualOrdering                                      : loaded 3 times (x 112B)
Class com.google.common.reflect.Types$ClassOwnership$1LocalClass                      : loaded 3 times (x 69B)
Class kotlin.reflect.jvm.internal.impl.descriptors.runtime.structure.ReflectJavaClassifierType: loaded 3 times (x 90B)
Class kotlin.reflect.jvm.internal.impl.builtins.jvm.JvmBuiltInClassDescriptorFactory  : loaded 3 times (x 75B)
Class com.intellij.gradle.toolingExtension.impl.model.dependencyModel.DependencyReadContext: loaded 3 times (x 70B)
Class com.amazon.ion.impl.bin.IonRawBinaryWriter$PreallocationMode                    : loaded 3 times (x 80B)
Class kotlin.jvm.JvmClassMappingKt                                                    : loaded 3 times (x 69B)
Class kotlin.reflect.jvm.internal.impl.protobuf.SmallSortedMap$EmptySet               : loaded 3 times (x 69B)
Class kotlin.reflect.jvm.internal.impl.metadata.ProtoBuf$TypeTableOrBuilder           : loaded 3 times (x 68B)
Class kotlin.reflect.jvm.internal.impl.descriptors.runtime.structure.Java16SealedRecordLoader$Cache: loaded 3 times (x 70B)
Class kotlin.reflect.jvm.internal.impl.resolve.OverridingStrategy                     : loaded 3 times (x 73B)
Class org.jetbrains.kotlin.idea.gradleTooling.PrepareKotlinIdeImportTaskModel         : loaded 3 times (x 68B)
Class kotlin.reflect.jvm.internal.impl.load.java.lazy.descriptors.JvmPackageScope     : loaded 3 times (x 83B)
Class kotlin.reflect.jvm.internal.impl.builtins.jvm.JavaToKotlinClassMap              : loaded 3 times (x 69B)
Class org.jetbrains.kotlin.load.kotlin.header.KotlinClassHeader$Kind                  : loaded 3 times (x 77B)
Class kotlin.reflect.jvm.internal.impl.descriptors.ConstructorDescriptor              : loaded 3 times (x 68B)
Class kotlin.reflect.jvm.internal.impl.descriptors.java.JavaVisibilities$ProtectedAndPackage: loaded 3 times (x 73B)
Class com.google.common.collect.ComparatorOrdering                                    : loaded 3 times (x 113B)
Class kotlin.reflect.jvm.internal.impl.serialization.deserialization.descriptors.DeserializedClassConstructorDescriptor: loaded 3 times (x 227B)
Class com.google.common.cache.LocalCache$LocalManualCache$1                           : loaded 3 times (x 73B)
Class org.jetbrains.plugins.gradle.model.FilePatternSet                               : loaded 3 times (x 68B)
Class kotlin.reflect.jvm.internal.impl.serialization.deserialization.descriptors.DeserializedTypeParameterDescriptor: loaded 3 times (x 122B)
Class kotlin.reflect.jvm.internal.impl.descriptors.runtime.components.ReflectKotlinClass: loaded 3 times (x 77B)
Class kotlin.reflect.jvm.internal.impl.protobuf.CodedOutputStream$OutOfSpaceException : loaded 3 times (x 80B)
Class org.jetbrains.org.objectweb.asm.Attribute                                       : loaded 3 times (x 73B)
Class org.jetbrains.kotlin.metadata.ProtoBuf$Visibility$1                             : loaded 3 times (x 72B)
Class kotlin.reflect.jvm.internal.impl.types.model.TypeSystemContext                  : loaded 3 times (x 68B)
Class com.amazon.ion.impl._Private_IonWriter                                          : loaded 3 times (x 68B)
Class com.google.common.reflect.TypeParameter                                         : loaded 3 times (x 70B)
Class kotlin.reflect.jvm.internal.impl.resolve.MemberComparator$NameAndTypeMemberComparator: loaded 3 times (x 89B)
Class kotlin.reflect.jvm.internal.impl.load.java.structure.LightClassOriginKind       : loaded 3 times (x 77B)
Class com.intellij.openapi.externalSystem.model.project.dependencies.ProjectDependencies: loaded 3 times (x 68B)
Class kotlin.reflect.jvm.internal.impl.metadata.deserialization.NameResolverImpl      : loaded 3 times (x 75B)
Class kotlin.reflect.KTypeParameter                                                   : loaded 3 times (x 68B)
Class kotlin.reflect.jvm.internal.impl.types.AbstractTypeConstructor                  : loaded 3 times (x 94B)
Class [Lcom.amazon.ion.impl.bin.IonRawBinaryWriter$StreamFlushMode;                   : loaded 3 times (x 67B)
Class org.jetbrains.kotlin.idea.projectModel.KotlinLanguageSettings                   : loaded 3 times (x 68B)
Class kotlin.reflect.jvm.internal.impl.descriptors.Visibilities$InvisibleFake         : loaded 3 times (x 73B)
Class org.gradle.internal.impldep.gnu.trove.TObjectHash                               : loaded 3 times (x 92B)
Class com.amazon.ion.impl.bin._Private_IonManagedBinaryWriterBuilder$AllocatorMode$2  : loaded 3 times (x 78B)
Class org.jetbrains.kotlin.protobuf.GeneratedMessageLite                              : loaded 3 times (x 99B)
Class com.google.common.cache.ReferenceEntry                                          : loaded 3 times (x 68B)
Class com.amazon.ion.impl.bin._Private_IonManagedBinaryWriterBuilder$AllocatorMode$1  : loaded 3 times (x 78B)
Class kotlin.reflect.jvm.internal.impl.metadata.ProtoBuf$Class$Kind$1                 : loaded 3 times (x 72B)
Class kotlin.reflect.jvm.internal.impl.serialization.deserialization.FlexibleTypeDeserializer: loaded 3 times (x 68B)
Class kotlin.reflect.jvm.internal.impl.descriptors.ClassOrPackageFragmentDescriptor   : loaded 3 times (x 68B)
Class com.amazon.ion.impl.lite.IonContainerLite                                       : loaded 3 times (x 246B)
Class kotlin.reflect.jvm.internal.impl.types.TypeSubstitution$replaceWithNonApproximating$1: loaded 3 times (x 76B)
Class org.jetbrains.kotlin.idea.projectModel.KotlinPlatformContainer                  : loaded 3 times (x 68B)
Class kotlin.reflect.jvm.internal.impl.serialization.deserialization.descriptors.DeserializedMemberScope$OptimizedImplementation$computeDescriptors$1$1: loaded 3 times (x 77B)
Class kotlin.reflect.jvm.internal.impl.storage.CacheWithNullableValues                : loaded 3 times (x 68B)
Class com.google.common.collect.CollectPreconditions                                  : loaded 3 times (x 69B)
Class com.google.common.collect.RegularImmutableMap$KeySet                            : loaded 3 times (x 150B)
Class kotlin.reflect.jvm.internal.KPropertyImpl                                       : loaded 3 times (x 113B)
Class org.jetbrains.kotlin.metadata.ProtoBuf$Type$Argument$Projection                 : loaded 3 times (x 80B)
Class kotlin.reflect.jvm.internal.impl.name.FqName                                    : loaded 3 times (x 70B)
Class kotlin.reflect.jvm.internal.impl.descriptors.ReceiverParameterDescriptor        : loaded 3 times (x 68B)
Class com.google.common.collect.NullsLastOrdering                                     : loaded 3 times (x 113B)
Class kotlin.jvm.internal.PropertyReference1Impl                                      : loaded 3 times (x 129B)
Class com.google.common.collect.LexicographicalOrdering                               : loaded 3 times (x 113B)
Class kotlin.reflect.jvm.internal.impl.types.DefinitelyNotNullType                    : loaded 3 times (x 96B)
Class com.amazon.ion.IonLob                                                           : loaded 3 times (x 68B)
Class com.amazon.ion.IonWriter                                                        : loaded 3 times (x 68B)
Class kotlin.reflect.jvm.internal.impl.resolve.calls.inference.CapturedTypeConstructorKt: loaded 3 times (x 69B)
Class kotlin.reflect.jvm.internal.impl.resolve.scopes.ResolutionScope$DefaultImpls    : loaded 3 times (x 69B)
Class kotlin.reflect.jvm.internal.impl.utils.CollectionsKt                            : loaded 3 times (x 69B)
Class org.jetbrains.kotlin.protobuf.InvalidProtocolBufferException                    : loaded 3 times (x 82B)
Class kotlin.reflect.jvm.internal.impl.storage.SimpleLock                             : loaded 3 times (x 68B)
Class [Lcom.amazon.ion.impl.bin.IonManagedBinaryWriter$SymbolState;                   : loaded 3 times (x 67B)
Class com.google.common.collect.RangeGwtSerializationDependencies                     : loaded 3 times (x 69B)
Class kotlin.reflect.jvm.internal.impl.protobuf.WireFormat                            : loaded 3 times (x 69B)
Class com.google.common.collect.UsingToStringOrdering                                 : loaded 3 times (x 112B)
Class com.amazon.ion.impl.lite.IonLoaderLite                                          : loaded 3 times (x 80B)
Class [Lkotlin.reflect.jvm.internal.impl.descriptors.DeclarationDescriptorNonRoot;    : loaded 3 times (x 67B)
Class [Lorg.jetbrains.kotlin.descriptors.DescriptorVisibility;                        : loaded 3 times (x 67B)
Class kotlin.reflect.jvm.internal.impl.resolve.scopes.InnerClassesScopeWrapper        : loaded 3 times (x 91B)
Class org.jetbrains.kotlin.protobuf.ExtensionRegistryLite                             : loaded 3 times (x 72B)
Class kotlin.collections.builders.MapBuilder$Itr                                      : loaded 3 times (x 70B)
Class com.amazon.ion.impl.SymbolTableAsStruct                                         : loaded 3 times (x 68B)
Class kotlin.reflect.jvm.internal.impl.serialization.deserialization.IncompatibleVersionErrorData: loaded 3 times (x 70B)
Class org.gradle.internal.impldep.gnu.trove.TObjectIntHashMap                         : loaded 3 times (x 107B)
Class kotlin.reflect.jvm.internal.impl.serialization.deserialization.FlexibleTypeDeserializer$ThrowException: loaded 3 times (x 72B)
Class kotlin.reflect.jvm.internal.impl.descriptors.DeclarationDescriptorWithVisibility: loaded 3 times (x 68B)
Class kotlin.reflect.jvm.internal.impl.load.java.structure.JavaTypeParameterListOwner : loaded 3 times (x 68B)
Class org.jetbrains.plugins.gradle.tooling.serialization.internal.IdeaProjectSerializationService: loaded 3 times (x 75B)
Class com.amazon.ion.impl._Private_ByteTransferSink                                   : loaded 3 times (x 68B)
Class org.jetbrains.kotlin.metadata.deserialization.Flags$BooleanFlagField            : loaded 3 times (x 74B)
Class kotlin.reflect.jvm.internal.impl.load.java.BuiltinMethodsWithSpecialGenericSignature: loaded 3 times (x 69B)
Class org.jetbrains.plugins.gradle.tooling.serialization.GradleExtensionsSerializationService$ReadContext: loaded 3 times (x 70B)
Class com.google.common.collect.Maps                                                  : loaded 3 times (x 69B)
Class com.amazon.ion.impl.bin.utf8.Pool$Allocator                                     : loaded 3 times (x 68B)
Class [Lcom.amazon.ion.SymbolTable;                                                   : loaded 3 times (x 67B)
Class kotlin.reflect.jvm.internal.impl.load.kotlin.AbstractBinaryClassAnnotationAndConstantLoader: loaded 3 times (x 97B)
Class kotlin.reflect.jvm.internal.impl.descriptors.DeclarationDescriptor              : loaded 3 times (x 68B)
Class [Lkotlin.reflect.jvm.internal.impl.descriptors.Modality;                        : loaded 3 times (x 67B)
Class org.jetbrains.kotlin.metadata.jvm.deserialization.UtfEncodingKt                 : loaded 3 times (x 69B)
Class org.jetbrains.plugins.gradle.model.UnresolvedExternalDependency                 : loaded 3 times (x 68B)
Class com.google.common.collect.RegularImmutableMap                                   : loaded 3 times (x 119B)
Class org.jetbrains.org.objectweb.asm.FieldVisitor                                    : loaded 3 times (x 75B)
Class org.jetbrains.kotlin.metadata.ProtoBuf$TypeOrBuilder                            : loaded 3 times (x 68B)
Class kotlin.reflect.jvm.internal.impl.descriptors.impl.DeclarationDescriptorVisitorEmptyBodies: loaded 3 times (x 99B)
Class com.intellij.gradle.toolingExtension.impl.model.dependencyDownloadPolicyModel.DefaultGradleDependencyDownloadPolicy: loaded 3 times (x 75B)
Class com.amazon.ion.impl._Private_IonValue                                           : loaded 3 times (x 68B)
Class [Lkotlin.reflect.jvm.internal.impl.types.model.TypeArgumentMarker;              : loaded 3 times (x 67B)
Class kotlin.reflect.jvm.internal.impl.metadata.jvm.deserialization.JvmMetadataVersion: loaded 3 times (x 70B)
Class org.gradle.internal.impldep.gnu.trove.TObjectHash$NULL                          : loaded 3 times (x 69B)
Class [Lkotlin.reflect.jvm.internal.impl.descriptors.ClassifierDescriptor;            : loaded 3 times (x 67B)
Class com.android.ide.gradle.model.LegacyV1AgpVersionModel                            : loaded 3 times (x 68B)
Class org.jetbrains.kotlin.idea.projectModel.ExtraFeatures                            : loaded 3 times (x 68B)
Class kotlin.reflect.jvm.internal.ReflectProperties$LazySoftVal                       : loaded 3 times (x 76B)
Class kotlin.io.ByteStreamsKt                                                         : loaded 3 times (x 69B)
Class kotlin.reflect.jvm.internal.impl.renderer.DescriptorRendererOptions             : loaded 3 times (x 68B)
Class kotlin.reflect.jvm.internal.impl.descriptors.impl.CompositePackageFragmentProvider: loaded 3 times (x 78B)
Class com.google.common.collect.ImmutableMapEntry$NonTerminalImmutableMapEntry        : loaded 3 times (x 83B)
Class org.gradle.internal.impldep.gnu.trove.Equality                                  : loaded 3 times (x 68B)
Class kotlin.reflect.jvm.internal.impl.metadata.ProtoBuf$Annotation$Argument$1        : loaded 3 times (x 85B)
Class kotlin.reflect.jvm.internal.impl.load.java.structure.JavaPackage                : loaded 3 times (x 68B)
Class com.intellij.gradle.toolingExtension.impl.model.sourceSetDependencyModel.GradleSourceSetDependencySerialisationService$SourceSetDependencyModelWriteContext: loaded 3 times (x 70B)
Class ijInit2_2gb5zj8mqc6d1hx3smcgil5rd                                               : loaded 3 times (x 177B)
Class org.jetbrains.kotlin.idea.gradleTooling.IdeaKotlinDependenciesContainer         : loaded 3 times (x 68B)
Class kotlin.reflect.jvm.internal.impl.metadata.ProtoBuf$Annotation$1                 : loaded 3 times (x 85B)
Class [Lorg.jetbrains.kotlin.metadata.ProtoBuf$Annotation$Argument$Value$Type;        : loaded 3 times (x 67B)
Class com.amazon.ion.util._Private_FastAppendable                                     : loaded 3 times (x 68B)
Class kotlin.reflect.jvm.internal.impl.resolve.scopes.ChainedMemberScope              : loaded 3 times (x 83B)
Class kotlin.reflect.jvm.internal.impl.descriptors.MemberDescriptor                   : loaded 3 times (x 68B)
Class com.intellij.gradle.toolingExtension.impl.model.sourceSetDependencyModel.GradleSourceSetDependencySerialisationService$SourceSetDependencyModelReadContext: loaded 3 times (x 70B)
Class org.jetbrains.kotlin.idea.projectModel.KotlinWasmCompilationExtensions          : loaded 3 times (x 68B)
Class [Lkotlin.reflect.jvm.internal.impl.types.TypeProjection;                        : loaded 3 times (x 67B)
Class com.intellij.compose.ide.plugin.gradleTooling.rt.ComposeResourcesModel          : loaded 3 times (x 68B)
Class kotlin.reflect.jvm.internal.impl.descriptors.runtime.components.RuntimeErrorReporter: loaded 3 times (x 73B)
Class org.jetbrains.kotlin.descriptors.Visibilities$Private                           : loaded 3 times (x 77B)
Class org.jetbrains.kotlin.metadata.jvm.deserialization.JvmNameResolverBase           : loaded 3 times (x 78B)
Class kotlin.reflect.jvm.internal.impl.storage.LockBasedStorageManager$ExceptionHandlingStrategy: loaded 3 times (x 68B)
Class kotlin.reflect.jvm.internal.KDeclarationContainerImpl$Data                      : loaded 3 times (x 70B)
Class org.jetbrains.kotlin.descriptors.CallableMemberDescriptor$Kind                  : loaded 3 times (x 77B)
Class kotlin.reflect.jvm.internal.impl.descriptors.ClassifierDescriptor               : loaded 3 times (x 68B)
Class kotlin.reflect.jvm.internal.impl.load.java.JavaNullabilityAnnotationsStatus     : loaded 3 times (x 70B)
Class kotlin.reflect.jvm.internal.impl.descriptors.impl.LazyClassReceiverParameterDescriptor: loaded 3 times (x 135B)
Class org.jetbrains.org.objectweb.asm.tree.TypeAnnotationNode                         : loaded 3 times (x 79B)
Class kotlin.reflect.jvm.internal.impl.load.java.JavaClassesTracker                   : loaded 3 times (x 68B)
Class kotlin.reflect.jvm.internal.calls.CallerImpl$Constructor                        : loaded 3 times (x 79B)
Class kotlin.reflect.jvm.internal.impl.load.kotlin.KotlinJvmBinaryClass$AnnotationVisitor: loaded 3 times (x 68B)
Class org.jetbrains.kotlin.metadata.ProtoBuf$Type$Argument$Projection$1               : loaded 3 times (x 72B)
Class org.jetbrains.kotlin.protobuf.MessageLiteOrBuilder                              : loaded 3 times (x 68B)
Class kotlin.reflect.jvm.internal.impl.metadata.ProtoBuf$Package                      : loaded 3 times (x 100B)
Class org.jetbrains.kotlin.metadata.ProtoBuf$Annotation$Argument$Value$Type           : loaded 3 times (x 80B)
Class org.jetbrains.plugins.gradle.tooling.util.ObjectCollector                       : loaded 3 times (x 70B)
Class ijJvmDebugger1_3j4xjyrt7dlvdxrnwx1nk0r7p$_run_closure1$_closure2                : loaded 3 times (x 138B)
Class kotlin.reflect.jvm.internal.impl.load.java.typeEnhancement.SignatureEnhancement : loaded 3 times (x 70B)
Class kotlin.reflect.jvm.internal.impl.descriptors.impl.ClassDescriptorBase           : loaded 3 times (x 173B)
Class kotlin.reflect.jvm.internal.impl.util.collectionUtils.ScopeUtilsKt              : loaded 3 times (x 69B)
Class kotlin.reflect.jvm.internal.impl.serialization.deserialization.ClassDeserializer$ClassKey: loaded 3 times (x 70B)
Class kotlin.reflect.jvm.internal.impl.load.kotlin.header.ReadKotlinClassHeaderAnnotationVisitor: loaded 3 times (x 77B)
Class [Lorg.jetbrains.kotlin.load.kotlin.header.KotlinClassHeader$Kind;               : loaded 3 times (x 67B)
Class org.jetbrains.plugins.gradle.model.tests.ExternalTestsModel                     : loaded 3 times (x 68B)
Class org.jetbrains.kotlin.idea.gradleTooling.KotlinGradlePluginVersion               : loaded 3 times (x 68B)
Class kotlin.reflect.jvm.internal.impl.storage.LockBasedStorageManager$LockBasedNotNullLazyValue: loaded 3 times (x 82B)
Class org.jetbrains.kotlin.idea.gradleTooling.KotlinDslScriptAdditionalTask           : loaded 3 times (x 68B)
Class [Lcom.google.common.collect.ImmutableEntry;                                     : loaded 3 times (x 67B)
Class kotlin.reflect.jvm.internal.impl.metadata.ProtoBuf$Type$Argument$Projection$1   : loaded 3 times (x 72B)
Class org.jetbrains.kotlin.idea.projectModel.KotlinAndroidSourceSetInfo               : loaded 3 times (x 68B)
Class com.intellij.openapi.externalSystem.model.project.dependencies.ComponentDependencies: loaded 3 times (x 68B)
Class kotlin.reflect.jvm.internal.impl.storage.LockBasedStorageManager$KeyWithComputation: loaded 3 times (x 70B)
Class org.jetbrains.org.objectweb.asm.AnnotationVisitor                               : loaded 3 times (x 76B)
Class kotlin.reflect.KType                                                            : loaded 3 times (x 68B)
Class org.jetbrains.org.objectweb.asm.ModuleWriter                                    : loaded 3 times (x 80B)
Class kotlin.reflect.jvm.internal.impl.types.model.KotlinTypeMarker                   : loaded 3 times (x 68B)
Class kotlin.reflect.jvm.internal.impl.descriptors.runtime.components.ReflectClassStructure: loaded 3 times (x 69B)
Class kotlin.reflect.jvm.internal.impl.metadata.ProtoBuf$VersionRequirementTableOrBuilder: loaded 3 times (x 68B)
Class kotlin.reflect.jvm.internal.impl.types.TypeSubstitutor                          : loaded 3 times (x 77B)
Class org.jetbrains.kotlin.descriptors.DescriptorVisibility                           : loaded 3 times (x 76B)
Class kotlin.reflect.jvm.internal.impl.load.java.lazy.types.JavaTypeAttributes        : loaded 3 times (x 70B)
Class org.jetbrains.kotlin.metadata.jvm.JvmProtoBuf$JvmPropertySignatureOrBuilder     : loaded 3 times (x 68B)
Class com.amazon.ion.impl.bin.IonRawBinaryWriter$StreamFlushMode                      : loaded 3 times (x 77B)
Class com.amazon.ion.impl._Private_ValueFactory                                       : loaded 3 times (x 68B)
Class [Lkotlin.reflect.jvm.internal.impl.renderer.DescriptorRendererModifier;         : loaded 3 times (x 67B)
Class com.amazon.ion.BufferConfiguration$Builder                                      : loaded 3 times (x 76B)
Class kotlin.reflect.jvm.internal.impl.load.java.structure.JavaClassifier             : loaded 3 times (x 68B)
Class kotlin.reflect.jvm.internal.impl.utils.WrappedValues$ThrowableWrapper           : loaded 3 times (x 70B)
Class kotlin.reflect.jvm.internal.impl.protobuf.SmallSortedMap$Entry                  : loaded 3 times (x 86B)
Class kotlin.reflect.jvm.internal.impl.descriptors.impl.SimpleFunctionDescriptorImpl  : loaded 3 times (x 197B)
Class com.amazon.ion.impl.lite.IonBoolLite                                            : loaded 3 times (x 176B)
Class kotlin.reflect.jvm.internal.impl.protobuf.LazyField                             : loaded 3 times (x 75B)
Class kotlin.reflect.jvm.internal.ModuleByClassLoaderKt                               : loaded 3 times (x 69B)
Class kotlin.reflect.jvm.internal.impl.load.java.structure.ListBasedJavaAnnotationOwner: loaded 3 times (x 68B)
Class kotlin.sequences.GeneratorSequence$iterator$1                                   : loaded 3 times (x 77B)
Class com.amazon.ion.IonSystem                                                        : loaded 3 times (x 68B)
Class com.intellij.gradle.toolingExtension.impl.model.warmUp.GradleTaskWarmUpRequest  : loaded 3 times (x 68B)
Class org.jetbrains.kotlin.config.MavenComparableVersion$ListItem                     : loaded 3 times (x 178B)
Class [Lkotlin.reflect.jvm.internal.impl.resolve.OverridingUtil$OverrideCompatibilityInfo$Result;: loaded 3 times (x 67B)
Class [Lkotlin.reflect.jvm.internal.impl.renderer.RenderingFormat;                    : loaded 3 times (x 67B)
Class com.amazon.ion.impl._Private_RecyclingQueue$ElementFactory                      : loaded 3 times (x 68B)
Class [Lkotlin.reflect.jvm.internal.impl.builtins.jvm.JavaToKotlinClassMap$PlatformMutabilityMapping;: loaded 3 times (x 67B)
Class [Lkotlin.reflect.jvm.internal.impl.descriptors.impl.ModuleDescriptorImpl;       : loaded 3 times (x 67B)
Class com.google.common.cache.CacheLoader$FunctionToCacheLoader                       : loaded 3 times (x 73B)
Class com.amazon.ion.BufferConfiguration                                              : loaded 3 times (x 71B)
Class kotlin.reflect.jvm.internal.impl.serialization.deserialization.ProtoContainer$Class: loaded 3 times (x 72B)
Class com.amazon.ion.IonType                                                          : loaded 3 times (x 77B)
Class kotlin.reflect.jvm.internal.impl.metadata.deserialization.Flags                 : loaded 3 times (x 69B)
Class [Lkotlin.reflect.jvm.internal.impl.load.java.SpecialGenericSignatures$TypeSafeBarrierDescription;: loaded 3 times (x 67B)
Class [Lorg.jetbrains.kotlin.config.LanguageOrApiVersion;                             : loaded 3 times (x 67B)
Class com.google.common.cache.CacheBuilder$1                                          : loaded 3 times (x 83B)
Class com.amazon.ion.UnknownSymbolException                                           : loaded 3 times (x 84B)
Class kotlin.reflect.jvm.internal.impl.builtins.jvm.JvmBuiltIns                       : loaded 3 times (x 111B)
Class kotlin.reflect.jvm.internal.impl.metadata.ProtoBuf$EnumEntry                    : loaded 3 times (x 100B)
Class kotlin.reflect.jvm.internal.impl.descriptors.runtime.structure.ReflectJavaClass$fields$2: loaded 3 times (x 127B)
Class com.google.common.reflect.Types$ClassOwnership                                  : loaded 3 times (x 78B)
Class com.google.common.cache.CacheBuilder$2                                          : loaded 3 times (x 77B)
Class com.google.common.reflect.TypeCapture                                           : loaded 3 times (x 69B)
Class kotlin.reflect.jvm.internal.impl.descriptors.runtime.structure.ReflectJavaClass$fields$1: loaded 3 times (x 127B)
Class kotlin.reflect.jvm.internal.impl.descriptors.impl.AbstractTypeParameterDescriptor$2: loaded 3 times (x 75B)
Class com.google.common.reflect.Types$TypeVariableInvocationHandler                   : loaded 3 times (x 73B)
Class org.jetbrains.kotlin.protobuf.CodedOutputStream$ByteBufferOutputStream          : loaded 3 times (x 84B)
Class com.amazon.ion.impl.bin.utf8.Utf8StringEncoder                                  : loaded 3 times (x 78B)
Class com.amazon.ion.IonSexp                                                          : loaded 3 times (x 68B)
Class kotlin.reflect.jvm.internal.impl.renderer.OverrideRenderingPolicy               : loaded 3 times (x 77B)
Class kotlin.reflect.jvm.internal.impl.storage.LockBasedStorageManager$ExceptionHandlingStrategy$1: loaded 3 times (x 72B)
Class kotlin.reflect.jvm.internal.impl.storage.CacheWithNotNullValues                 : loaded 3 times (x 68B)
Class com.google.common.cache.CacheBuilder$3                                          : loaded 3 times (x 70B)
Class kotlin.reflect.jvm.internal.impl.descriptors.impl.AbstractTypeParameterDescriptor$1: loaded 3 times (x 75B)
Class com.amazon.ion.impl.lite.IonSystemLite                                          : loaded 3 times (x 273B)
Class com.google.common.collect.ImmutableSet$JdkBackedSetBuilderImpl                  : loaded 3 times (x 74B)
Class kotlin.jvm.internal.MutablePropertyReference2                                   : loaded 3 times (x 139B)
Class [Lcom.amazon.ion.IonType;                                                       : loaded 3 times (x 67B)
Class kotlin.LazyKt                                                                   : loaded 3 times (x 69B)
Class kotlin.jvm.internal.MutablePropertyReference1                                   : loaded 3 times (x 139B)
Class [Lorg.jetbrains.kotlin.protobuf.WireFormat$JavaType;                            : loaded 3 times (x 67B)
Class com.amazon.ion.impl._Private_RecyclingStack$ElementFactory                      : loaded 3 times (x 68B)
Class com.amazon.ion.impl.bin._Private_IonManagedBinaryWriterBuilder$AllocatorMode    : loaded 3 times (x 78B)
Class kotlin.reflect.jvm.internal.impl.descriptors.impl.ModuleAwareClassDescriptor    : loaded 3 times (x 170B)
Class kotlin.jvm.internal.MutablePropertyReference0                                   : loaded 3 times (x 139B)
Class kotlin.reflect.jvm.internal.impl.descriptors.runtime.structure.ReflectClassUtilKt: loaded 3 times (x 69B)
Class com.google.common.collect.ImmutableMapEntrySet$RegularEntrySet                  : loaded 3 times (x 150B)
Class kotlin.io.CloseableKt                                                           : loaded 3 times (x 69B)
Class org.jetbrains.kotlin.build.report.metrics.SNAPSHOT_KOTLIN_CLASSES               : loaded 3 times (x 70B)
Class [Lkotlin.reflect.jvm.internal.impl.resolve.scopes.ResolutionScope;              : loaded 3 times (x 67B)
Class kotlin.reflect.jvm.internal.impl.types.TypeCheckerState                         : loaded 3 times (x 73B)
Class kotlin.reflect.jvm.internal.impl.protobuf.GeneratedMessageLite$GeneratedExtension: loaded 3 times (x 76B)
Class kotlin.reflect.jvm.internal.KClassImpl                                          : loaded 3 times (x 113B)
Class com.amazon.ion.impl.lite.IonNullLite                                            : loaded 3 times (x 173B)
Class kotlin.reflect.jvm.internal.impl.serialization.deserialization.AnnotationDeserializer: loaded 3 times (x 70B)
Class [Lcom.google.common.cache.RemovalListener;                                      : loaded 3 times (x 67B)
Class [Lcom.google.common.collect.ImmutableMapEntry;                                  : loaded 3 times (x 67B)
Class kotlin.reflect.jvm.internal.impl.load.kotlin.KotlinJvmBinaryClass$AnnotationArrayArgumentVisitor: loaded 3 times (x 68B)
Class kotlin.reflect.jvm.internal.impl.types.model.TypeParameterMarker                : loaded 3 times (x 68B)
Class kotlin.reflect.jvm.internal.impl.serialization.deserialization.DeserializationContext: loaded 3 times (x 70B)
Class kotlin.reflect.jvm.internal.impl.load.java.lazy.descriptors.JavaDescriptorUtilKt: loaded 3 times (x 69B)
Class org.jetbrains.plugins.gradle.tooling.serialization.internal.IdeaProjectSerializationService$WriteContext: loaded 3 times (x 70B)
Class org.jetbrains.org.objectweb.asm.ClassReader                                     : loaded 3 times (x 90B)
Class kotlin.reflect.jvm.internal.impl.types.TypeConstructorSubstitution              : loaded 3 times (x 76B)
Class org.jetbrains.plugins.gradle.tooling.serialization.ProjectDependenciesSerializationService$ReadContext: loaded 3 times (x 70B)
Class kotlin.reflect.jvm.internal.impl.descriptors.PropertySetterDescriptor           : loaded 3 times (x 68B)
Class com.google.common.collect.ImmutableSortedSet                                    : loaded 3 times (x 234B)
Class kotlin.reflect.KProperty                                                        : loaded 3 times (x 68B)
Class [Lkotlin.reflect.jvm.internal.impl.load.java.typeEnhancement.JavaTypeQualifiers;: loaded 3 times (x 67B)
Class org.jetbrains.plugins.gradle.model.GradleBuildScriptClasspathModel              : loaded 3 times (x 68B)
Class com.amazon.ion.impl.bin.AbstractSymbolTable                                     : loaded 3 times (x 105B)
Class [Lcom.amazon.ion.impl.bin.IonRawBinaryWriter$PreallocationMode;                 : loaded 3 times (x 67B)
Class com.amazon.ion.impl.bin.IonManagedBinaryWriter$SymbolResolverBuilder            : loaded 3 times (x 68B)
Class kotlin.reflect.jvm.internal.impl.metadata.jvm.deserialization.JvmMemberSignature$Field: loaded 3 times (x 73B)
Class [Lkotlin.reflect.KDeclarationContainer;                                         : loaded 3 times (x 67B)
Class kotlin.reflect.jvm.internal.impl.renderer.ClassifierNamePolicy                  : loaded 3 times (x 68B)
Class kotlin.reflect.jvm.internal.impl.metadata.ProtoBuf$PropertyOrBuilder            : loaded 3 times (x 68B)
Class kotlin.reflect.jvm.internal.impl.resolve.constants.IntegerValueConstant         : loaded 3 times (x 72B)
Class kotlin.io.FileTreeWalk$FileTreeWalkIterator                                     : loaded 3 times (x 81B)
Class kotlin.LazyKt__LazyJVMKt$WhenMappings                                           : loaded 3 times (x 69B)
Class kotlin.reflect.jvm.internal.KProperty1Impl                                      : loaded 3 times (x 126B)
Class kotlin.reflect.jvm.internal.impl.descriptors.impl.PropertyDescriptorImpl        : loaded 3 times (x 197B)
Class com.intellij.gradle.toolingExtension.model.repositoryModel.ProjectRepositoriesModel: loaded 3 times (x 68B)
Class kotlin.reflect.jvm.internal.impl.load.java.lazy.LazyJavaAnnotations             : loaded 3 times (x 83B)
Class com.intellij.gradle.toolingExtension.impl.initScript.util.GradleJvmForkedDebuggerHelper: loaded 3 times (x 69B)
Class kotlin.reflect.jvm.internal.impl.protobuf.MessageLiteOrBuilder                  : loaded 3 times (x 68B)
Class [Lcom.google.common.cache.LocalCache$Segment;                                   : loaded 3 times (x 67B)
Class kotlin.reflect.jvm.internal.impl.util.ModuleVisibilityHelper$EMPTY              : loaded 3 times (x 72B)
Class kotlin.reflect.jvm.internal.impl.load.kotlin.JavaClassDataFinder                : loaded 3 times (x 73B)
Class kotlin.jvm.internal.ClassBasedDeclarationContainer                              : loaded 3 times (x 68B)
Class kotlin.reflect.jvm.internal.impl.descriptors.annotations.Annotations            : loaded 3 times (x 68B)
Class kotlin.reflect.jvm.internal.impl.resolve.constants.UByteValue                   : loaded 3 times (x 72B)
Class [Lkotlin.reflect.jvm.internal.impl.descriptors.PackageFragmentProviderOptimized;: loaded 3 times (x 67B)
Class kotlin.reflect.jvm.internal.impl.metadata.ProtoBuf$TypeParameter$1              : loaded 3 times (x 85B)
Class com.amazon.ion.impl.lite.IonClobLite                                            : loaded 3 times (x 218B)
Class com.amazon.ion.impl.LocalSymbolTableAsStruct                                    : loaded 3 times (x 124B)
Class com.amazon.ion.system.IonSystemBuilder                                          : loaded 3 times (x 73B)
Class org.jetbrains.kotlin.com.intellij.openapi.vfs.impl.ZipHandler$1                 : loaded 3 times (x 84B)
Class kotlin.reflect.jvm.internal.impl.types.model.TypeSystemCommonSuperTypesContext  : loaded 3 times (x 68B)
Class kotlin.reflect.jvm.internal.impl.metadata.deserialization.Flags$FlagField       : loaded 3 times (x 71B)
Class org.jetbrains.kotlin.inline.InlineFunction                                      : loaded 2 times (x 73B)
Class [Lorg.jetbrains.kotlin.build.report.metrics.BuildTimeMetric;                    : loaded 2 times (x 67B)
Class kotlin.reflect.jvm.internal.KClassImpl$Data$typeParameters$2                    : loaded 2 times (x 77B)
Class com.google.common.collect.MapMakerInternalMap$Strength$2                        : loaded 2 times (x 78B)
Class com.google.wireless.android.sdk.stats.ProductDetailsOrBuilder                   : loaded 2 times (x 68B)
Class com.google.protobuf.CodedOutputStream$HeapNioEncoder                            : loaded 2 times (x 109B)
Class org.jetbrains.kotlin.idea.gradleTooling.KotlinSourceSetContainerKt              : loaded 2 times (x 69B)
Class kotlin.reflect.jvm.internal.impl.load.java.lazy.descriptors.LazyJavaClassDescriptor$declaredParameters$1: loaded 2 times (x 77B)
Class org.gradle.internal.installation.CurrentGradleInstallation                      : loaded 2 times (x 71B)
Class org.jetbrains.compose.internal.com.squareup.kotlinpoet.KModifier$Target         : loaded 2 times (x 77B)
Class org.gradle.internal.installation.CurrentGradleInstallationLocator               : loaded 2 times (x 69B)
Class com.intellij.gradle.toolingExtension.impl.model.buildScriptClasspathModel.DefaultGradleBuildScriptClasspathModel: loaded 2 times (x 81B)
Class org.gradle.internal.impldep.com.google.gson.internal.sql.SqlTimeTypeAdapter     : loaded 2 times (x 72B)
Class org.jetbrains.kotlin.build.report.metrics.BuildTimes$Companion                  : loaded 2 times (x 69B)
Class com.google.common.collect.MapMakerInternalMap$Strength$1                        : loaded 2 times (x 78B)
Class org.gradle.internal.impldep.com.google.common.collect.UnmodifiableIterator      : loaded 2 times (x 78B)
Class com.android.tools.analytics.CommonMetricsData$GarbageCollectionStatsDiffs       : loaded 2 times (x 69B)
Class org.jetbrains.kotlin.metadata.ProtoBuf$VersionRequirement$Level$1               : loaded 2 times (x 72B)
Class org.jetbrains.kotlin.gradle.tasks.CompilerPluginOptionsKt                       : loaded 2 times (x 69B)
Class kotlin.reflect.jvm.internal.KClassImpl$Data$inheritedNonStaticMembers$2         : loaded 2 times (x 77B)
Class org.jetbrains.kotlin.gradle.plugin.statistics.KotlinTaskExecutionMetrics        : loaded 2 times (x 69B)
Class org.jetbrains.kotlin.daemon.common.CompileService$CallResult                    : loaded 2 times (x 70B)
Class org.gradle.api.internal.classpath.Module                                        : loaded 2 times (x 68B)
Class com.android.builder.model.v2.models.VariantDependencies                         : loaded 2 times (x 68B)
Class org.jetbrains.kotlin.cli.common.messages.GradleStyleMessageRenderer             : loaded 2 times (x 76B)
Class org.jetbrains.plugins.gradle.tooling.internal.DefaultRepositoryModels           : loaded 2 times (x 74B)
Class kotlin.reflect.jvm.internal.impl.load.java.lazy.ContextKt$childForClassOrPackage$1: loaded 2 times (x 77B)
Class org.jetbrains.kotlin.gradle.tasks.AbstractKotlinCompile$execute$1$1             : loaded 2 times (x 77B)
Class com.google.wireless.android.sdk.stats.LayoutEditorEventOrBuilder                : loaded 2 times (x 68B)
Class com.google.wireless.android.sdk.stats.VariantPropertiesAccess$1                 : loaded 2 times (x 149B)
Class com.intellij.openapi.externalSystem.model.project.dependencies.UnknownDependencyNode: loaded 2 times (x 85B)
Class org.gradle.internal.impldep.com.google.gson.internal.ReflectionAccessFilterHelper: loaded 2 times (x 69B)
Class org.jetbrains.kotlin.idea.gradleTooling.model.assignment.AssignmentModel        : loaded 2 times (x 68B)
Class com.google.common.io.ByteSource$ByteArrayByteSource                             : loaded 2 times (x 83B)
Class kotlin.concurrent.atomics.AtomicsKt                                             : loaded 2 times (x 69B)
Class com.google.protobuf.FieldSet$FieldDescriptorLite                                : loaded 2 times (x 68B)
Class org.jetbrains.kotlin.gradle.plugin.statistics.CompileKotlinTaskMetrics          : loaded 2 times (x 69B)
Class com.google.wireless.android.sdk.stats.WearHealthServicesEventOrBuilder          : loaded 2 times (x 68B)
Class com.google.protobuf.Internal$IntList                                            : loaded 2 times (x 68B)
Class org.gradle.internal.impldep.com.google.gson.JsonSyntaxException                 : loaded 2 times (x 80B)
Class org.jetbrains.kotlin.gradle.incremental.IncrementalModuleInfoProvider           : loaded 2 times (x 68B)
Class org.jetbrains.kotlin.gradle.tasks.KotlinCompile$createCompilerArguments$1$2$1   : loaded 2 times (x 77B)
Class com.google.wireless.android.sdk.stats.EmulatorDetailsOrBuilder                  : loaded 2 times (x 68B)
Class com.google.wireless.android.sdk.stats.LintActionOrBuilder                       : loaded 2 times (x 68B)
Class org.jetbrains.compose.internal.com.squareup.kotlinpoet.ClassName$Companion      : loaded 2 times (x 69B)
Class com.google.common.collect.Interners                                             : loaded 2 times (x 69B)
Class org.jetbrains.kotlin.idea.gradleTooling.model.annotation.AnnotationBasedPluginModel: loaded 2 times (x 68B)
Class kotlin.reflect.jvm.internal.KClassImpl$Data$nestedClasses$2                     : loaded 2 times (x 77B)
Class org.jetbrains.org.objectweb.asm.tree.TypeInsnNode                               : loaded 2 times (x 76B)
Class com.android.ide.gradle.model.builder.LegacyAndroidGradlePluginPropertiesModelBuilder$Companion$MethodCacheKey: loaded 2 times (x 70B)
Class com.google.wireless.android.sdk.stats.StudioLabsEventOrBuilder                  : loaded 2 times (x 68B)
Class org.jetbrains.kotlin.idea.gradleTooling.builders.IdeaKotlinDependencyContainerBuilderKt: loaded 2 times (x 69B)
Class kotlin.reflect.jvm.internal.impl.metadata.jvm.deserialization.JvmNameResolver$WhenMappings: loaded 2 times (x 69B)
Class org.jetbrains.kotlin.idea.gradleTooling.builders.KotlinSourceSetBuilder         : loaded 2 times (x 70B)
Class com.google.wireless.android.sdk.stats.GradleBuildDetails                        : loaded 2 times (x 231B)
Class com.google.wireless.android.sdk.stats.AdbDelegateUsageEventOrBuilder            : loaded 2 times (x 68B)
Class org.jetbrains.kotlin.gradle.tasks.FailedCompilationException                    : loaded 2 times (x 80B)
Class com.google.wireless.android.sdk.stats.DeviceConnectedNotificationEvent          : loaded 2 times (x 201B)
Class com.google.wireless.android.sdk.stats.JourneyFinishedEventOrBuilder             : loaded 2 times (x 68B)
Class org.gradle.tooling.model.idea.IdeaDependency                                    : loaded 2 times (x 68B)
Class org.gradle.internal.exceptions.ResolutionProvider                               : loaded 2 times (x 68B)
Class org.jetbrains.compose.internal.com.squareup.kotlinpoet.TagMap$Companion         : loaded 2 times (x 69B)
Class com.google.common.collect.MapMakerInternalMap$Segment                           : loaded 2 times (x 140B)
Class com.google.wireless.android.sdk.stats.EmulatorHost                              : loaded 2 times (x 219B)
Class org.jetbrains.kotlin.gradle.report.BuildReportMode                              : loaded 2 times (x 77B)
Class org.gradle.tooling.internal.adapter.ViewBuilder                                 : loaded 2 times (x 68B)
Class org.jetbrains.kotlin.gradle.idea.tcs.IdeaKotlinDependencyCoordinates            : loaded 2 times (x 68B)
Class org.jetbrains.kotlin.buildtools.api.arguments.CommonToolArguments$Builder       : loaded 2 times (x 68B)
Class com.android.build.gradle.internal.profile.ProjectData                           : loaded 2 times (x 70B)
Class org.gradle.tooling.internal.adapter.ProtocolToModelAdapter                      : loaded 2 times (x 78B)
Class com.intellij.gradle.toolingExtension.impl.model.utilTurnOffDefaultTasksModel.DefaultTurnOffDefaultTasks: loaded 2 times (x 69B)
Class com.google.wireless.android.sdk.stats.VariantPropertiesAccess                   : loaded 2 times (x 193B)
Class org.jetbrains.kotlin.buildtools.internal.CancellableBuildOperationImpl$Companion: loaded 2 times (x 69B)
Class kotlin.reflect.jvm.internal.impl.load.java.lazy.descriptors.LazyJavaPackageFragment$partToFacade$2: loaded 2 times (x 77B)
Class com.android.builder.model.v2.models.Versions                                    : loaded 2 times (x 68B)
Class org.jetbrains.kotlin.com.google.common.util.concurrent.AbstractFuture$Cancellation: loaded 2 times (x 70B)
Class com.android.build.gradle.internal.profile.AnalyticsServiceApi                   : loaded 2 times (x 68B)
Class com.google.wireless.android.sdk.stats.LLDBFrontendDetailsOrBuilder              : loaded 2 times (x 68B)
Class org.jetbrains.kotlin.gradle.plugin.statistics.NonSynchronizedMetricsContainer$MetricDescriptor: loaded 2 times (x 73B)
Class com.android.utils.concurrency.ReadWriteProcessLock$ReadLock                     : loaded 2 times (x 75B)
Class [Lcom.google.wireless.android.sdk.stats.AndroidStudioEvent$IdeBrand;            : loaded 2 times (x 67B)
Class org.jetbrains.plugins.gradle.model.tests.DefaultExternalTestsModel              : loaded 2 times (x 75B)
Class com.google.common.io.CharStreams                                                : loaded 2 times (x 69B)
Class kotlin.reflect.jvm.internal.KClassImpl$Data$constructors$2                      : loaded 2 times (x 77B)
Class com.google.wireless.android.sdk.stats.AndroidStudioEvent$TemplatesUsageOrBuilder: loaded 2 times (x 68B)
Class com.android.builder.model.v2.models.ProjectGraph                                : loaded 2 times (x 68B)
Class org.jetbrains.kotlin.incremental.classpathDiff.impl.SingleClassSnapshotter      : loaded 2 times (x 69B)
Class kotlin.reflect.jvm.internal.KClassImpl$Data$qualifiedName$2                     : loaded 2 times (x 77B)
Class com.google.wireless.android.sdk.stats.ComposeAnimationToolingEventOrBuilder     : loaded 2 times (x 68B)
Class org.gradle.tooling.internal.adapter.WeakIdentityHashMap$WeakKey                 : loaded 2 times (x 77B)
Class [Lcom.google.gson.Strictness;                                                   : loaded 2 times (x 67B)
Class kotlin.reflect.jvm.internal.impl.renderer.DescriptorRenderer$Companion$COMPACT_WITH_SHORT_TYPES$1: loaded 2 times (x 76B)
Class org.gradle.internal.impldep.com.google.gson.internal.sql.SqlTypesSupport$2      : loaded 2 times (x 72B)
Class org.jetbrains.kotlin.idea.gradleTooling.reflect.KotlinLanguageSettingsReflectionImpl: loaded 2 times (x 80B)
Class org.jetbrains.kotlin.gradle.logging.ErrorLoggingUtilKt                          : loaded 2 times (x 69B)
Class org.jetbrains.kotlin.gradle.plugin.KotlinCompilerArgumentsProducer$DefaultImpls : loaded 2 times (x 69B)
Class org.jetbrains.kotlin.build.report.metrics.GcMetrics                             : loaded 2 times (x 70B)
Class com.google.wireless.android.sdk.stats.GradleBuildSplits$Builder                 : loaded 2 times (x 317B)
Class org.jetbrains.kotlin.idea.gradleTooling.KotlinGradlePluginVersionKt             : loaded 2 times (x 69B)
Class org.jetbrains.kotlin.idea.gradleTooling.KotlinTasksPropertyUtilsKt              : loaded 2 times (x 69B)
Class org.jetbrains.kotlin.statistics.metrics.BooleanMetrics$Companion                : loaded 2 times (x 69B)
Class org.jetbrains.kotlin.gradle.plugin.statistics.BuildFinishMetrics                : loaded 2 times (x 69B)
Class com.google.protobuf.Writer                                                      : loaded 2 times (x 68B)
Class org.jetbrains.kotlin.gradle.plugin.diagnostics.KotlinToolingDiagnosticsCollector$Parameter: loaded 2 times (x 68B)
Class org.jetbrains.plugins.gradle.tooling.MessageBuilder                             : loaded 2 times (x 68B)
Class com.google.common.base.Splitter$Strategy                                        : loaded 2 times (x 68B)
Class org.jetbrains.kotlin.com.intellij.util.io.DataExternalizer                      : loaded 2 times (x 68B)
Class org.jetbrains.kotlin.gradle.plugin.statistics.FlowActionBuildFusService         : loaded 2 times (x 82B)
Class com.google.wireless.android.sdk.stats.DefaultActivityLocatorStats               : loaded 2 times (x 199B)
Class com.google.wireless.android.sdk.stats.LintSessionOrBuilder                      : loaded 2 times (x 68B)
Class com.android.tools.analytics.AnalyticsPaths                                      : loaded 2 times (x 69B)
Class org.gradle.internal.impldep.com.google.gson.internal.sql.SqlTypesSupport$1      : loaded 2 times (x 72B)
Class com.google.wireless.android.sdk.stats.UIActionStatsOrBuilder                    : loaded 2 times (x 68B)
Class org.jetbrains.kotlin.buildtools.api.SharedApiClassesClassLoaderImpl             : loaded 2 times (x 99B)
Class com.google.wireless.android.sdk.stats.JniInspectionEventOrBuilder               : loaded 2 times (x 68B)
Class com.android.build.gradle.internal.attribution.BuildAnalyzerService$Parameters$Inject: loaded 2 times (x 116B)
Class [Lkotlin.reflect.jvm.internal.impl.load.java.components.TypeUsage;              : loaded 2 times (x 67B)
Class org.jetbrains.kotlin.com.google.common.cache.CacheLoader$SupplierToCacheLoader  : loaded 2 times (x 73B)
Class org.jetbrains.kotlin.gradle.internal.ClassLoadersCacheHolder                    : loaded 2 times (x 69B)
Class com.google.wireless.android.sdk.stats.TestRun$TestExecution                     : loaded 2 times (x 85B)
Class com.intellij.gradle.toolingExtension.impl.model.warmUp.GradleTaskWarmUpService  : loaded 2 times (x 84B)
Class org.gradle.internal.impldep.com.google.gson.internal.reflect.ReflectionHelper   : loaded 2 times (x 69B)
Class [Lorg.objectweb.asm.AnnotationWriter;                                           : loaded 2 times (x 67B)
Class org.jetbrains.kotlin.build.report.metrics.OUT_OF_WORKER_TASK_ACTION             : loaded 2 times (x 70B)
Class com.android.builder.model.v2.ide.Installation                                   : loaded 2 times (x 68B)
Class org.gradle.internal.service.CachingServiceLocator                               : loaded 2 times (x 80B)
Class jdk.internal.jimage.ImageReader$LinkNode                                        : loaded 2 times (x 82B)
Class org.jetbrains.kotlin.buildtools.api.arguments.enums.ExplicitApiMode             : loaded 2 times (x 77B)
Class org.jetbrains.kotlin.incremental.impl.UtilsKt                                   : loaded 2 times (x 69B)
Class kotlin.reflect.jvm.internal.impl.resolve.scopes.MemberScope$Companion$ALL_NAME_FILTER$1: loaded 2 times (x 76B)
Class org.jetbrains.kotlin.buildtools.internal.BuildOperationImpl                     : loaded 2 times (x 78B)
Class org.jetbrains.kotlin.gradle.logging.CapturingDelegatingKotlinLogger$info$1      : loaded 2 times (x 77B)
Class com.google.common.collect.Streams                                               : loaded 2 times (x 69B)
Class org.jetbrains.compose.internal.com.squareup.kotlinpoet.UtilKt                   : loaded 2 times (x 69B)
Class com.google.common.io.Files                                                      : loaded 2 times (x 69B)
Class org.jetbrains.kotlin.incremental.DifferenceCalculatorForPackageFacade$Companion$membersResolvers$3: loaded 2 times (x 127B)
Class org.jetbrains.kotlin.incremental.DifferenceCalculatorForPackageFacade$Companion$membersResolvers$2: loaded 2 times (x 127B)
Class com.google.wireless.android.sdk.stats.LldbSessionEndDetails                     : loaded 2 times (x 202B)
Class com.google.wireless.android.sdk.stats.ApiVersion$1                              : loaded 2 times (x 149B)
Class org.jetbrains.kotlin.gradle.tasks.DefaultKotlinJavaToolchain$DefaultJavaToolchainSetter: loaded 2 times (x 73B)
Class org.apache.commons.io.output.AppendableWriter                                   : loaded 2 times (x 98B)
Class org.jetbrains.kotlin.com.google.common.base.Stopwatch                           : loaded 2 times (x 70B)
Class org.apache.commons.io.StandardLineSeparator                                     : loaded 2 times (x 77B)
Class org.jetbrains.kotlin.incremental.DifferenceCalculatorForPackageFacade$Companion$membersResolvers$1: loaded 2 times (x 127B)
Class org.gradle.api.internal.classpath.EffectiveClassPath                            : loaded 2 times (x 88B)
Class org.jetbrains.kotlin.compilerRunner.btapi.BuildSessionService$getOrCreateBuildSession$1$2: loaded 2 times (x 77B)
Class com.google.wireless.android.sdk.stats.LldbPerformanceStats                      : loaded 2 times (x 197B)
Class org.gradle.internal.impldep.com.google.gson.internal.bind.DefaultDateTypeAdapter$DateType: loaded 2 times (x 71B)
Class org.jetbrains.kotlin.incremental.impl.InstanceOwnerRecordingClassVisitor        : loaded 2 times (x 86B)
Class org.jetbrains.kotlin.statistics.BuildSessionLogger                              : loaded 2 times (x 75B)
Class org.gradle.internal.time.Timer                                                  : loaded 2 times (x 68B)
Class org.jetbrains.kotlin.gradle.plugin.diagnostics.KotlinToolingDiagnosticsCollector$Parameter_Decorated: loaded 2 times (x 132B)
Class com.google.wireless.android.sdk.stats.AdbServerState                            : loaded 2 times (x 201B)
Class com.google.wireless.android.sdk.stats.GradlePluginUpgradeDialogStatsOrBuilder   : loaded 2 times (x 68B)
Class com.android.builder.model.v2.ide.ArtifactDependenciesAdjacencyList              : loaded 2 times (x 68B)
Class org.jetbrains.compose.internal.com.squareup.kotlinpoet.ContextReceivable$Builder: loaded 2 times (x 68B)
Class org.jetbrains.plugins.gradle.tooling.DefaultMessageBuilder                      : loaded 2 times (x 82B)
Class org.jetbrains.kotlin.buildtools.api.KotlinToolchains$Toolchain                  : loaded 2 times (x 68B)
Class org.jetbrains.kotlin.gradle.plugin.internal.CustomPropertiesFileValueSource     : loaded 2 times (x 80B)
Class com.android.builder.model.v2.ide.TestInfo$Execution                             : loaded 2 times (x 77B)
Class org.jetbrains.kotlin.statistics.metrics.BooleanOverridePolicy                   : loaded 2 times (x 83B)
Class [Lorg.objectweb.asm.Attribute;                                                  : loaded 2 times (x 67B)
Class org.jetbrains.kotlin.idea.gradleTooling.reflect.ReflectionKt                    : loaded 2 times (x 69B)
Class com.google.wireless.android.sdk.stats.FirebaseManagementEvent                   : loaded 2 times (x 200B)
Class org.jetbrains.kotlin.buildtools.internal.BuildOperationImpl$Option              : loaded 2 times (x 71B)
Class com.android.build.gradle.internal.utils.GradlePluginUtils                       : loaded 2 times (x 69B)
Class org.jetbrains.kotlin.incremental.classpathDiff.ExtraInfoExternalizer            : loaded 2 times (x 73B)
Class com.google.wireless.android.sdk.stats.KotlinSupport                             : loaded 2 times (x 200B)
Class com.google.wireless.android.sdk.stats.AsmFramesComputationModeUpdate            : loaded 2 times (x 193B)
Class com.android.utils.concurrency.ReadWriteProcessLock$3                            : loaded 2 times (x 71B)
Class [Lorg.apache.commons.io.StandardLineSeparator;                                  : loaded 2 times (x 67B)
Class org.jetbrains.kotlin.daemon.common.DaemonWithMetadata                           : loaded 2 times (x 70B)
Class org.jetbrains.kotlin.incremental.storage.JvmClassNameExternalizer               : loaded 2 times (x 73B)
Class org.gradle.internal.impldep.com.google.gson.ReflectionAccessFilter$FilterResult : loaded 2 times (x 77B)
Class org.jetbrains.kotlin.gradle.internal.UsesClassLoadersCachingBuildService        : loaded 2 times (x 68B)
Class com.google.wireless.android.sdk.stats.GarbageCollectionStats$1                  : loaded 2 times (x 149B)
Class com.google.wireless.android.sdk.stats.RunFinishData                             : loaded 2 times (x 195B)
Class com.google.wireless.android.sdk.stats.IntelliJNewUIState                        : loaded 2 times (x 193B)
Class com.android.build.gradle.internal.profile.WorkerProfilingRecord                 : loaded 2 times (x 70B)
Class org.jetbrains.kotlin.buildtools.internal.jvm.JvmSnapshotBasedIncrementalCompilationOptionsImpl: loaded 2 times (x 80B)
Class com.google.wireless.android.sdk.stats.GradleBuildProfileSpan$1                  : loaded 2 times (x 149B)
Class [Lorg.jetbrains.plugins.gradle.tooling.Message$Kind;                            : loaded 2 times (x 67B)
Class org.jetbrains.kotlin.gradle.report.TaskExecutionInfo                            : loaded 2 times (x 70B)
Class com.android.utils.concurrency.ReadWriteProcessLock$2                            : loaded 2 times (x 71B)
Class com.google.wireless.android.sdk.stats.AndroidStudioEvent$EventCategory$1        : loaded 2 times (x 74B)
Class org.jetbrains.compose.internal.com.squareup.kotlinpoet.FileSpec                 : loaded 2 times (x 85B)
Class com.google.common.collect.Sets$ImprovedAbstractSet                              : loaded 2 times (x 133B)
Class com.google.wireless.android.sdk.stats.GradleBuildProject$PluginGeneration$1     : loaded 2 times (x 74B)
Class org.jetbrains.plugins.gradle.tooling.serialization.internal.adapter.InternalBuildIdentifier: loaded 2 times (x 73B)
Class gnu.trove.TObjectHashingStrategy                                                : loaded 2 times (x 68B)
Class com.google.common.collect.AbstractMapBasedMultimap$AsMap                        : loaded 2 times (x 126B)
Class org.jetbrains.compose.internal.com.squareup.kotlinpoet.MemberSpecHolder$Builder : loaded 2 times (x 68B)
Class org.gradle.internal.classpath.DefaultClassPath                                  : loaded 2 times (x 88B)
Class org.jetbrains.kotlin.compilerRunner.KotlinCompilerArgumentsLogLevel             : loaded 2 times (x 77B)
Class com.google.common.base.CharMatcher$None                                         : loaded 2 times (x 110B)
Class com.android.utils.concurrency.ReadWriteProcessLock$1                            : loaded 2 times (x 71B)
Class com.google.protobuf.ProtocolStringList                                          : loaded 2 times (x 68B)
Class com.google.protobuf.ExtensionRegistry                                           : loaded 2 times (x 85B)
Class com.google.wireless.android.sdk.stats.EditorPickerEventOrBuilder                : loaded 2 times (x 68B)
Class com.google.wireless.android.sdk.stats.WhatsNewAssistantEventOrBuilder           : loaded 2 times (x 68B)
Class com.google.common.collect.AbstractSetMultimap                                   : loaded 2 times (x 172B)
Class org.jetbrains.kotlin.com.google.common.cache.LocalCache$AbstractReferenceEntry  : loaded 2 times (x 105B)
Class com.google.wireless.android.sdk.stats.NavEditorEventOrBuilder                   : loaded 2 times (x 68B)
Class com.google.protobuf.Descriptors$EnumValueDescriptor                             : loaded 2 times (x 77B)
Class com.google.common.collect.MapMakerInternalMap$1                                 : loaded 2 times (x 81B)
Class org.jetbrains.kotlin.daemon.common.InitialClientInformation                     : loaded 2 times (x 73B)
Class org.jetbrains.kotlin.gradle.internal.load.java.JvmAbi                           : loaded 2 times (x 69B)
Class com.google.wireless.android.sdk.stats.ProjectViewSelectionChangeEventOrBuilder  : loaded 2 times (x 68B)
Class org.jetbrains.kotlin.statistics.metrics.BooleanMetrics                          : loaded 2 times (x 78B)
Class com.android.builder.model.v2.ide.JavaCompileOptions                             : loaded 2 times (x 68B)
Class org.jetbrains.kotlin.idea.gradleTooling.KotlinDslScriptTaskModelBuilder         : loaded 2 times (x 84B)
Class org.jetbrains.kotlin.compilerRunner.btapi.UsesBuildSessionService               : loaded 2 times (x 68B)
Class org.gradle.internal.impldep.com.google.gson.internal.bind.ObjectTypeAdapter     : loaded 2 times (x 72B)
Class org.jetbrains.kotlin.statistics.metrics.NumberAnonymizationPolicy$RANDOM_10_PERCENT: loaded 2 times (x 83B)
Class com.android.builder.model.v2.ide.VectorDrawablesOptions                         : loaded 2 times (x 68B)
Class org.jetbrains.kotlin.compilerRunner.CompilerExecutionSettings                   : loaded 2 times (x 70B)
Class com.google.common.hash.Hashing$Sha256Holder                                     : loaded 2 times (x 69B)
Class com.google.protobuf.CodedOutputStream                                           : loaded 2 times (x 107B)
Class com.google.common.collect.ImmutableMultimap$Builder                             : loaded 2 times (x 84B)
Class org.jetbrains.compose.resources.GenerateActualResourceCollectorsTask_Decorated  : loaded 2 times (x 372B)
Class org.jetbrains.kotlin.idea.gradleTooling.reflect.KotlinMultiplatformImportReflectionImpl$Companion: loaded 2 times (x 69B)
Class org.jetbrains.kotlin.gradle.plugin.KotlinCompilerArgumentsProducer$ArgumentType$Companion: loaded 2 times (x 69B)
Class [Lorg.jetbrains.kotlin.compilerRunner.KotlinCompilerArgumentsLogLevel;          : loaded 2 times (x 67B)
Class kotlin.Result                                                                   : loaded 2 times (x 70B)
Class org.jetbrains.kotlin.compilerRunner.GradleCompilerEnvironment                   : loaded 2 times (x 71B)
Class kotlin.reflect.jvm.internal.KClassImpl$Data$sealedSubclasses$2                  : loaded 2 times (x 77B)
Class kotlin.reflect.jvm.internal.KClassImpl$Data$objectInstance$2                    : loaded 2 times (x 77B)
Class com.google.wireless.android.sdk.stats.CoroutineDebuggerEvent                    : loaded 2 times (x 195B)
Class org.gradle.internal.impldep.com.google.gson.FieldNamingPolicy$7                 : loaded 2 times (x 81B)
Class org.jetbrains.kotlin.idea.gradleTooling.MultiplatformModelImportingChecker      : loaded 2 times (x 68B)
Class jdk.internal.jimage.decompressor.StringSharingDecompressorFactory               : loaded 2 times (x 72B)
Class com.google.wireless.android.sdk.stats.ArtifactAccessOrBuilder                   : loaded 2 times (x 68B)
Class org.gradle.internal.impldep.com.google.gson.FieldNamingPolicy$6                 : loaded 2 times (x 81B)
Class org.jetbrains.kotlin.buildtools.api.jvm.JvmPlatformToolchain                    : loaded 2 times (x 68B)
Class com.google.common.util.concurrent.AbstractFuture$SetFuture                      : loaded 2 times (x 73B)
Class org.jetbrains.compose.internal.com.squareup.kotlinpoet.OriginatingElements      : loaded 2 times (x 73B)
Class org.jetbrains.kotlin.metadata.ProtoBuf$TypeParameter$1                          : loaded 2 times (x 142B)
Class kotlin.reflect.jvm.internal.impl.load.java.JvmAnnotationNamesKt                 : loaded 2 times (x 69B)
Class org.jetbrains.org.objectweb.asm.tree.TryCatchBlockNode                          : loaded 2 times (x 72B)
Class org.jetbrains.kotlin.gradle.fus.BuildUidService                                 : loaded 2 times (x 78B)
Class org.gradle.internal.impldep.com.google.gson.FieldNamingPolicy$5                 : loaded 2 times (x 81B)
Class org.jetbrains.kotlin.com.google.common.util.concurrent.AbstractFuture           : loaded 2 times (x 93B)
Class org.gradle.internal.impldep.com.google.common.collect.ImmutableCollection       : loaded 2 times (x 123B)
Class org.jetbrains.kotlin.daemon.common.CompileService$Companion                     : loaded 2 times (x 69B)
Class kotlin.reflect.jvm.internal.impl.load.java.typeEnhancement.SignatureEnhancement$PartEnhancementResult: loaded 2 times (x 70B)
Class org.jetbrains.kotlin.metadata.ProtoBuf$ReturnValueStatus                        : loaded 2 times (x 80B)
Class org.jetbrains.kotlin.incremental.classpathDiff.MultifileClassKotlinClassSnapshotExternalizer: loaded 2 times (x 73B)
Class org.gradle.internal.impldep.com.google.gson.FieldNamingPolicy$4                 : loaded 2 times (x 81B)
Class org.jetbrains.kotlin.daemon.common.FileSystem                                   : loaded 2 times (x 69B)
Class org.jetbrains.plugins.gradle.tooling.util.BooleanBiFunction                     : loaded 2 times (x 68B)
Class [Lorg.jetbrains.kotlin.statistics.metrics.IMetricContainerFactory;              : loaded 2 times (x 67B)
Class com.google.protobuf.ExtensionRegistryLite                                       : loaded 2 times (x 72B)
Class org.gradle.internal.impldep.com.google.common.collect.Sets$1                    : loaded 2 times (x 139B)
Class org.jetbrains.compose.internal.com.squareup.kotlinpoet.LambdaTypeName           : loaded 2 times (x 84B)
Class [Lorg.jetbrains.org.objectweb.asm.tree.AbstractInsnNode;                        : loaded 2 times (x 67B)
Class com.google.wireless.android.sdk.stats.CppHeadersViewEventOrBuilder              : loaded 2 times (x 68B)
Class com.google.wireless.android.sdk.stats.GradleIntegerOptionEntry                  : loaded 2 times (x 195B)
Class org.gradle.internal.impldep.com.google.common.collect.Sets$2                    : loaded 2 times (x 139B)
Class org.jetbrains.kotlin.com.google.common.util.concurrent.ListenableFuture         : loaded 2 times (x 68B)
Class com.intellij.gradle.toolingExtension.impl.modelBuilder.DefaultMessageReporter   : loaded 2 times (x 73B)
Class org.jetbrains.kotlin.build.report.metrics.SNAPSHOT_INLINED_CLASSES              : loaded 2 times (x 70B)
Class org.jetbrains.org.objectweb.asm.tree.VarInsnNode                                : loaded 2 times (x 76B)
Class com.google.common.collect.CollectCollectors                                     : loaded 2 times (x 69B)
Class com.google.protobuf.MessageLite$Builder                                         : loaded 2 times (x 68B)
Class org.gradle.tooling.model.idea.IdeaProject                                       : loaded 2 times (x 68B)
Class org.gradle.internal.impldep.com.google.common.collect.Sets$3                    : loaded 2 times (x 139B)
Class org.gradle.internal.impldep.com.google.gson.FieldNamingPolicy$3                 : loaded 2 times (x 81B)
Class kotlin.io.TextStreamsKt                                                         : loaded 2 times (x 69B)
Class com.google.wireless.android.sdk.stats.PlayPolicyInsightsUsageEventOrBuilder     : loaded 2 times (x 68B)
Class org.jetbrains.kotlin.buildtools.api.ProjectId$Companion                         : loaded 2 times (x 69B)
Class org.jetbrains.kotlin.statistics.metrics.NumberOverridePolicy                    : loaded 2 times (x 83B)
Class com.google.wireless.android.sdk.stats.KotlinSupportDeclined                     : loaded 2 times (x 193B)
Class org.jetbrains.kotlin.gradle.plugin.internal.state.TaskExecutionResults          : loaded 2 times (x 69B)
Class org.jetbrains.compose.internal.com.squareup.kotlinpoet.AnnotationSpec$Builder$Companion: loaded 2 times (x 69B)
Class org.gradle.internal.impldep.com.google.common.collect.Sets$4                    : loaded 2 times (x 139B)
Class kotlin.reflect.jvm.internal.impl.load.java.NullabilityAnnotationStatesImpl$cache$1: loaded 2 times (x 77B)
Class [Lorg.jetbrains.kotlin.buildtools.api.arguments.enums.KotlinVersion;            : loaded 2 times (x 67B)
Class kotlin.jvm.internal.Ref$BooleanRef                                              : loaded 2 times (x 69B)
Class com.google.wireless.android.sdk.stats.SigningWizardEvent                        : loaded 2 times (x 201B)
Class org.jetbrains.kotlin.buildtools.internal.ClasspathEntrySnapshotImpl             : loaded 2 times (x 76B)
Class com.android.builder.model.v2.ide.ProjectInfo                                    : loaded 2 times (x 68B)
Class kotlin.reflect.jvm.internal.impl.descriptors.NotFoundClasses$classes$1          : loaded 2 times (x 77B)
Class com.google.wireless.android.sdk.stats.AdbAssistantStats                         : loaded 2 times (x 193B)
Class org.gradle.tooling.model.Element                                                : loaded 2 times (x 68B)
Class org.gradle.internal.impldep.com.google.gson.FieldNamingPolicy$2                 : loaded 2 times (x 81B)
Class org.gradle.internal.impldep.com.google.gson.internal.reflect.ReflectionHelper$RecordSupportedHelper: loaded 2 times (x 76B)
Class org.jetbrains.org.objectweb.asm.tree.LineNumberNode                             : loaded 2 times (x 77B)
Class com.google.wireless.android.sdk.stats.GradlePluginDslUsageStats                 : loaded 2 times (x 197B)
Class com.android.builder.model.v2.ide.PrivacySandboxSdkInfo                          : loaded 2 times (x 68B)
Class org.gradle.internal.impldep.com.google.gson.internal.ObjectConstructor          : loaded 2 times (x 68B)
Class com.google.common.collect.ImmutableSortedMap$Builder                            : loaded 2 times (x 88B)
Class com.intellij.gradle.toolingExtension.impl.modelBuilder.ExtraModelBuilder        : loaded 2 times (x 83B)
Class org.jetbrains.kotlin.incremental.classpathDiff.impl.ClassListSnapshotterKt      : loaded 2 times (x 69B)
Class org.jetbrains.kotlin.incremental.classpathDiff.impl.SingleClassSnapshotter$WhenMappings: loaded 2 times (x 69B)
Class org.jetbrains.kotlin.idea.gradleTooling.builders.KotlinSourceSetBuilder$Companion$compileOnlyMetadataDependenciesBuilder$1: loaded 2 times (x 79B)
Class org.jetbrains.kotlin.metadata.ProtoBuf$Effect$EffectType                        : loaded 2 times (x 80B)
Class org.jetbrains.kotlin.incremental.storage.ListExternalizer                       : loaded 2 times (x 78B)
Class org.jetbrains.kotlin.buildtools.internal.jvm.operations.JvmCompilationOperationImpl$Companion: loaded 2 times (x 69B)
Class org.gradle.internal.impldep.com.google.gson.FieldNamingPolicy$1                 : loaded 2 times (x 81B)
Class com.google.common.collect.ImmutableSortedMap$1EntrySet                          : loaded 2 times (x 153B)
Class org.jetbrains.kotlin.com.google.common.cache.LocalCache$LocalManualCache$1      : loaded 2 times (x 73B)
Class jdk.internal.jimage.BasicImageReader                                            : loaded 2 times (x 93B)
Class com.google.common.primitives.IntsMethodsForWeb                                  : loaded 2 times (x 69B)
Class org.jetbrains.plugins.gradle.tooling.builder.EarModelBuilderImpl                : loaded 2 times (x 84B)
Class org.jetbrains.kotlin.compilerRunner.ReportUtilsKt                               : loaded 2 times (x 69B)
Class kotlin.sequences.SequencesKt__SequencesKt$sequenceOf$$inlined$Sequence$1        : loaded 2 times (x 73B)
Class [Lorg.jetbrains.kotlin.statistics.metrics.BooleanOverridePolicy;                : loaded 2 times (x 67B)
Class org.jetbrains.kotlin.idea.gradleTooling.model.lombok.LombokModelBuilderService  : loaded 2 times (x 85B)
Class com.google.common.collect.TransformedIterator                                   : loaded 2 times (x 78B)
Class org.jetbrains.kotlin.com.google.common.util.concurrent.AbstractFuture$UnsafeAtomicHelper$1: loaded 2 times (x 74B)
Class com.android.buildanalyzer.common.AndroidGradlePluginAttributionData$TaskInfo    : loaded 2 times (x 70B)
Class org.jetbrains.compose.internal.com.squareup.kotlinpoet.OriginatingElementsHolder$Builder: loaded 2 times (x 68B)
Class com.android.build.gradle.internal.services.AndroidLocationsBuildService$AndroidDirectoryCreator: loaded 2 times (x 78B)
Class org.jetbrains.kotlin.idea.gradleTooling.reflect.ReflectionReceiver$Static       : loaded 2 times (x 75B)
Class org.jetbrains.kotlin.idea.gradleTooling.KotlinTaskPropertiesImpl                : loaded 2 times (x 76B)
Class kotlin.reflect.jvm.internal.impl.load.java.lazy.descriptors.JvmPackageScope$kotlinScopes$2: loaded 2 times (x 77B)
Class com.android.utils.concurrency.ReadWriteProcessLock$WriteLock                    : loaded 2 times (x 75B)
Class com.google.common.base.Splitter$SplittingIterator                               : loaded 2 times (x 82B)
Class com.android.build.gradle.internal.plugins.KotlinMultiplatformAndroidPlugin      : loaded 2 times (x 79B)
Class org.jetbrains.kotlin.gradle.plugin.diagnostics.checkers.OverriddenKotlinNativeHomeChecker: loaded 2 times (x 72B)
Class org.gradle.tooling.internal.adapter.ObjectGraphAdapter                          : loaded 2 times (x 68B)
Class org.jetbrains.kotlin.daemon.client.KotlinCompilerClient$DaemonSearchResult$Found: loaded 2 times (x 70B)
Class com.android.builder.model.v2.models.VariantDependenciesFlatList                 : loaded 2 times (x 68B)
Class org.jetbrains.kotlin.statistics.AnonymizerUtilsKt                               : loaded 2 times (x 69B)
Class org.jetbrains.kotlin.build.report.metrics.BuildAttributeKind                    : loaded 2 times (x 77B)
Class com.google.wireless.android.sdk.stats.AsmFramesComputationModeUpdateOrBuilder   : loaded 2 times (x 68B)
Class org.gradle.internal.impldep.com.google.gson.JsonNull                            : loaded 2 times (x 90B)
Class org.jetbrains.kotlin.com.google.common.cache.CacheStats                         : loaded 2 times (x 69B)
Class com.google.wireless.android.sdk.stats.PreviewRefreshEvent                       : loaded 2 times (x 209B)
Class [Lorg.jetbrains.kotlin.gradle.tasks.KotlinCompilerExecutionStrategy;            : loaded 2 times (x 67B)
Class [Lcom.google.wireless.android.sdk.stats.GradleBuildVariant$DexMergerTool;       : loaded 2 times (x 67B)
Class org.gradle.internal.impldep.com.google.gson.internal.bind.ReflectiveTypeAdapterFactory: loaded 2 times (x 73B)
Class com.android.ide.gradle.model.artifacts.builder.AdditionalClassifierArtifactsModelBuilder: loaded 2 times (x 77B)
Class com.google.wireless.android.sdk.stats.AdbUsageEvent                             : loaded 2 times (x 202B)
Class org.jetbrains.kotlin.compilerRunner.IncrementalCompilationEnvironment$Companion : loaded 2 times (x 69B)
Class org.jetbrains.kotlin.build.report.HttpReportSettings                            : loaded 2 times (x 70B)
Class com.intellij.gradle.toolingExtension.impl.model.taskModel.GradleTaskModelBuilder: loaded 2 times (x 84B)
Class org.gradle.internal.impldep.com.google.common.collect.Iterators$ArrayItr        : loaded 2 times (x 95B)
Class com.android.ide.common.gradle.Version$Companion$ParseState$EMPTY                : loaded 2 times (x 72B)
Class org.gradle.internal.impldep.com.google.gson.internal.bind.MapTypeAdapterFactory$Adapter: loaded 2 times (x 72B)
Class kotlin.reflect.jvm.internal.impl.serialization.deserialization.descriptors.DeserializedClassDescriptor$annotations$1: loaded 2 times (x 77B)
Class org.jetbrains.plugins.gradle.tooling.serialization.internal.adapter.InternalProjectIdentifier: loaded 2 times (x 74B)
Class org.jetbrains.kotlin.incremental.KotlinClassInfo$ExtraInfo                      : loaded 2 times (x 70B)
Class org.jetbrains.org.objectweb.asm.tree.LocalVariableAnnotationNode                : loaded 2 times (x 80B)
Class org.jetbrains.kotlin.com.google.common.cache.LocalCache$StrongEntry             : loaded 2 times (x 106B)
Class org.jetbrains.kotlin.gradle.dsl.KotlinJvmCompile                                : loaded 2 times (x 68B)
Class org.jetbrains.kotlin.idea.gradleTooling.reflect.Parameter                       : loaded 2 times (x 70B)
Class kotlin.collections.ArrayDeque                                                   : loaded 2 times (x 167B)
Class org.jetbrains.kotlin.daemon.client.KotlinCompilerClient$tryFindSuitableDaemonOrNewOpts$$inlined$thenBy$1: loaded 2 times (x 88B)
Class com.google.common.collect.ImmutableMultisetGwtSerializationDependencies         : loaded 2 times (x 123B)
Class com.google.protobuf.CodedInputStream$ArrayDecoder                               : loaded 2 times (x 118B)
Class org.jetbrains.plugins.gradle.tooling.ModelBuilderContext                        : loaded 2 times (x 68B)
Class org.jetbrains.kotlin.buildtools.internal.IcAdaptersKt                           : loaded 2 times (x 69B)
Class com.android.build.gradle.internal.dependency.GenericTransformParameters         : loaded 2 times (x 68B)
Class org.jetbrains.kotlin.compilerRunner.btapi.BuildToolsApiCompilationWork$WhenMappings: loaded 2 times (x 69B)
Class org.jetbrains.kotlin.statistics.metrics.StringAnonymizationPolicy$AllowedListAnonymizer$Companion: loaded 2 times (x 69B)
Class com.google.wireless.android.sdk.stats.ParallelAndroidTestReportUiEvent          : loaded 2 times (x 200B)
Class com.google.wireless.android.sdk.stats.AndroidStudioEvent$IdeBrand               : loaded 2 times (x 85B)
Class com.android.builder.profile.NameAnonymizer$Project                              : loaded 2 times (x 70B)
Class com.android.builder.profile.NameAnonymizer$VariantIdCacheLoader                 : loaded 2 times (x 74B)
Class org.gradle.internal.impldep.com.google.gson.internal.bind.MapTypeAdapterFactory : loaded 2 times (x 73B)
Class org.jetbrains.kotlin.statistics.metrics.BooleanOverridePolicy$OR                : loaded 2 times (x 83B)
Class com.google.wireless.android.sdk.stats.SmlConfigurationEventOrBuilder            : loaded 2 times (x 68B)
Class org.gradle.kotlin.dsl.Accessors8sk1jyt9om2z183giqbslole0Kt                      : loaded 2 times (x 69B)
Class org.jetbrains.plugins.gradle.tooling.builder.WarModelBuilderImpl                : loaded 2 times (x 84B)
Class org.jetbrains.kotlin.gradle.plugin.statistics.BuildFinishMetrics$reportGlobalMetrics$1: loaded 2 times (x 77B)
Class com.google.wireless.android.sdk.stats.LintAction                                : loaded 2 times (x 203B)
Class com.google.wireless.android.sdk.stats.EmulatorDetails                           : loaded 2 times (x 301B)
Class Settings_gradle$1$1$1                                                           : loaded 2 times (x 72B)
Class com.android.build.gradle.internal.plugins.PrivacySandboxSdkPlugin               : loaded 2 times (x 79B)
Class com.google.wireless.android.sdk.stats.LintTooltipLinkEvent                      : loaded 2 times (x 198B)
Class kotlin.reflect.jvm.internal.KClassImpl$Data$allNonStaticMembers$2               : loaded 2 times (x 77B)
Class kotlin.reflect.jvm.internal.KProperty1Impl$_getter$1                            : loaded 2 times (x 77B)
Class com.google.wireless.android.sdk.stats.BuildAttributionStats                     : loaded 2 times (x 205B)
Class com.google.common.collect.ImmutableListMultimap                                 : loaded 2 times (x 174B)
Class org.gradle.tooling.GradleConnectionException                                    : loaded 2 times (x 81B)
Class com.google.wireless.android.sdk.stats.StudioRunEventOrBuilder                   : loaded 2 times (x 68B)
Class kotlin.text.MatchResult$DefaultImpls                                            : loaded 2 times (x 69B)
Class kotlin.text.MatchResult$Destructured                                            : loaded 2 times (x 70B)
Class com.google.protobuf.UnsafeUtil$JvmMemoryAccessor                                : loaded 2 times (x 89B)
Class com.android.builder.model.v2.dsl.SigningConfig                                  : loaded 2 times (x 68B)
Class com.google.wireless.android.sdk.stats.HeapReportEventOrBuilder                  : loaded 2 times (x 68B)
Class com.android.buildanalyzer.common.AndroidGradlePluginAttributionData$Companion   : loaded 2 times (x 69B)
Class [Lorg.jetbrains.kotlin.statistics.metrics.StringMetrics;                        : loaded 2 times (x 67B)
Class org.jetbrains.kotlin.gradle.plugin.diagnostics.KotlinGradleProjectChecker       : loaded 2 times (x 68B)
Class [Lorg.gradle.api.JavaVersion;                                                   : loaded 2 times (x 67B)
Class com.intellij.openapi.externalSystem.model.project.dependencies.FileCollectionDependencyNode: loaded 2 times (x 68B)
Class org.jetbrains.kotlin.com.google.common.base.MoreObjects                         : loaded 2 times (x 69B)
Class org.jetbrains.kotlin.com.google.common.util.concurrent.Uninterruptibles         : loaded 2 times (x 69B)
Class org.gradle.internal.impldep.com.google.gson.internal.bind.TypeAdapterRuntimeTypeWrapper: loaded 2 times (x 72B)
Class org.jetbrains.kotlin.idea.gradleTooling.serialization.IdeaKotlinSerializationContextExtensionPoint$ResolutionResult$ExtensionsUnavailable: loaded 2 times (x 69B)
Class [Lcom.google.wireless.android.sdk.stats.GradleBuildVariant$VariantType;         : loaded 2 times (x 67B)
Class Build_gradle$2                                                                  : loaded 2 times (x 73B)
Class org.jetbrains.kotlin.gradle.plugin.diagnostics.IsAttachedToTerminalValueSource  : loaded 2 times (x 78B)
Class Build_gradle$3                                                                  : loaded 2 times (x 77B)
Class org.jetbrains.kotlin.config.Services$Companion                                  : loaded 2 times (x 69B)
Class org.jetbrains.kotlin.gradle.plugin.KotlinSourceSet                              : loaded 2 times (x 68B)
Class jdk.internal.jimage.ImageLocation                                               : loaded 2 times (x 88B)
Class com.google.wireless.android.sdk.stats.StartupEvent                              : loaded 2 times (x 195B)
Class kotlin.reflect.jvm.internal.KPropertyImpl$Getter$caller$2                       : loaded 2 times (x 77B)
Class org.jetbrains.kotlin.idea.gradleTooling.reflect.KotlinNativeCompileReflectionKt : loaded 2 times (x 69B)
Class kotlin.reflect.jvm.internal.KClassImpl$data$1                                   : loaded 2 times (x 77B)
Class Build_gradle$4                                                                  : loaded 2 times (x 72B)
Class com.google.protobuf.ByteString$ByteIterator                                     : loaded 2 times (x 68B)
Class com.android.builder.model.v2.ide.JavaArtifact                                   : loaded 2 times (x 68B)
Class com.google.wireless.android.sdk.stats.ComposeSampleEvent                        : loaded 2 times (x 193B)
Class org.jetbrains.kotlin.idea.gradleTooling.KotlinTargetImpl                        : loaded 2 times (x 88B)
Class [Lorg.jetbrains.kotlin.daemon.common.CompilerMode;                              : loaded 2 times (x 67B)
Class com.google.wireless.android.sdk.stats.StudioPerformanceStatsOrBuilder           : loaded 2 times (x 68B)
Class com.google.wireless.android.sdk.stats.TestRunOrBuilder                          : loaded 2 times (x 68B)
Class kotlin.reflect.jvm.internal.impl.serialization.deserialization.DeserializationConfiguration$DefaultImpls: loaded 2 times (x 69B)
Class org.jetbrains.kotlin.idea.gradleTooling.KotlinTestRunTaskImpl                   : loaded 2 times (x 76B)
Class org.jetbrains.kotlin.incremental.classpathDiff.RegularKotlinClassSnapshot       : loaded 2 times (x 74B)
Class org.jetbrains.kotlin.incremental.classpathDiff.ClasspathEntrySnapshotter$Settings: loaded 2 times (x 70B)
Class com.google.wireless.android.sdk.stats.DeviceInfoOrBuilder                       : loaded 2 times (x 68B)
Class com.google.wireless.android.sdk.stats.IDeviceUsageEventOrBuilder                : loaded 2 times (x 68B)
Class org.jetbrains.kotlin.gradle.dsl.KotlinCompile                                   : loaded 2 times (x 68B)
Class org.jetbrains.compose.internal.com.squareup.kotlinpoet.ContextReceivableKt      : loaded 2 times (x 69B)
Class com.google.common.collect.Lists$RandomAccessReverseList                         : loaded 2 times (x 160B)
Class org.gradle.tooling.internal.adapter.TargetTypeProvider                          : loaded 2 times (x 68B)
Class org.jetbrains.kotlin.gradle.utils.CompilerArgsUtilsKt                           : loaded 2 times (x 69B)
Class com.google.common.collect.MapMakerInternalMap$StrongKeyDummyValueEntry$Helper   : loaded 2 times (x 77B)
Class org.jetbrains.kotlin.incremental.IncrementalJvmCacheKt                          : loaded 2 times (x 69B)
Class org.jetbrains.kotlin.idea.gradleTooling.IdeaKotlinSerializedDependenciesContainer: loaded 2 times (x 73B)
Class org.jetbrains.kotlin.buildtools.internal.arguments.CommonToolArgumentsImpl$CommonToolArgument: loaded 2 times (x 70B)
Class org.jetbrains.kotlin.gradle.plugin.InternalSubpluginOption                      : loaded 2 times (x 70B)
Class org.jetbrains.kotlin.gradle.logging.GradleKotlinLogger                          : loaded 2 times (x 80B)
Class org.jetbrains.kotlin.idea.gradleTooling.UtilsKt                                 : loaded 2 times (x 69B)
Class org.jetbrains.kotlin.buildtools.internal.CompilationServiceImplKt$WhenMappings  : loaded 2 times (x 69B)
Class kotlin.reflect.jvm.internal.impl.load.java.lazy.descriptors.LazyJavaScope$declaredMemberIndex$1: loaded 2 times (x 77B)
Class org.jetbrains.kotlin.idea.gradleTooling.reflect.KotlinAndroidSourceSetInfoReflectionKt: loaded 2 times (x 69B)
Class sync_studio_tooling2_1dqxb3oieamngovb7p8utik7l                                  : loaded 2 times (x 177B)
Class com.google.wireless.android.sdk.stats.PromptLibraryEvent                        : loaded 2 times (x 198B)
Class com.google.wireless.android.sdk.stats.SmlTransformEventOrBuilder                : loaded 2 times (x 68B)
Class kotlin.reflect.jvm.internal.impl.load.java.lazy.descriptors.LazyJavaScope$allDescriptors$1: loaded 2 times (x 77B)
Class com.google.wireless.android.sdk.stats.ComposePreviewCanvasEvent                 : loaded 2 times (x 195B)
Class [Lorg.jetbrains.kotlin.com.google.common.cache.LocalCache$Strength;             : loaded 2 times (x 67B)
Class com.google.wireless.android.sdk.stats.DeviceInfo                                : loaded 2 times (x 234B)
Class com.google.wireless.android.sdk.stats.IDeviceUsageEvent                         : loaded 2 times (x 197B)
Class com.google.wireless.android.sdk.stats.LintTooltipLinkEventOrBuilder             : loaded 2 times (x 68B)
Class [Lcom.google.common.collect.AbstractIterator$State;                             : loaded 2 times (x 67B)
Class org.objectweb.asm.SymbolTable$Entry                                             : loaded 2 times (x 72B)
Class org.gradle.internal.impldep.com.google.common.collect.AbstractIterator          : loaded 2 times (x 80B)
Class org.jetbrains.compose.internal.com.squareup.kotlinpoet.ClassName$special$$inlined$compareBy$1: loaded 2 times (x 87B)
Class com.google.wireless.android.sdk.stats.VirtualizationEventOrBuilder              : loaded 2 times (x 68B)
Class kotlin.reflect.jvm.internal.KClassImpl$Data$declaredNonStaticMembers$2          : loaded 2 times (x 77B)
Class com.google.wireless.android.sdk.stats.GfxTracingDetails                         : loaded 2 times (x 210B)
Class com.google.wireless.android.sdk.stats.AndroidStudioEvent$IdeBrand$1             : loaded 2 times (x 74B)
Class com.google.wireless.android.sdk.stats.NavSafeArgsEventOrBuilder                 : loaded 2 times (x 68B)
Class [Lcom.google.wireless.android.sdk.stats.AndroidStudioEvent$EventKind;           : loaded 2 times (x 67B)
Class kotlin.jvm.internal.Intrinsics$Kotlin                                           : loaded 2 times (x 69B)
Class org.jetbrains.kotlin.gradle.tasks.KotlinCompile$defaultKotlinJavaToolchain$1    : loaded 2 times (x 77B)
Class com.google.wireless.android.sdk.stats.ThreadingAgentUsageEvent                  : loaded 2 times (x 195B)
Class com.google.wireless.android.sdk.stats.SdkIndexProjectStatsOrBuilder             : loaded 2 times (x 68B)
Class com.google.wireless.android.sdk.stats.ApiVersionOrBuilder                       : loaded 2 times (x 68B)
Class org.jetbrains.kotlin.com.google.common.base.Predicate                           : loaded 2 times (x 68B)
Class org.gradle.internal.impldep.com.google.gson.reflect.TypeToken                   : loaded 2 times (x 73B)
Class com.intellij.gradle.toolingExtension.impl.model.sourceSetDependencyModel.GradleSourceSetDependencyResolver$3: loaded 2 times (x 75B)
Class org.jetbrains.kotlin.config.Services                                            : loaded 2 times (x 70B)
Class com.intellij.gradle.toolingExtension.impl.model.sourceSetDependencyModel.GradleSourceSetDependencyResolver$2: loaded 2 times (x 75B)
Class com.google.wireless.android.sdk.stats.OptOutOfMetricsOrBuilder                  : loaded 2 times (x 68B)
Class org.jetbrains.kotlin.gradle.plugin.KotlinTarget                                 : loaded 2 times (x 68B)
Class jdk.internal.jimage.ImageReader$Node                                            : loaded 2 times (x 82B)
Class com.google.wireless.android.sdk.stats.AppLinksAssistantEvent                    : loaded 2 times (x 229B)
Class com.intellij.gradle.toolingExtension.impl.model.sourceSetDependencyModel.GradleSourceSetDependencyResolver$1: loaded 2 times (x 75B)
Class org.jetbrains.kotlin.idea.gradleTooling.reflect.KotlinMultiplatformImportReflectionImpl: loaded 2 times (x 74B)
Class kotlin.coroutines.CoroutineContext                                              : loaded 2 times (x 68B)
Class com.google.protobuf.GeneratedMessageV3$1                                        : loaded 2 times (x 76B)
Class com.google.wireless.android.sdk.stats.AndroidStudioEvent$EventCategory          : loaded 2 times (x 85B)
Class com.android.builder.model.v2.ide.Variant                                        : loaded 2 times (x 68B)
Class org.jetbrains.kotlin.gradle.tasks.KotlinCompilerPluginData$InputsOutputsState   : loaded 2 times (x 70B)
Class com.google.wireless.android.sdk.stats.GradleBuildProject$PluginGeneration       : loaded 2 times (x 85B)
Class [Lorg.gradle.internal.impldep.com.google.gson.LongSerializationPolicy;          : loaded 2 times (x 67B)
Class com.intellij.gradle.toolingExtension.impl.model.buildScriptClasspathModel.GradleBuildScriptClasspathModelBuilder: loaded 2 times (x 84B)
Class org.gradle.internal.impldep.com.google.gson.internal.bind.JsonAdapterAnnotationTypeAdapterFactory: loaded 2 times (x 73B)
Class com.google.wireless.android.sdk.stats.GradleBuildVariant$Java8LangSupport$1     : loaded 2 times (x 74B)
Class [Lcom.google.wireless.android.sdk.stats.GradleBuildVariant$DexBuilderTool;      : loaded 2 times (x 67B)
Class com.google.protobuf.UnsafeUtil$Android64MemoryAccessor                          : loaded 2 times (x 89B)
Class [Lcom.android.ide.common.gradle.Separator;                                      : loaded 2 times (x 67B)
Class [Lcom.intellij.openapi.externalSystem.model.project.ExternalSystemSourceType;   : loaded 2 times (x 67B)
Class com.intellij.gradle.toolingExtension.impl.model.sourceSetModel.DefaultGradleSourceSetModel: loaded 2 times (x 78B)
Class org.jetbrains.kotlin.buildtools.internal.InProcessExecutionPolicyImpl           : loaded 2 times (x 71B)
Class kotlin.reflect.jvm.internal.impl.load.kotlin.AbstractBinaryClassAnnotationAndConstantLoader$storage$1: loaded 2 times (x 77B)
Class com.google.wireless.android.sdk.stats.EditorPickerEvent                         : loaded 2 times (x 199B)
Class org.jetbrains.kotlin.gradle.plugin.diagnostics.UsesKotlinToolingDiagnosticsParameters: loaded 2 times (x 68B)
Class com.google.protobuf.Parser                                                      : loaded 2 times (x 68B)
Class org.jetbrains.kotlin.daemon.common.DaemonOptions                                : loaded 2 times (x 73B)
Class com.google.common.base.Suppliers$NonSerializableMemoizingSupplier               : loaded 2 times (x 77B)
Class org.jetbrains.kotlin.buildtools.api.internal.KotlinCompilerVersionKt            : loaded 2 times (x 69B)
Class org.jetbrains.compose.resources.CopyNonXmlValueResourcesTask_Decorated          : loaded 2 times (x 365B)
Class org.jetbrains.kotlin.statistics.metrics.OverrideMetricContainer                 : loaded 2 times (x 78B)
Class org.jetbrains.kotlin.buildtools.internal.jvm.operations.JvmClasspathSnapshottingOperationImpl$Option: loaded 2 times (x 71B)
Class com.google.wireless.android.sdk.stats.JvmDetails$1                              : loaded 2 times (x 149B)
Class com.google.wireless.android.sdk.stats.ApkDebugProject                           : loaded 2 times (x 195B)
Class com.google.wireless.android.sdk.stats.VsPluginEventOrBuilder                    : loaded 2 times (x 68B)
Class com.google.protobuf.ByteString$ArraysByteArrayCopier                            : loaded 2 times (x 72B)
Class org.jetbrains.kotlin.daemon.common.CompilationResultCategory                    : loaded 2 times (x 77B)
Class org.jetbrains.kotlin.gradle.tasks.KotlinCompilerPluginData                      : loaded 2 times (x 70B)
Class kotlin.reflect.jvm.internal.KProperty1Impl$delegateSource$1                     : loaded 2 times (x 77B)
Class org.gradle.internal.time.Time                                                   : loaded 2 times (x 69B)
Class org.jetbrains.kotlin.gradle.plugin.diagnostics.CheckKotlinGradlePluginConfigurationErrorsKt$locateOrRegisterCheckKotlinGradlePluginErrorsTask$taskProvider$1$5: loaded 2 times (x 72B)
Class kotlin.reflect.jvm.internal.impl.load.java.lazy.descriptors.LazyJavaClassDescriptor$moduleAnnotations$2: loaded 2 times (x 77B)
Class org.jetbrains.kotlin.daemon.common.IncrementalCompilationOptions$Companion      : loaded 2 times (x 69B)
Class com.google.wireless.android.sdk.stats.GradleDaemonJvmCriteriaErrorEventOrBuilder: loaded 2 times (x 68B)
Class jdk.internal.jimage.decompressor.CompressedResourceHeader                       : loaded 2 times (x 69B)
Class org.jetbrains.kotlin.idea.gradleTooling.reflect.KotlinMultiplatformImportReflectionKt: loaded 2 times (x 69B)
Class [Lorg.jetbrains.kotlin.metadata.ProtoBuf$ReturnValueStatus;                     : loaded 2 times (x 67B)
Class com.google.common.util.concurrent.AbstractFuture$UnsafeAtomicHelper             : loaded 2 times (x 76B)
Class org.jetbrains.compose.internal.com.squareup.kotlinpoet.CodeBlocks               : loaded 2 times (x 69B)
Class org.jetbrains.kotlin.gradle.plugin.diagnostics.CheckKotlinGradlePluginConfigurationErrorsKt$locateOrRegisterCheckKotlinGradlePluginErrorsTask$taskProvider$1$4: loaded 2 times (x 72B)
Class org.gradle.internal.impldep.com.google.gson.internal.bind.ReflectiveTypeAdapterFactory$RecordAdapter: loaded 2 times (x 75B)
Class com.google.wireless.android.sdk.stats.SentimentSurveyEventOrBuilder             : loaded 2 times (x 68B)
Class org.jetbrains.compose.internal.com.squareup.kotlinpoet.ParameterizedTypeName$Companion: loaded 2 times (x 69B)
Class org.jetbrains.kotlin.gradle.internal.transforms.ClasspathEntrySnapshotTransform$Inject1: loaded 2 times (x 111B)
Class com.google.wireless.android.sdk.stats.GradleTransformExecution                  : loaded 2 times (x 199B)
Class org.jetbrains.kotlin.gradle.plugin.statistics.SynchronizedMetricsContainer      : loaded 2 times (x 80B)
Class com.android.builder.model.v2.ide.SourceProvider                                 : loaded 2 times (x 68B)
Class [Lorg.jetbrains.compose.internal.com.squareup.kotlinpoet.TypeName;              : loaded 2 times (x 67B)
Class [Lorg.jetbrains.compose.internal.com.squareup.kotlinpoet.AnnotationSpec$UseSiteTarget;: loaded 2 times (x 67B)
Class com.google.wireless.android.sdk.stats.TestRun$TestExecution$1                   : loaded 2 times (x 74B)
Class com.google.protobuf.Reader                                                      : loaded 2 times (x 68B)
Class org.jetbrains.kotlin.gradle.plugin.KotlinGradleFinishBuildHandler$Companion     : loaded 2 times (x 69B)
Class org.jetbrains.kotlin.inline.InlinePropertyAccessor                              : loaded 2 times (x 73B)
Class com.google.wireless.android.sdk.stats.DaggerEditorEventOrBuilder                : loaded 2 times (x 68B)
Class com.android.builder.profile.NameAnonymizerSerializer                            : loaded 2 times (x 71B)
Class com.google.wireless.android.sdk.stats.ApiVersion$Builder                        : loaded 2 times (x 297B)
Class org.jetbrains.kotlin.gradle.internal.IsInIdeaSyncValueSource$Inject             : loaded 2 times (x 107B)
Class org.gradle.internal.impldep.com.google.gson.internal.$Gson$Types                : loaded 2 times (x 69B)
Class [Lcom.google.wireless.android.sdk.stats.GradleBuildProject$PluginType;          : loaded 2 times (x 67B)
Class org.jetbrains.compose.internal.com.squareup.kotlinpoet.CodeBlock                : loaded 2 times (x 70B)
Class com.google.wireless.android.sdk.stats.GradleTaskExecution$TaskState$1           : loaded 2 times (x 74B)
Class org.jetbrains.kotlin.incremental.classpathDiff.impl.InstanceBasedSnapshotter    : loaded 2 times (x 70B)
Class org.jetbrains.kotlin.incremental.classpathDiff.impl.ClassFileWithContentsProvider: loaded 2 times (x 70B)
Class com.google.common.collect.ImmutableSetMultimap                                  : loaded 2 times (x 178B)
Class com.google.wireless.android.sdk.stats.DynamicLayoutInspectorEvent               : loaded 2 times (x 209B)
Class com.google.wireless.android.sdk.stats.GradleVersionCatalogDetectorEvent         : loaded 2 times (x 193B)
Class org.gradle.internal.time.TimeSource$1                                           : loaded 2 times (x 75B)
Class org.gradle.internal.impldep.com.google.common.collect.Sets                      : loaded 2 times (x 69B)
Class com.google.wireless.android.sdk.stats.AndroidStudioEvent$EventKind$1            : loaded 2 times (x 74B)
Class org.jetbrains.kotlin.gradle.tasks.KotlinCompile$createCompilerArguments$1$3$1   : loaded 2 times (x 77B)
Class org.jetbrains.compose.internal.com.squareup.kotlinpoet.TypeSpec$Builder         : loaded 2 times (x 117B)
Class com.google.wireless.android.sdk.stats.LldbSessionEndDetailsOrBuilder            : loaded 2 times (x 68B)
Class org.jetbrains.compose.internal.com.squareup.kotlinpoet.OriginatingElementsHolder: loaded 2 times (x 68B)
Class org.jetbrains.kotlin.idea.gradleTooling.KotlinDependencyMapper                  : loaded 2 times (x 71B)
Class kotlin.reflect.jvm.internal.impl.types.CustomTypeVariable                       : loaded 2 times (x 68B)
Class kotlin.reflect.jvm.internal.impl.load.java.Jsr305Settings$description$2         : loaded 2 times (x 77B)
Class com.google.common.collect.BaseImmutableMultimap                                 : loaded 2 times (x 121B)
Class [Lkotlin.coroutines.intrinsics.CoroutineSingletons;                             : loaded 2 times (x 67B)
Class org.jetbrains.kotlin.daemon.common.ReportSeverity                               : loaded 2 times (x 77B)
Class org.jetbrains.kotlin.incremental.ClasspathChanges$ClasspathSnapshotEnabled$IncrementalRun$NoChanges: loaded 2 times (x 71B)
Class com.intellij.gradle.toolingExtension.impl.util.javaPluginUtil.JavaPluginUtil    : loaded 2 times (x 69B)
Class com.google.wireless.android.sdk.stats.GradleBuildProject$Builder                : loaded 2 times (x 358B)
Class com.google.wireless.android.sdk.stats.SmlChatBotEventOrBuilder                  : loaded 2 times (x 68B)
Class org.jetbrains.kotlin.gradle.tasks.CompileUsingKotlinDaemonWithNormalization     : loaded 2 times (x 68B)
Class [Lorg.gradle.internal.impldep.com.google.gson.ToNumberPolicy;                   : loaded 2 times (x 67B)
Class org.jetbrains.kotlin.com.google.common.cache.AbstractCache$StatsCounter         : loaded 2 times (x 68B)
Class org.jetbrains.kotlin.daemon.common.CompileService                               : loaded 2 times (x 68B)
Class org.jetbrains.kotlin.metadata.ProtoBuf$Expression$ConstantValue$1               : loaded 2 times (x 72B)
Class [Lorg.jetbrains.kotlin.metadata.ProtoBuf$Expression$ConstantValue;              : loaded 2 times (x 67B)
Class org.gradle.tooling.internal.adapter.ProtocolToModelAdapter$ReflectionMethodInvoker: loaded 2 times (x 74B)
Class kotlin.reflect.jvm.internal.KClassImpl$Data$descriptor$2                        : loaded 2 times (x 77B)
Class com.google.wireless.android.sdk.stats.ResizeComposePreviewEvent                 : loaded 2 times (x 215B)
Class com.google.protobuf.AbstractProtobufList                                        : loaded 2 times (x 189B)
Class org.gradle.internal.impldep.com.google.gson.annotations.SerializedName          : loaded 2 times (x 68B)
Class com.google.wireless.android.sdk.stats.FirebaseManagementEventOrBuilder          : loaded 2 times (x 68B)
Class org.jetbrains.kotlin.gradle.plugin.statistics.BuildFinishBuildService$Parameters: loaded 2 times (x 68B)
Class org.jetbrains.kotlin.com.google.common.base.FunctionalEquivalence               : loaded 2 times (x 81B)
Class com.google.wireless.android.sdk.stats.GradleBuildProjectMetricsOrBuilder        : loaded 2 times (x 68B)
Class org.jetbrains.compose.resources.GenerateResClassTask_Decorated                  : loaded 2 times (x 370B)
Class org.apache.commons.io.CloseableURLConnection                                    : loaded 2 times (x 114B)
Class com.google.wireless.android.sdk.stats.OptOutOfMetrics                           : loaded 2 times (x 191B)
Class com.google.wireless.android.sdk.stats.StudioCoreGeminiActionsEventOrBuilder     : loaded 2 times (x 68B)
Class org.jetbrains.org.objectweb.asm.tree.InvokeDynamicInsnNode                      : loaded 2 times (x 76B)
Class org.jetbrains.kotlin.statistics.BuildSession                                    : loaded 2 times (x 70B)
Class org.jetbrains.compose.resources.ResourceItem                                    : loaded 2 times (x 70B)
Class jdk.internal.jrtfs.JrtPath                                                      : loaded 2 times (x 116B)
Class org.jetbrains.compose.internal.com.squareup.kotlinpoet.Taggable                 : loaded 2 times (x 68B)
Class org.jetbrains.kotlin.gradle.plugin.FilesSubpluginOption                         : loaded 2 times (x 70B)
Class [Lorg.jetbrains.kotlin.daemon.common.OSKind;                                    : loaded 2 times (x 67B)
Class org.jetbrains.kotlin.incremental.classpathDiff.impl.InnerClassesClassVisitor    : loaded 2 times (x 86B)
Class kotlin.reflect.jvm.internal.KClassImpl$Data$annotations$2                       : loaded 2 times (x 77B)
Class com.google.protobuf.AbstractMessageLite$Builder                                 : loaded 2 times (x 124B)
Class org.jetbrains.kotlin.com.google.common.cache.LocalCache                         : loaded 2 times (x 185B)
Class com.android.build.gradle.internal.profile.AnalyticsResourceManager$WhenMappings : loaded 2 times (x 69B)
Class org.jetbrains.plugins.gradle.model.DefaultGradleConfiguration                   : loaded 2 times (x 77B)
Class org.jetbrains.kotlin.incremental.classpathDiff.PackageFacadeKotlinClassSnapshotExternalizer: loaded 2 times (x 73B)
Class org.jetbrains.kotlin.build.report.metrics.SNAPSHOT_JAVA_CLASSES                 : loaded 2 times (x 70B)
Class org.jetbrains.kotlin.compilerRunner.btapi.BuildToolsApiCompilationWorkKt        : loaded 2 times (x 69B)
Class org.gradle.tooling.internal.gradle.GradleBuildIdentity                          : loaded 2 times (x 68B)
Class org.jetbrains.kotlin.idea.gradleTooling.KotlinGradlePluginVersion$Companion     : loaded 2 times (x 69B)
Class com.android.tools.analytics.HostData$graphicsEnvironment$2                      : loaded 2 times (x 76B)
Class org.jetbrains.kotlin.idea.gradleTooling.reflect.KotlinTargetJarReflection       : loaded 2 times (x 68B)
Class com.google.wireless.android.sdk.stats.GradleBuildVariant$NativeBuildConfigInfoOrBuilder: loaded 2 times (x 68B)
Class org.jetbrains.kotlin.gradle.internal.ClassLoadersCachingBuildService$Inject     : loaded 2 times (x 94B)
Class com.google.common.hash.MessageDigestHashFunction                                : loaded 2 times (x 94B)
Class org.jetbrains.plugins.gradle.tooling.MessageReporter                            : loaded 2 times (x 68B)
Class org.jetbrains.kotlin.com.google.common.base.Equivalence$Identity                : loaded 2 times (x 80B)
Class org.jetbrains.kotlin.idea.gradleTooling.reflect.KotlinTargetReflectionImpl$Companion: loaded 2 times (x 69B)
Class com.google.wireless.android.sdk.stats.ManifestMergerStats                       : loaded 2 times (x 201B)
Class kotlin.reflect.jvm.internal.KPropertyImpl$Getter$descriptor$2                   : loaded 2 times (x 77B)
Class org.jetbrains.kotlin.build.report.metrics.START_WORKER_EXECUTION                : loaded 2 times (x 70B)
Class kotlin.reflect.jvm.internal.impl.load.java.lazy.descriptors.LazyJavaScope$declaredField$1: loaded 2 times (x 77B)
Class org.jetbrains.kotlin.buildtools.internal.DaemonAdaptersKt                       : loaded 2 times (x 69B)
Class org.jetbrains.kotlin.gradle.plugin.statistics.BuildFinishBuildService$Companion$collectAllFusReportsIntoOne$2$1: loaded 2 times (x 77B)
Class org.jetbrains.kotlin.buildtools.api.arguments.JvmCompilerArguments$Builder      : loaded 2 times (x 68B)
Class org.jetbrains.kotlin.gradle.plugin.statistics.KotlinBuildStatsBeanService$Companion: loaded 2 times (x 69B)
Class org.gradle.internal.impldep.com.google.gson.internal.bind.TypeAdapters          : loaded 2 times (x 69B)
Class com.google.common.collect.MapMaker$Dummy                                        : loaded 2 times (x 77B)
Class org.jetbrains.plugins.gradle.tooling.util.GradleContainerUtil                   : loaded 2 times (x 69B)
Class org.jetbrains.kotlin.cli.common.arguments.Disables$Container                    : loaded 2 times (x 68B)
Class com.google.wireless.android.sdk.stats.SmlAiExcludeEvent                         : loaded 2 times (x 199B)
Class com.google.wireless.android.sdk.stats.SdkIndexLoadingDetailsOrBuilder           : loaded 2 times (x 68B)
Class jdk.internal.jimage.ImageStrings                                                : loaded 2 times (x 68B)
Class org.gradle.internal.impldep.com.google.common.collect.AbstractIndexedListIterator: loaded 2 times (x 94B)
Class org.jetbrains.kotlin.idea.gradleTooling.reflect.KotlinSourceSetReflection       : loaded 2 times (x 68B)
Class com.google.wireless.android.sdk.stats.StartupPerformanceFirstUiShownEventOrBuilder: loaded 2 times (x 68B)
Class org.jetbrains.kotlin.incremental.classpathDiff.impl.BasicClassInfoClassVisitor  : loaded 2 times (x 86B)
Class com.google.protobuf.CodedOutputStream$OutOfSpaceException                       : loaded 2 times (x 80B)
Class [Lorg.jetbrains.kotlin.statistics.metrics.BooleanAnonymizationPolicy;           : loaded 2 times (x 67B)
Class org.objectweb.asm.MethodTooLargeException                                       : loaded 2 times (x 81B)
Class com.google.common.base.CharMatcher$Whitespace                                   : loaded 2 times (x 110B)
Class org.jetbrains.kotlin.idea.gradleTooling.IdeaKotlinExtras                        : loaded 2 times (x 144B)
Class org.jetbrains.kotlin.gradle.logging.CapturingDelegatingKotlinLogger$debug$1     : loaded 2 times (x 77B)
Class com.google.wireless.android.sdk.stats.GradleCppSyncStats                        : loaded 2 times (x 201B)
Class com.google.wireless.android.sdk.stats.K2ModeEventOrBuilder                      : loaded 2 times (x 68B)
Class org.jetbrains.compose.internal.com.squareup.kotlinpoet.ParameterSpec$Builder    : loaded 2 times (x 90B)
Class com.google.wireless.android.sdk.stats.GradleBuildVariant$PrivacySandboxDependenciesInfo: loaded 2 times (x 197B)
Class com.google.gson.JsonIOException                                                 : loaded 2 times (x 80B)
Class org.gradle.internal.impldep.com.google.common.collect.SetMultimap               : loaded 2 times (x 68B)
Class com.google.wireless.android.sdk.stats.GradleBuildProject$CompileOptionsOrBuilder: loaded 2 times (x 68B)
Class ijKotlinCoroutineJvmDebugInit1_38zxhfive4p9ioq3rjey2itw6$_run_closure1$_closure3: loaded 2 times (x 137B)
Class org.jetbrains.kotlin.inline.InlineFunctionOrAccessor                            : loaded 2 times (x 68B)
Class org.jetbrains.kotlin.gradle.plugin.diagnostics.checkers.KmpPartiallyResolvedDependenciesCheckerProjectsEvaluated_Decorated: loaded 2 times (x 359B)
Class org.jetbrains.org.objectweb.asm.tree.FieldNode                                  : loaded 2 times (x 78B)
Class com.intellij.gradle.toolingExtension.util.GradleReflectionUtil                  : loaded 2 times (x 69B)
Class org.jetbrains.kotlin.buildtools.api.jvm.JvmPlatformToolchain$Companion          : loaded 2 times (x 69B)
Class org.jetbrains.kotlin.gradle.utils.StoredPropertyKt$projectStoredProperty$1      : loaded 2 times (x 76B)
Class org.gradle.internal.impldep.com.google.gson.JsonObject                          : loaded 2 times (x 91B)
Class com.android.build.gradle.internal.dependency.AarTransform$Inject1               : loaded 2 times (x 107B)
Class org.jetbrains.kotlin.compilerRunner.IncrementalCompilationEnvironment           : loaded 2 times (x 70B)
Class org.jetbrains.kotlin.gradle.plugin.diagnostics.checkers.OverriddenKotlinNativeHomeChecker$StdlibExistenceCheckerValueSource$Companion: loaded 2 times (x 69B)
Class jdk.internal.jrtfs.JrtFileAttributes                                            : loaded 2 times (x 81B)
Class com.google.wireless.android.sdk.stats.MlModelBindingEventOrBuilder              : loaded 2 times (x 68B)
Class org.jetbrains.kotlin.idea.gradleTooling.reflect.KotlinLanguageSettingsReflectionImpl$Companion: loaded 2 times (x 69B)
Class com.google.wireless.android.play.playlog.proto.ClientAnalytics$LogEvent$1       : loaded 2 times (x 149B)
Class org.jetbrains.kotlin.gradle.plugin.statistics.BuildFinishBuildService$Parameters$Inject: loaded 2 times (x 112B)
Class org.jetbrains.kotlin.com.google.common.cache.CacheLoader                        : loaded 2 times (x 72B)
Class com.google.wireless.android.sdk.stats.GoogleLoginPluginEventOrBuilder           : loaded 2 times (x 68B)
Class com.android.build.gradle.internal.profile.TaskProfilingRecord                   : loaded 2 times (x 73B)
Class com.google.protobuf.LazyStringArrayList                                         : loaded 2 times (x 274B)
Class org.gradle.internal.impldep.com.google.common.collect.HashMultimapGwtSerializationDependencies: loaded 2 times (x 172B)
Class org.jetbrains.kotlin.buildtools.api.jvm.JvmIncrementalCompilationConfiguration  : loaded 2 times (x 68B)
Class org.gradle.internal.impldep.com.google.common.collect.PeekingIterator           : loaded 2 times (x 68B)
Class [Lorg.jetbrains.kotlin.metadata.ProtoBuf$Effect$InvocationKind;                 : loaded 2 times (x 67B)
Class org.gradle.internal.impldep.com.google.gson.Gson                                : loaded 2 times (x 70B)
Class org.jetbrains.kotlin.idea.gradleTooling.KotlinGradlePluginVersionExtensionsKt   : loaded 2 times (x 69B)
Class org.jetbrains.kotlin.com.google.common.cache.ReferenceEntry                     : loaded 2 times (x 68B)
Class org.gradle.api.specs.Spec                                                       : loaded 2 times (x 68B)
Class org.gradle.api.internal.classpath.ManifestUtil                                  : loaded 2 times (x 69B)
Class org.jetbrains.plugins.gradle.tooling.builder.AnnotationProcessingModelBuilder   : loaded 2 times (x 84B)
Class com.google.common.collect.Iterators$EmptyModifiableIterator                     : loaded 2 times (x 84B)
Class org.jetbrains.kotlin.metadata.ProtoBuf$ExpressionOrBuilder                      : loaded 2 times (x 68B)
Class org.apache.commons.io.output.NullWriter                                         : loaded 2 times (x 97B)
Class com.google.wireless.android.sdk.stats.StudioDeprecationNotificationEvent        : loaded 2 times (x 195B)
Class com.android.tools.analytics.CommonMetricsData                                   : loaded 2 times (x 69B)
Class org.gradle.internal.impldep.com.google.gson.internal.sql.SqlTypesSupport        : loaded 2 times (x 69B)
Class kotlin.sequences.SequencesKt__SequenceBuilderKt$sequence$$inlined$Sequence$1    : loaded 2 times (x 73B)
Class org.jetbrains.kotlin.idea.projectModel.KotlinSourceSet$Companion                : loaded 2 times (x 69B)
Class org.gradle.internal.impldep.com.google.gson.internal.sql.SqlDateTypeAdapter     : loaded 2 times (x 72B)
Class org.jetbrains.kotlin.idea.gradleTooling.reflect.KotlinExtensionReflection       : loaded 2 times (x 70B)
Class com.android.tools.analytics.Environment$SystemProperty                          : loaded 2 times (x 77B)
Class [Lorg.jetbrains.kotlin.cli.common.arguments.Disables;                           : loaded 2 times (x 67B)
Class org.jetbrains.kotlin.idea.gradleTooling.builders.KotlinLanguageSettingsBuilder  : loaded 2 times (x 79B)
Class kotlin.reflect.jvm.internal.impl.serialization.deserialization.descriptors.DeserializedClassDescriptor$DeserializedClassTypeConstructor$parameters$1: loaded 2 times (x 77B)
Class org.jetbrains.kotlin.incremental.DifferenceCalculatorForPackageFacade$Companion : loaded 2 times (x 69B)
Class [Lorg.jetbrains.kotlin.buildtools.api.jvm.operations.JvmCompilationOperation$CompilerArgumentsLogLevel;: loaded 2 times (x 67B)
Class com.google.wireless.android.sdk.stats.DeviceExplorerEventOrBuilder              : loaded 2 times (x 68B)
Class com.android.build.gradle.internal.services.FakeDependencyJarBuildService$FakeDependencyJarCreator$Params: loaded 2 times (x 68B)
Class com.intellij.gradle.toolingExtension.impl.initScript.util.GradleTasksUtil       : loaded 2 times (x 69B)
Class org.jetbrains.kotlin.idea.gradleTooling.builders.KotlinSourceSetBuilder$Companion$apiMetadataDependenciesBuilder$1: loaded 2 times (x 79B)
Class kotlin.reflect.jvm.internal.impl.load.java.lazy.descriptors.LazyJavaPackageFragment$subPackages$1: loaded 2 times (x 77B)
Class jdk.internal.jimage.ImageHeader                                                 : loaded 2 times (x 69B)
Class com.google.common.collect.Maps$EntrySet                                         : loaded 2 times (x 134B)
Class com.google.protobuf.CodedOutputStream$UnsafeDirectNioEncoder                    : loaded 2 times (x 108B)
Class org.jetbrains.kotlin.idea.gradleTooling.reflect.KotlinCompilerArgumentsResolverReflection: loaded 2 times (x 68B)
Class org.jetbrains.kotlin.idea.gradleTooling.reflect.ParameterList                   : loaded 2 times (x 133B)
Class com.intellij.gradle.toolingExtension.impl.model.sourceSetDependencyModel.DefaultGradleSourceSetDependencyModel: loaded 2 times (x 75B)
Class com.google.wireless.android.sdk.stats.StudioPatchUpdaterEventOrBuilder          : loaded 2 times (x 68B)
Class org.gradle.tooling.internal.adapter.ProtocolToModelAdapter$MixInMappingAction   : loaded 2 times (x 78B)
Class com.google.wireless.android.sdk.stats.GradlePluginUpgradeDialogStats            : loaded 2 times (x 206B)
Class kotlin.coroutines.EmptyCoroutineContext                                         : loaded 2 times (x 75B)
Class [Lorg.jetbrains.compose.internal.com.squareup.kotlinpoet.Import;                : loaded 2 times (x 67B)
Class org.jetbrains.kotlin.statistics.fileloggers.MetricsContainer$Companion$readFromFile$1: loaded 2 times (x 77B)
Class com.google.wireless.android.sdk.stats.VsPluginEvent                             : loaded 2 times (x 200B)
Class org.jetbrains.kotlin.gradle.dsl.KotlinBaseExtension                             : loaded 2 times (x 68B)
Class org.gradle.internal.classloader.SystemClassLoaderSpec                           : loaded 2 times (x 69B)
Class com.google.wireless.android.sdk.stats.NonTransitiveRClassMigrationEventOrBuilder: loaded 2 times (x 68B)
Class kotlin.reflect.jvm.internal.impl.builtins.PrimitiveType$arrayTypeFqName$2       : loaded 2 times (x 77B)
Class com.intellij.util.ExceptionUtilRt$1                                             : loaded 2 times (x 127B)
Class com.google.common.io.LineBuffer                                                 : loaded 2 times (x 73B)
Class com.intellij.gradle.toolingExtension.impl.model.sourceSetArtifactIndex.GradleSourceSetArtifactIndex: loaded 2 times (x 76B)
Class com.google.wireless.android.sdk.stats.ApplyChangesAgentError                    : loaded 2 times (x 203B)
Class org.jetbrains.kotlin.idea.gradleTooling.KotlinAndroidSourceSetInfoImpl          : loaded 2 times (x 75B)
Class kotlin.reflect.jvm.internal.impl.types.ErrorUtils$ErrorClassDescriptor          : loaded 2 times (x 173B)
Class org.jetbrains.kotlin.incremental.impl.SelectiveClassVisitor                     : loaded 2 times (x 86B)
Class kotlin.reflect.jvm.internal.impl.resolve.scopes.LazyScopeAdapter$lazyScope$1    : loaded 2 times (x 77B)
Class org.jetbrains.kotlin.compilerRunner.btapi.BuildToolsApiCompilationWork$BuildToolsApiCompilationParameters: loaded 2 times (x 68B)
Class org.jetbrains.kotlin.statistics.metrics.OrMetricContainer                       : loaded 2 times (x 78B)
Class org.jetbrains.kotlin.statistics.metrics.StringAnonymizationPolicy$ComponentVersionAnonymizer: loaded 2 times (x 76B)
Class org.gradle.internal.impldep.org.apache.commons.lang.text.StrBuilder$StrBuilderReader: loaded 2 times (x 91B)
Class org.jetbrains.kotlin.build.report.metrics.BuildAttributeKind$Companion          : loaded 2 times (x 69B)
Class org.gradle.internal.impldep.com.google.common.base.Objects                      : loaded 2 times (x 69B)
Class com.intellij.gradle.toolingExtension.impl.javaModel.manifestModel.DefaultJavaGradleManifestModel: loaded 2 times (x 74B)
Class com.android.builder.utils.SynchronizedFile$ActionExecutionException             : loaded 2 times (x 80B)
Class com.google.wireless.android.sdk.stats.GradleBuildVariant$DexBuilderTool$1       : loaded 2 times (x 74B)
Class com.google.wireless.android.sdk.stats.AutoImportEvent                           : loaded 2 times (x 195B)
Class [Lorg.gradle.internal.impldep.com.google.gson.FieldNamingPolicy;                : loaded 2 times (x 67B)
Class org.jetbrains.kotlin.daemon.client.BasicCompilerServicesWithResultsFacadeServer : loaded 2 times (x 76B)
Class org.jetbrains.kotlin.gradle.plugin.diagnostics.DefaultProblemsReporter$Factory  : loaded 2 times (x 74B)
Class com.google.common.util.concurrent.AbstractFuture$Waiter                         : loaded 2 times (x 70B)
Class org.jetbrains.kotlin.cli.common.PropertiesKt                                    : loaded 2 times (x 69B)
Class org.jetbrains.compose.internal.utils.OsUtilsKt                                  : loaded 2 times (x 69B)
Class org.gradle.internal.impldep.com.google.gson.internal.bind.JsonTreeWriter        : loaded 2 times (x 96B)
Class org.jetbrains.kotlin.buildtools.api.KotlinLogger                                : loaded 2 times (x 68B)
Class com.intellij.openapi.externalSystem.model.project.dependencies.ProjectDependencyNode: loaded 2 times (x 68B)
Class org.jetbrains.kotlin.compilerRunner.CompilerSystemPropertiesService$Parameters$Inject: loaded 2 times (x 104B)
Class com.android.build.gradle.internal.PropertiesValueSource$Params                  : loaded 2 times (x 68B)
Class org.jetbrains.kotlin.gradle.plugin.VariantImplementationFactories$VariantImplementationFactory: loaded 2 times (x 68B)
Class com.google.common.base.Absent                                                   : loaded 2 times (x 78B)
Class com.google.common.io.CharSource$StringCharSource                                : loaded 2 times (x 84B)
Class com.google.wireless.android.sdk.stats.TestRecorderDetails                       : loaded 2 times (x 195B)
Class org.jetbrains.kotlin.build.report.metrics.BuildAttribute                        : loaded 2 times (x 77B)
Class com.android.build.gradle.internal.services.FakeDependencyJarBuildService$FakeDependencyJarCreator$Inject: loaded 2 times (x 109B)
Class kotlin.concurrent.ThreadsKt                                                     : loaded 2 times (x 69B)
Class org.jetbrains.kotlin.com.google.common.cache.LocalCache$Strength$1              : loaded 2 times (x 79B)
Class com.google.wireless.android.sdk.stats.DataBindingEvent                          : loaded 2 times (x 202B)
Class com.android.builder.model.v2.ide.Library                                        : loaded 2 times (x 68B)
Class org.jetbrains.compose.internal.com.squareup.kotlinpoet.ClassName$special$$inlined$thenBy$1: loaded 2 times (x 88B)
Class org.jetbrains.compose.resources.ValueResourceRecord                             : loaded 2 times (x 70B)
Class com.google.common.base.Charsets                                                 : loaded 2 times (x 69B)
Class kotlin.reflect.jvm.internal.impl.load.java.components.TypeUsage                 : loaded 2 times (x 77B)
Class org.jetbrains.kotlin.buildtools.internal.arguments.ArgumentUtilsKt              : loaded 2 times (x 69B)
Class org.jetbrains.kotlin.com.google.common.cache.LocalCache$Strength$2              : loaded 2 times (x 79B)
Class com.google.wireless.android.sdk.stats.InteractivePreviewEvent                   : loaded 2 times (x 203B)
Class org.jetbrains.compose.internal.com.squareup.kotlinpoet.ClassName$special$$inlined$thenBy$2: loaded 2 times (x 88B)
Class org.gradle.internal.impldep.com.google.common.collect.Multiset                  : loaded 2 times (x 68B)
Class org.jetbrains.kotlin.daemon.common.ClientUtilsKt                                : loaded 2 times (x 69B)
Class org.jetbrains.kotlin.config.LanguageFeatureBehaviorAfterSinceVersion            : loaded 2 times (x 69B)
Class kotlin.io.LinesSequence$iterator$1                                              : loaded 2 times (x 77B)
Class com.google.protobuf.Utf8$Processor                                              : loaded 2 times (x 75B)
Class com.google.protobuf.Internal                                                    : loaded 2 times (x 69B)
Class org.jetbrains.kotlin.com.google.common.cache.LocalCache$Strength$3              : loaded 2 times (x 79B)
Class com.android.build.gradle.internal.utils.AnalyticsEnabledValueSource$Inject      : loaded 2 times (x 107B)
Class com.google.wireless.android.sdk.stats.MemorySettingsEvent                       : loaded 2 times (x 203B)
Class com.google.protobuf.Message                                                     : loaded 2 times (x 68B)
Class com.google.wireless.android.sdk.stats.CreateDiagnosticReportAction              : loaded 2 times (x 193B)
Class org.jetbrains.kotlin.gradle.plugin.KotlinGradleBuildServices$Parameters$Inject  : loaded 2 times (x 104B)
Class org.jetbrains.kotlin.com.google.common.cache.Weigher                            : loaded 2 times (x 68B)
Class org.jetbrains.kotlin.daemon.common.DaemonParamsKt                               : loaded 2 times (x 69B)
Class com.google.common.collect.Interners$InternerBuilder                             : loaded 2 times (x 74B)
Class [Lcom.google.common.base.AbstractIterator$State;                                : loaded 2 times (x 67B)
Class org.gradle.internal.classloader.ClassLoaderFactory                              : loaded 2 times (x 68B)
Class com.google.wireless.android.sdk.stats.TypingLatencyStatsOrBuilder               : loaded 2 times (x 68B)
Class com.google.wireless.android.sdk.stats.AvdLaunchEventOrBuilder                   : loaded 2 times (x 68B)
Class org.jetbrains.kotlin.statistics.metrics.NumericalMetrics                        : loaded 2 times (x 78B)
Class org.jetbrains.kotlin.config.Services$Builder                                    : loaded 2 times (x 70B)
Class com.android.ide.common.gradle.Version$Companion$ParseState$NONNUMERIC           : loaded 2 times (x 72B)
Class org.gradle.tooling.internal.adapter.WeakIdentityHashMap$AbsentValueProvider     : loaded 2 times (x 68B)
Class org.gradle.internal.impldep.com.google.gson.internal.reflect.ReflectionHelper$RecordHelper: loaded 2 times (x 73B)
Class org.jetbrains.kotlin.daemon.client.BasicCompilerServicesWithResultsFacadeServerKt: loaded 2 times (x 69B)
Class org.jetbrains.org.objectweb.asm.tree.IincInsnNode                               : loaded 2 times (x 76B)
Class com.google.wireless.android.sdk.stats.OomDialogEvent                            : loaded 2 times (x 209B)
Class org.jetbrains.compose.resources.ResourceType                                    : loaded 2 times (x 77B)
Class org.jetbrains.kotlin.gradle.plugin.diagnostics.IsAttachedToTerminalValueSource$Inject: loaded 2 times (x 98B)
Class org.jetbrains.plugins.gradle.tooling.util.BiFunction                            : loaded 2 times (x 68B)
Class com.google.common.collect.EmptyImmutableListMultimap                            : loaded 2 times (x 174B)
Class org.jetbrains.kotlin.incremental.storage.InlinePropertyAccessorExternalizer     : loaded 2 times (x 73B)
Class org.jetbrains.kotlin.com.google.common.cache.LocalCache$NullEntry               : loaded 2 times (x 96B)
Class com.android.builder.model.v2.ide.BytecodeTransformation                         : loaded 2 times (x 77B)
Class com.google.wireless.android.sdk.stats.UiDeviceSettingsEventOrBuilder            : loaded 2 times (x 68B)
Class com.google.wireless.android.sdk.stats.SplittingTabsUsageEvent                   : loaded 2 times (x 199B)
Class kotlin.reflect.jvm.internal.impl.descriptors.impl.ModuleDescriptorImpl$packageFragmentProviderForWholeModuleWithDependencies$2: loaded 2 times (x 77B)
Class kotlin.reflect.jvm.internal.impl.serialization.deserialization.DeserializedPackageFragmentImpl$initialize$1: loaded 2 times (x 77B)
Class org.jetbrains.kotlin.incremental.classpathDiff.ClassSnapshot                    : loaded 2 times (x 69B)
Class com.google.common.io.LineReader$1                                               : loaded 2 times (x 73B)
Class org.jetbrains.compose.resources.ValueResourceRecord$Companion                   : loaded 2 times (x 69B)
Class org.gradle.tooling.model.Dependency                                             : loaded 2 times (x 68B)
Class [Lcom.android.tools.build.gradle.internal.profile.GradleTaskExecutionType;      : loaded 2 times (x 67B)
Class org.jetbrains.kotlin.daemon.common.CompileIterationResult$Companion             : loaded 2 times (x 69B)
Class org.jetbrains.kotlin.idea.gradleTooling.reflect.KotlinMultiplatformImportReflection: loaded 2 times (x 68B)
Class org.jetbrains.kotlin.gradle.internal.name.FqNameUnsafe$Companion                : loaded 2 times (x 69B)
Class com.google.common.base.AbstractIterator                                         : loaded 2 times (x 78B)
Class org.jetbrains.kotlin.gradle.plugin.diagnostics.checkers.KmpPartiallyResolvedDependenciesChecker$runChecks$2$1: loaded 2 times (x 73B)
Class com.android.build.gradle.internal.PropertiesValueSource$Inject                  : loaded 2 times (x 107B)
Class com.android.builder.model.v2.models.ndk.NativeModule                            : loaded 2 times (x 68B)
Class com.android.ide.gradle.model.builder.LegacyAndroidGradlePluginPropertiesModelBuilder$VariantCollectionProvider$ApplicationVariant: loaded 2 times (x 70B)
Class com.google.wireless.android.sdk.stats.DeviceConnectedNotificationEventOrBuilder : loaded 2 times (x 68B)
Class [Lcom.android.build.gradle.internal.publishing.AndroidArtifacts$ArtifactType;   : loaded 2 times (x 67B)
Class com.google.wireless.android.sdk.stats.StudioCoreGeminiActionsEvent              : loaded 2 times (x 203B)
Class kotlin.reflect.jvm.internal.impl.builtins.functions.FunctionClassKind$Companion : loaded 2 times (x 69B)
Class org.jetbrains.kotlin.gradle.tasks.K2MultiplatformStructureKt                    : loaded 2 times (x 69B)
Class org.jetbrains.kotlin.buildtools.api.jvm.JvmSnapshotBasedIncrementalCompilationConfiguration$Option: loaded 2 times (x 70B)
Class org.jetbrains.kotlin.gradle.dsl.KotlinProjectExtension                          : loaded 2 times (x 120B)
Class org.jetbrains.plugins.gradle.model.DefaultExternalTask                          : loaded 2 times (x 81B)
Class org.gradle.internal.impldep.com.google.common.collect.Multimap                  : loaded 2 times (x 68B)
Class kotlin.reflect.jvm.internal.impl.load.java.typeEnhancement.TypeAndDefaultQualifiers: loaded 2 times (x 70B)
Class org.jetbrains.kotlin.idea.gradleTooling.model.kapt.KaptModelBuilderService      : loaded 2 times (x 84B)
Class com.google.wireless.android.sdk.stats.GradleBuildVariantOrBuilder               : loaded 2 times (x 68B)
Class com.android.utils.concurrency.ReadWriteProcessLock                              : loaded 2 times (x 70B)
Class org.objectweb.asm.ClassWriter                                                   : loaded 2 times (x 104B)
Class org.jetbrains.kotlin.gradle.dsl.KotlinGradlePluginDsl                           : loaded 2 times (x 68B)
Class kotlin.reflect.jvm.internal.impl.serialization.deserialization.descriptors.DeserializedClassDescriptor$companionObjectDescriptor$1: loaded 2 times (x 77B)
Class com.android.builder.model.v2.ide.ApiVersion                                     : loaded 2 times (x 68B)
Class com.google.wireless.android.play.playlog.proto.ClientAnalytics$LogEvent         : loaded 2 times (x 196B)
Class org.jetbrains.kotlin.gradle.tasks.KotlinJavaToolchain$JdkSetter                 : loaded 2 times (x 68B)
Class org.jetbrains.compose.internal.com.squareup.kotlinpoet.MemberName$Companion     : loaded 2 times (x 69B)
Class org.jetbrains.kotlin.gradle.plugin.KotlinGradleFinishBuildHandler               : loaded 2 times (x 70B)
Class com.google.wireless.android.sdk.stats.GeminiAdvertiserEvent                     : loaded 2 times (x 195B)
Class [Lorg.jetbrains.kotlin.statistics.metrics.StringOverridePolicy;                 : loaded 2 times (x 67B)
Class org.jetbrains.org.objectweb.asm.TypePath                                        : loaded 2 times (x 70B)
Class org.jetbrains.kotlin.gradle.tasks.KotlinJvmCompile                              : loaded 2 times (x 68B)
Class org.jetbrains.kotlin.gradle.plugin.statistics.FlowActionBuildFusService$Companion: loaded 2 times (x 69B)
Class org.jetbrains.kotlin.metadata.jvm.JvmProtoBuf$1                                 : loaded 2 times (x 69B)
Class com.android.build.gradle.internal.plugins.FusedLibraryPlugin                    : loaded 2 times (x 79B)
Class org.jetbrains.kotlin.incremental.classpathDiff.JavaClassSnapshotExternalizer    : loaded 2 times (x 73B)
Class org.jetbrains.kotlin.com.google.common.cache.CacheBuilder$1                     : loaded 2 times (x 83B)
Class com.google.wireless.android.sdk.stats.CommitMetricsEvent                        : loaded 2 times (x 197B)
Class [Lorg.jetbrains.kotlin.tooling.core.Extras$Entry;                               : loaded 2 times (x 67B)
Class com.android.build.gradle.internal.profile.TaskMetadata                          : loaded 2 times (x 70B)
Class org.jetbrains.kotlin.incremental.ClasspathChanges$ClasspathSnapshotEnabled$NotAvailableDueToMissingClasspathSnapshot: loaded 2 times (x 71B)
Class org.jetbrains.kotlin.com.google.common.cache.CacheBuilder$2                     : loaded 2 times (x 77B)
Class com.google.wireless.android.sdk.stats.DaggerEditorEvent                         : loaded 2 times (x 203B)
Class com.android.builder.model.v2.ide.ComponentInfo                                  : loaded 2 times (x 68B)
Class com.android.build.gradle.internal.publishing.AndroidArtifacts$ArtifactType      : loaded 2 times (x 77B)
Class org.jetbrains.kotlin.gradle.plugin.internal.UsesBuildIdProviderService          : loaded 2 times (x 68B)
Class com.google.protobuf.CodedInputStream$StreamDecoder                              : loaded 2 times (x 118B)
Class org.objectweb.asm.Symbol                                                        : loaded 2 times (x 71B)
Class org.jetbrains.compose.internal.com.squareup.kotlinpoet.CodeBlock$Builder        : loaded 2 times (x 70B)
Class org.jetbrains.kotlin.com.google.common.cache.CacheBuilder$3                     : loaded 2 times (x 70B)
Class com.google.wireless.android.sdk.stats.OptInToMetrics                            : loaded 2 times (x 191B)
Class com.android.builder.model.v2.dsl.ProductFlavor                                  : loaded 2 times (x 68B)
Class org.jetbrains.org.objectweb.asm.tree.MethodInsnNode                             : loaded 2 times (x 77B)
Class org.jetbrains.compose.internal.com.squareup.kotlinpoet.ParameterSpec            : loaded 2 times (x 81B)
Class com.google.wireless.android.sdk.stats.InteractivePreviewEventOrBuilder          : loaded 2 times (x 68B)
Class kotlin.reflect.jvm.internal.impl.serialization.deserialization.descriptors.DeserializedClassDescriptor$DeserializedClassMemberScope$allDescriptors$1: loaded 2 times (x 77B)
Class com.android.tools.analytics.HostData$classLoadingBean$2                         : loaded 2 times (x 76B)
Class com.android.build.gradle.internal.utils.AnalyticsEnabledValueSource$Params      : loaded 2 times (x 68B)
Class org.jetbrains.compose.internal.com.squareup.kotlinpoet.CodeWriter$Companion$withCollectedImports$importedMembers$1: loaded 2 times (x 125B)
Class org.jetbrains.kotlin.idea.gradleTooling.serialization.IdeaKotlinSerializationContextExtensionPoint: loaded 2 times (x 69B)
Class com.google.protobuf.CodedOutputStream$ByteOutputEncoder                         : loaded 2 times (x 108B)
Class jdk.internal.jimage.decompressor.ResourceDecompressorRepository                 : loaded 2 times (x 69B)
Class org.jetbrains.kotlin.idea.gradleTooling.PrepareKotlinIdeImportTaskModel$Impl    : loaded 2 times (x 74B)
Class [Lorg.jetbrains.kotlin.cli.common.arguments.Enables;                            : loaded 2 times (x 67B)
Class org.jetbrains.plugins.gradle.model.DefaultUnresolvedExternalDependency          : loaded 2 times (x 109B)
Class org.jetbrains.org.objectweb.asm.tree.LabelNode                                  : loaded 2 times (x 78B)
Class com.google.wireless.android.sdk.stats.UserSentimentOrBuilder                    : loaded 2 times (x 68B)
Class com.google.wireless.android.sdk.stats.EditorHighlightingStatsOrBuilder          : loaded 2 times (x 68B)
Class org.jetbrains.kotlin.gradle.tasks.KotlinCompilationTask                         : loaded 2 times (x 68B)
Class org.jetbrains.kotlin.statistics.metrics.NumberOverridePolicy$AVERAGE            : loaded 2 times (x 83B)
Class org.apache.commons.io.IOUtils                                                   : loaded 2 times (x 69B)
Class org.jetbrains.kotlin.com.google.common.cache.LocalCache$SoftValueReference      : loaded 2 times (x 95B)
Class com.android.tools.analytics.JournalingUsageTracker$scheduleFlush$1              : loaded 2 times (x 73B)
Class org.jetbrains.kotlin.daemon.common.FileSystemUtilsKt                            : loaded 2 times (x 69B)
Class org.objectweb.asm.FieldVisitor                                                  : loaded 2 times (x 75B)
Class org.jetbrains.kotlin.buildtools.internal.ClassLoaderUtilsKt                     : loaded 2 times (x 69B)
Class org.jetbrains.kotlin.compilerRunner.CompilerEnvironment                         : loaded 2 times (x 71B)
Class com.google.wireless.android.sdk.stats.UpgradeAssistantComponentEvent            : loaded 2 times (x 213B)
Class org.gradle.internal.impldep.com.google.common.collect.CollectPreconditions      : loaded 2 times (x 69B)
Class com.google.protobuf.UninitializedMessageException                               : loaded 2 times (x 82B)
Class org.jetbrains.plugins.gradle.tooling.serialization.GradleExtensionsSerializationService$3: loaded 2 times (x 74B)
Class org.jetbrains.kotlin.gradle.plugin.diagnostics.CheckKotlinGradlePluginConfigurationErrors$Companion: loaded 2 times (x 69B)
Class com.google.wireless.android.sdk.stats.ApkAnalyzerStats                          : loaded 2 times (x 197B)
Class com.google.wireless.android.sdk.stats.UiDeviceSettingsEvent                     : loaded 2 times (x 193B)
Class org.jetbrains.kotlin.gradle.plugin.statistics.KotlinBuildStatsLoggerService     : loaded 2 times (x 70B)
Class org.jetbrains.kotlin.incremental.classpathDiff.impl.ClassListSnapshotterWithInlinedClassSupport$ClassDescriptorForProcessing: loaded 2 times (x 70B)
Class org.jetbrains.plugins.gradle.tooling.serialization.GradleExtensionsSerializationService$2: loaded 2 times (x 74B)
Class org.jetbrains.kotlin.gradle.tasks.GradleCompileTaskProvider                     : loaded 2 times (x 70B)
Class com.google.wireless.android.sdk.stats.FirebaseContextDetails                    : loaded 2 times (x 207B)
Class com.android.builder.model.v2.models.AndroidDsl                                  : loaded 2 times (x 68B)
Class com.android.build.gradle.internal.attribution.BuildAnalyzerService              : loaded 2 times (x 82B)
Class org.jetbrains.kotlin.buildtools.internal.KotlinLoggerMessageCollectorAdapter$WhenMappings: loaded 2 times (x 69B)
Class com.intellij.gradle.toolingExtension.impl.model.utilDummyModel.DummyModelBuilder: loaded 2 times (x 84B)
Class kotlin.io.LinesSequence                                                         : loaded 2 times (x 73B)
Class com.intellij.openapi.externalSystem.model.project.dependencies.FileCollectionDependencyNodeImpl: loaded 2 times (x 89B)
Class org.jetbrains.kotlin.metadata.ProtoBuf$Expression$ConstantValue                 : loaded 2 times (x 80B)
Class org.jetbrains.kotlin.incremental.classpathDiff.PackageFacadeKotlinClassSnapshot : loaded 2 times (x 74B)
Class org.jetbrains.kotlin.gradle.plugin.statistics.FlowActionBuildFusService$Inject  : loaded 2 times (x 102B)
Class com.google.wireless.android.sdk.stats.GradleCppSyncStatsOrBuilder               : loaded 2 times (x 68B)
Class org.jetbrains.compose.internal.com.squareup.kotlinpoet.TypeSpec$Companion       : loaded 2 times (x 69B)
Class com.google.wireless.android.sdk.stats.GradleBuildVariant$PrivacySandboxDependenciesInfoOrBuilder: loaded 2 times (x 68B)
Class org.jetbrains.plugins.gradle.tooling.serialization.GradleExtensionsSerializationService$1: loaded 2 times (x 74B)
Class com.google.common.collect.ComparisonChain$1                                     : loaded 2 times (x 79B)
Class org.gradle.internal.impldep.com.google.common.collect.MapDifference             : loaded 2 times (x 68B)
Class org.jetbrains.kotlin.buildtools.internal.jvm.JvmSnapshotBasedIncrementalCompilationOptionsImpl$Companion: loaded 2 times (x 69B)
Class org.gradle.internal.impldep.com.google.common.collect.Platform                  : loaded 2 times (x 69B)
Class com.google.protobuf.Extension                                                   : loaded 2 times (x 83B)
Class com.google.wireless.android.sdk.stats.SigningWizardEventOrBuilder               : loaded 2 times (x 68B)
Class org.jetbrains.kotlin.com.google.common.util.concurrent.AbstractFuture$AtomicHelper: loaded 2 times (x 76B)
Class com.google.wireless.android.sdk.stats.ConnectionAssistantEvent                  : loaded 2 times (x 197B)
Class [Lcom.android.ide.gradle.model.builder.LegacyAndroidGradlePluginPropertiesModelBuilder$VariantCollectionProvider;: loaded 2 times (x 67B)
Class com.google.wireless.android.sdk.stats.Align16kbEvent                            : loaded 2 times (x 200B)
Class com.android.builder.model.v2.ide.AaptOptions                                    : loaded 2 times (x 68B)
Class org.jetbrains.compose.internal.com.squareup.kotlinpoet.WildcardTypeName         : loaded 2 times (x 84B)
Class org.jetbrains.kotlin.gradle.plugin.statistics.ExecutedTaskMetrics               : loaded 2 times (x 69B)
Class kotlin.reflect.jvm.internal.impl.builtins.jvm.JvmBuiltInClassDescriptorFactory$cloneable$2: loaded 2 times (x 77B)
Class org.jetbrains.kotlin.gradle.report.BuildMetricsService                          : loaded 2 times (x 84B)
Class com.google.common.hash.AbstractHasher                                           : loaded 2 times (x 140B)
Class com.google.wireless.android.sdk.stats.TypingLatencyStats                        : loaded 2 times (x 199B)
Class org.jetbrains.kotlin.compilerRunner.KotlinCompilerArgumentsLogLevel$Companion   : loaded 2 times (x 69B)
Class com.google.wireless.android.sdk.stats.AvdLaunchEvent                            : loaded 2 times (x 195B)
Class JetGradlePlugin$getJetModelBuilderOrRegisterIfAbsent                            : loaded 2 times (x 144B)
Class com.google.protobuf.Utf8$UnpairedSurrogateException                             : loaded 2 times (x 80B)
Class kotlin.reflect.jvm.internal.impl.serialization.deserialization.descriptors.DeserializedMemberScope$classifierNamesLazy$2: loaded 2 times (x 77B)
Class org.jetbrains.compose.internal.com.squareup.kotlinpoet.PropertySpec$Companion   : loaded 2 times (x 69B)
Class com.google.wireless.android.sdk.stats.ImportSampleEvent                         : loaded 2 times (x 195B)
Class com.google.common.collect.ImmutableList$SerializedForm                          : loaded 2 times (x 71B)
Class org.jetbrains.compose.resources.XmlValuesConverterTask_Decorated                : loaded 2 times (x 366B)
Class org.jetbrains.kotlin.gradle.dsl.KotlinJvmOptions                                : loaded 2 times (x 68B)
Class org.jetbrains.kotlin.idea.gradleTooling.reflect.KotlinTargetJarReflectionImpl   : loaded 2 times (x 73B)
Class org.gradle.internal.impldep.com.google.gson.internal.bind.CollectionTypeAdapterFactory$Adapter: loaded 2 times (x 72B)
Class com.google.common.collect.ForwardingMap                                         : loaded 2 times (x 130B)
Class org.jetbrains.kotlin.metadata.ProtoBuf$EnumEntryOrBuilder                       : loaded 2 times (x 68B)
Class com.google.wireless.android.sdk.stats.AndroidProfilerEventOrBuilder             : loaded 2 times (x 68B)
Class com.android.buildanalyzer.common.TaskCategory                                   : loaded 2 times (x 78B)
Class [Lorg.jetbrains.kotlin.idea.gradleTooling.KotlinGradlePluginVersionKeyVersion;  : loaded 2 times (x 67B)
Class com.google.wireless.android.sdk.stats.ApkDebugProjectOrBuilder                  : loaded 2 times (x 68B)
Class kotlin.reflect.jvm.internal.impl.serialization.deserialization.MemberDeserializer$getAnnotations$1: loaded 2 times (x 77B)
Class org.jetbrains.kotlin.metadata.ProtoBuf$Annotation$Argument                      : loaded 2 times (x 106B)
Class kotlin.reflect.jvm.internal.impl.descriptors.ScopesHolderForClass$scopeForOwnerModule$2: loaded 2 times (x 77B)
Class org.gradle.internal.impldep.com.google.gson.internal.LazilyParsedNumber         : loaded 2 times (x 76B)
Class com.google.wireless.android.sdk.stats.RunEventOrBuilder                         : loaded 2 times (x 68B)
Class com.intellij.gradle.toolingExtension.impl.model.dependencyDownloadPolicyModel.GradleDependencyDownloadPolicyBuilder: loaded 2 times (x 84B)
Class org.gradle.kotlin.dsl.Accessors377twfxlhpj2n65rquy9ybeqsKt                      : loaded 2 times (x 69B)
Class org.jetbrains.kotlin.gradle.tasks.KotlinCompile_Decorated                       : loaded 2 times (x 611B)
Class kotlin.reflect.jvm.internal.impl.serialization.deserialization.descriptors.DeserializedMemberScope$OptimizedImplementation$functions$1: loaded 2 times (x 77B)
Class org.jetbrains.kotlin.statistics.metrics.StringMetrics$Companion                 : loaded 2 times (x 69B)
Class org.jetbrains.kotlin.gradle.plugin.internal.state.TaskLoggers                   : loaded 2 times (x 69B)
Class org.jetbrains.kotlin.gradle.internal.ClassLoadersCachingBuildService$Parameters$Inject: loaded 2 times (x 104B)
Class com.google.wireless.android.sdk.stats.EssentialsModeEventOrBuilder              : loaded 2 times (x 68B)
Class com.google.wireless.android.sdk.stats.KotlinProjectConfigurationOrBuilder       : loaded 2 times (x 68B)
Class com.google.wireless.android.sdk.stats.AsmClassesTransformRegistration           : loaded 2 times (x 197B)
Class com.google.wireless.android.sdk.stats.GradleBuildVariant$VariantType$1          : loaded 2 times (x 74B)
Class com.google.protobuf.UnsafeUtil$1                                                : loaded 2 times (x 74B)
Class kotlin.coroutines.jvm.internal.RestrictedContinuationImpl                       : loaded 2 times (x 85B)
Class org.gradle.internal.impldep.com.google.gson.JsonPrimitive                       : loaded 2 times (x 91B)
Class com.google.protobuf.LazyStringList                                              : loaded 2 times (x 68B)
Class com.google.wireless.android.sdk.stats.EmulatorHostOrBuilder                     : loaded 2 times (x 68B)
Class [Lcom.google.common.io.FileWriteMode;                                           : loaded 2 times (x 67B)
Class com.google.common.io.Files$FileByteSink                                         : loaded 2 times (x 75B)
Class org.jetbrains.compose.internal.com.squareup.kotlinpoet.FunSpec                  : loaded 2 times (x 87B)
Class org.jetbrains.kotlin.gradle.tasks.KotlinCompile$ClasspathSnapshotProperties_Decorated: loaded 2 times (x 131B)
Class org.jetbrains.kotlin.daemon.common.CompilerId                                   : loaded 2 times (x 73B)
Class org.jetbrains.kotlin.statistics.metrics.ConcatMetricContainer                   : loaded 2 times (x 75B)
Class com.intellij.gradle.toolingExtension.impl.model.dependencyGraphModel.GradleDependencyGraphModelBuilder: loaded 2 times (x 80B)
Class com.google.wireless.android.sdk.stats.GradleBuildProjectOrBuilder               : loaded 2 times (x 68B)
Class com.android.ide.gradle.model.builder.LegacyV1AgpVersionModelBuilder             : loaded 2 times (x 73B)
Class org.jetbrains.kotlin.buildtools.internal.DaemonExecutionPolicyImpl$Companion    : loaded 2 times (x 69B)
Class com.google.protobuf.AbstractParser                                              : loaded 2 times (x 148B)
Class com.google.wireless.android.sdk.stats.ResourceManagerEventOrBuilder             : loaded 2 times (x 68B)
Class org.jetbrains.kotlin.gradle.plugin.CreateCompilerArgumentsContextImpl           : loaded 2 times (x 73B)
Class com.android.tools.analytics.HostData$threadBean$2                               : loaded 2 times (x 76B)
Class org.gradle.tooling.model.gradle.GradleScript                                    : loaded 2 times (x 68B)
Class com.android.ide.gradle.model.composites.BuildMapImpl                            : loaded 2 times (x 73B)
Class com.google.wireless.android.sdk.stats.StartupPerformanceCodeLoadedAndVisibleInEditorOrBuilder: loaded 2 times (x 68B)
Class org.jetbrains.kotlin.com.google.common.util.concurrent.UncheckedExecutionException: loaded 2 times (x 80B)
Class com.google.wireless.android.sdk.stats.FirebaseContextDetailsOrBuilder           : loaded 2 times (x 68B)
Class com.google.wireless.android.sdk.stats.LiveEditEvent                             : loaded 2 times (x 207B)
Class org.jetbrains.plugins.gradle.tooling.builder.ExternalTestsModelBuilderImpl      : loaded 2 times (x 76B)
Class com.google.wireless.android.sdk.stats.Align16kbEventOrBuilder                   : loaded 2 times (x 68B)
Class [Lcom.android.builder.model.v2.ide.AndroidGradlePluginProjectFlags$BooleanFlag; : loaded 2 times (x 67B)
Class org.gradle.tooling.model.DomainObjectSet                                        : loaded 2 times (x 68B)
Class org.jetbrains.compose.internal.com.squareup.kotlinpoet.PropertySpec             : loaded 2 times (x 87B)
Class org.jetbrains.kotlin.compilerRunner.KotlinCompilerRunnerUtils$WhenMappings      : loaded 2 times (x 69B)
Class org.jetbrains.kotlin.metadata.ProtoBuf$VersionRequirement$VersionKind           : loaded 2 times (x 80B)
Class org.jetbrains.kotlin.buildtools.api.KotlinToolchains$BuildSession               : loaded 2 times (x 68B)
Class com.google.common.io.ByteSource$AsCharSource                                    : loaded 2 times (x 84B)
Class org.jetbrains.kotlin.incremental.classpathDiff.impl.KotlinClassHeaderClassVisitor: loaded 2 times (x 86B)
Class com.google.common.base.ExtraObjectsMethodsForWeb                                : loaded 2 times (x 69B)
Class com.android.ide.common.repository.AgpVersion$PreviewKind                        : loaded 2 times (x 77B)
Class org.jetbrains.kotlin.idea.gradleTooling.builders.KotlinModelComponentBuilderBase: loaded 2 times (x 68B)
Class org.jetbrains.kotlin.gradle.plugin.statistics.DaemonReuseCounter                : loaded 2 times (x 74B)
Class org.jetbrains.kotlin.com.google.common.cache.LoadingCache                       : loaded 2 times (x 68B)
Class org.jetbrains.kotlin.gradle.plugin.internal.DefaultProjectIsolationStartParameterAccessor$Factory: loaded 2 times (x 74B)
Class org.jetbrains.kotlin.gradle.plugin.KotlinPluginWrapperKt$kotlinToolingVersion$2 : loaded 2 times (x 76B)
Class org.jetbrains.kotlin.idea.gradleTooling.reflect.TypeToken                       : loaded 2 times (x 70B)
Class org.jetbrains.compose.internal.com.squareup.kotlinpoet.TypeName$Companion       : loaded 2 times (x 69B)
Class org.jetbrains.kotlin.idea.gradleTooling.reflect.KotlinAndroidSourceSetInfoReflection: loaded 2 times (x 68B)
Class org.jetbrains.kotlin.daemon.common.LoopbackNetworkInterface                     : loaded 2 times (x 69B)
Class org.jetbrains.kotlin.gradle.plugin.CreateCompilerArgumentsContextImpl$ContributeCompilerArgumentsContextImpl: loaded 2 times (x 77B)
Class com.android.utils.concurrency.ReadWriteProcessLock$Lock                         : loaded 2 times (x 68B)
Class org.jetbrains.kotlin.gradle.utils.StoredPropertyKt                              : loaded 2 times (x 69B)
Class org.jetbrains.kotlin.gradle.plugin.KotlinSourceSetContainer                     : loaded 2 times (x 68B)
Class com.google.common.collect.ForwardingCollection                                  : loaded 2 times (x 128B)
Class org.jetbrains.kotlin.gradle.plugin.internal.ProjectIsolationStartParameterAccessor$Factory: loaded 2 times (x 68B)
Class org.gradle.internal.impldep.com.google.common.collect.AbstractMapBasedMultimap$WrappedCollection$WrappedIterator: loaded 2 times (x 82B)
Class com.android.builder.model.v2.dsl.DependenciesInfo                               : loaded 2 times (x 68B)
Class org.jetbrains.kotlin.buildtools.api.ExecutionPolicy$WithDaemon$Companion        : loaded 2 times (x 69B)
Class com.google.wireless.android.sdk.stats.AutoImportEventOrBuilder                  : loaded 2 times (x 68B)
Class org.jetbrains.kotlin.gradle.plugin.statistics.BuildFinishBuildService           : loaded 2 times (x 82B)
Class org.jetbrains.kotlin.daemon.common.ReportSeverity$Companion                     : loaded 2 times (x 69B)
Class org.jetbrains.kotlin.config.LanguageFeatureBehaviorAfterSinceVersion$CanStillBeDisabledForNow: loaded 2 times (x 70B)
Class org.jetbrains.kotlin.buildtools.api.trackers.CompilerLookupTracker              : loaded 2 times (x 68B)
Class kotlin.reflect.jvm.internal.impl.serialization.deserialization.descriptors.DeserializedClassDescriptor$primaryConstructor$1: loaded 2 times (x 77B)
Class org.jetbrains.kotlin.buildtools.internal.jvm.JvmPlatformToolchainImpl           : loaded 2 times (x 76B)
Class com.google.wireless.android.sdk.stats.WearPairingEventOrBuilder                 : loaded 2 times (x 68B)
Class org.jetbrains.kotlin.daemon.client.KotlinCompilerClientKt$report$sourceMessage$2: loaded 2 times (x 77B)
Class org.gradle.internal.classloader.ClasspathUtil$1                                 : loaded 2 times (x 74B)
Class org.jetbrains.kotlin.gradle.plugin.internal.DefaultBuildIdentifierAccessor$Factory: loaded 2 times (x 74B)
Class org.objectweb.asm.ModuleWriter                                                  : loaded 2 times (x 80B)
Class org.jetbrains.kotlin.incremental.DifferenceCalculatorForPackageFacade           : loaded 2 times (x 72B)
Class org.jetbrains.kotlin.idea.gradleTooling.builders.KotlinAndroidSourceSetInfoBuilder: loaded 2 times (x 69B)
Class org.jetbrains.kotlin.idea.gradleTooling.serialization.IdeaKotlinSerializationContextKt: loaded 2 times (x 69B)
Class org.jetbrains.kotlin.gradle.plugin.diagnostics.checkers.OverriddenKotlinNativeHomeChecker$StdlibExistenceCheckerValueSource$Params_Decorated: loaded 2 times (x 132B)
Class org.jetbrains.compose.internal.utils.OS                                         : loaded 2 times (x 77B)
Class org.jetbrains.kotlin.statistics.metrics.NumberOverridePolicy$OVERRIDE           : loaded 2 times (x 83B)
Class org.jetbrains.kotlin.statistics.metrics.StringOverridePolicy$CONCAT             : loaded 2 times (x 83B)
Class org.gradle.tooling.internal.adapter.ProtocolToModelAdapter$ViewKey              : loaded 2 times (x 70B)
Class org.jetbrains.kotlin.daemon.common.CompilationOptions                           : loaded 2 times (x 70B)
Class org.jetbrains.kotlin.buildtools.api.jvm.JvmSnapshotBasedIncrementalCompilationConfiguration$Builder: loaded 2 times (x 68B)
Class com.google.common.collect.IndexedImmutableSet$1                                 : loaded 2 times (x 173B)
Class com.google.gson.JsonParseException                                              : loaded 2 times (x 80B)
Class org.jetbrains.kotlin.gradle.tasks.K2MultiplatformCompilationTask                : loaded 2 times (x 68B)
Class kotlin.reflect.jvm.internal.impl.load.java.lazy.descriptors.LazyJavaScope$functionNamesLazy$2: loaded 2 times (x 77B)
Class org.gradle.internal.impldep.com.google.gson.internal.bind.DefaultDateTypeAdapter: loaded 2 times (x 72B)
Class com.google.wireless.android.sdk.stats.AndroidTestRetentionEvent                 : loaded 2 times (x 195B)
Class org.jetbrains.kotlin.gradle.dsl.KotlinCommonCompilerOptionsExtensionsKt$usesK2$1: loaded 2 times (x 72B)
Class org.jetbrains.kotlin.idea.gradleTooling.reflect.KotlinAndroidSourceSetInfoReflectionImpl$Companion: loaded 2 times (x 69B)
Class [Lorg.jetbrains.kotlin.com.google.common.cache.ReferenceEntry;                  : loaded 2 times (x 67B)
Class org.jetbrains.kotlin.gradle.utils.StoredProperty                                : loaded 2 times (x 68B)
Class com.google.wireless.android.sdk.stats.SoongSyncStats                            : loaded 2 times (x 205B)
Class org.jetbrains.compose.internal.com.squareup.kotlinpoet.KModifierKt              : loaded 2 times (x 69B)
Class com.google.common.collect.AbstractListMultimap                                  : loaded 2 times (x 170B)
Class com.google.wireless.android.sdk.stats.GarbageCollectionStatsOrBuilder           : loaded 2 times (x 68B)
Class com.google.wireless.android.sdk.stats.GradleBuildProfileSpanOrBuilder           : loaded 2 times (x 68B)
Class jdk.internal.jimage.decompressor.ResourceDecompressor$StringsProvider           : loaded 2 times (x 68B)
Class org.gradle.internal.impldep.com.google.gson.TypeAdapterFactory                  : loaded 2 times (x 68B)
Class com.google.wireless.android.sdk.stats.StudioCrashOrBuilder                      : loaded 2 times (x 68B)
Class org.jetbrains.kotlin.buildtools.internal.arguments.JvmCompilerArgumentsImpl$Companion: loaded 2 times (x 69B)
Class org.jetbrains.kotlin.idea.gradleTooling.PrepareKotlinIdeaImportTaskModelBuilder : loaded 2 times (x 84B)
Class com.intellij.gradle.toolingExtension.impl.model.sourceSetDependencyModel.GradleSourceSetDependencyResolver: loaded 2 times (x 70B)
Class org.apache.commons.io.output.UnsynchronizedByteArrayOutputStream                : loaded 2 times (x 100B)
Class org.jetbrains.kotlin.gradle.plugin.statistics.BuildFinishBuildService$Companion$registerIfAbsent$service$1$1: loaded 2 times (x 72B)
Class com.android.build.gradle.internal.services.AndroidLocationsBuildService         : loaded 2 times (x 88B)
Class jdk.internal.jimage.decompressor.Decompressor                                   : loaded 2 times (x 70B)
Class org.gradle.internal.impldep.com.google.gson.FieldNamingPolicy                   : loaded 2 times (x 81B)
Class org.jetbrains.plugins.gradle.tooling.AbstractModelBuilderService                : loaded 2 times (x 84B)
Class org.jetbrains.kotlin.daemon.common.MultiModuleICSettings$Companion              : loaded 2 times (x 69B)
Class com.google.wireless.android.sdk.stats.IntellijProjectSizeStats                  : loaded 2 times (x 197B)
Class com.google.common.hash.HashCode$IntHashCode                                     : loaded 2 times (x 78B)
Class com.android.builder.model.v2.ide.AbstractArtifact                               : loaded 2 times (x 68B)
Class org.jetbrains.kotlin.gradle.utils.ConfigurationCacheOpaqueValueSource           : loaded 2 times (x 77B)
Class org.gradle.internal.impldep.com.google.common.collect.ImmutableMap$IteratorBasedImmutableMap: loaded 2 times (x 124B)
Class com.android.utils.ILogger                                                       : loaded 2 times (x 68B)
Class org.jetbrains.kotlin.com.google.common.cache.Cache                              : loaded 2 times (x 68B)
Class org.gradle.internal.impldep.com.google.common.collect.Iterators$SingletonIterator: loaded 2 times (x 79B)
Class kotlin.reflect.jvm.internal.impl.renderer.DescriptorRendererOptionsImpl$typeNormalizer$2: loaded 2 times (x 76B)
Class org.jetbrains.compose.desktop.application.internal.JvmApplicationRuntimeFilesProvider$GradleJvmApplicationRuntimeFilesProvider: loaded 2 times (x 72B)
Class org.gradle.internal.impldep.com.google.gson.internal.bind.ReflectiveTypeAdapterFactory$Adapter: loaded 2 times (x 75B)
Class org.jetbrains.kotlin.progress.CompilationCanceledException                      : loaded 2 times (x 80B)
Class org.jetbrains.kotlin.com.google.common.cache.CacheLoader$1                      : loaded 2 times (x 73B)
Class com.google.wireless.android.sdk.stats.CMakeEditingEvent                         : loaded 2 times (x 195B)
Class com.google.wireless.android.sdk.stats.VariantPropertiesAccess$Builder           : loaded 2 times (x 293B)
Class org.jetbrains.kotlin.idea.gradleTooling.builders.KotlinMultiplatformComponentBuilder: loaded 2 times (x 68B)
Class org.gradle.internal.impldep.com.google.common.base.ExtraObjectsMethodsForWeb    : loaded 2 times (x 69B)
Class [Lorg.jetbrains.kotlin.gradle.internal.config.JvmDefaultMode;                   : loaded 2 times (x 67B)
Class org.jetbrains.kotlin.metadata.ProtoBuf$VersionRequirement$Level                 : loaded 2 times (x 80B)
Class org.jetbrains.kotlin.incremental.classpathDiff.impl.ClassListSnapshotter        : loaded 2 times (x 68B)
Class org.jetbrains.kotlin.buildtools.internal.trackers.BuildMetricsReporterAdapterKt : loaded 2 times (x 69B)
Class org.jetbrains.kotlin.buildtools.api.NoImplementationFoundException              : loaded 2 times (x 80B)
Class com.google.wireless.android.sdk.stats.AdbUsageEventOrBuilder                    : loaded 2 times (x 68B)
Class org.jetbrains.kotlin.idea.gradleTooling.KotlinCompilationCoordinatesImpl        : loaded 2 times (x 74B)
Class com.google.common.base.Ascii                                                    : loaded 2 times (x 69B)
Class org.jetbrains.kotlin.gradle.utils.ConfigurationCacheOpaqueValue                 : loaded 2 times (x 70B)
Class com.google.wireless.android.sdk.stats.UpgradeAssistantComponentEventOrBuilder   : loaded 2 times (x 68B)
Class org.gradle.api.internal.ClassPathProvider                                       : loaded 2 times (x 68B)
Class com.google.common.collect.AbstractMapBasedMultimap$KeySet                       : loaded 2 times (x 135B)
Class org.jetbrains.plugins.gradle.model.DefaultDependencyAccessorsModel              : loaded 2 times (x 74B)
Class org.gradle.tooling.internal.adapter.TypeInspector                               : loaded 2 times (x 71B)
Class com.google.wireless.android.sdk.stats.WindowsDefenderStatus                     : loaded 2 times (x 195B)
Class jdk.internal.jrtfs.JrtFileSystem                                                : loaded 2 times (x 100B)
Class kotlin.text.MatcherMatchResult$groupValues$1                                    : loaded 2 times (x 158B)
Class org.jetbrains.kotlin.idea.gradleTooling.model.kapt.KaptGradleModelImpl          : loaded 2 times (x 75B)
Class org.jetbrains.kotlin.incremental.classpathDiff.impl.ClassListSnapshotterKt$WhenMappings: loaded 2 times (x 69B)
Class org.jetbrains.kotlin.gradle.report.BuildScanSettings                            : loaded 2 times (x 70B)
Class com.google.wireless.android.sdk.stats.ProjectViewDefaultViewEventOrBuilder      : loaded 2 times (x 68B)
Class com.google.common.collect.ArrayListMultimapGwtSerializationDependencies         : loaded 2 times (x 170B)
Class com.android.build.gradle.internal.plugins.AppPlugin                             : loaded 2 times (x 95B)
Class org.gradle.internal.impldep.com.google.common.collect.ImmutableEnumSet          : loaded 2 times (x 144B)
Class org.gradle.internal.impldep.com.google.common.base.Converter                    : loaded 2 times (x 88B)
Class org.jetbrains.kotlin.idea.projectModel.KotlinPlatform$Companion                 : loaded 2 times (x 69B)
Class [Lcom.android.builder.utils.SynchronizedFile$LockingType;                       : loaded 2 times (x 67B)
Class org.jetbrains.kotlin.idea.gradleTooling.KotlinTargetJarImpl                     : loaded 2 times (x 74B)
Class com.google.wireless.android.sdk.stats.AndroidStudioEvent$2                      : loaded 2 times (x 149B)
Class com.google.wireless.android.sdk.stats.AndroidStudioEvent$TemplatesUsage         : loaded 2 times (x 204B)
Class org.jetbrains.kotlin.idea.gradleTooling.KotlinMPPGradleModelBinaryBuilder       : loaded 2 times (x 84B)
Class org.jetbrains.kotlin.buildtools.internal.arguments.CommonCompilerArgumentsImpl$CommonCompilerArgument: loaded 2 times (x 70B)
Class kotlin.io.FilePathComponents                                                    : loaded 2 times (x 70B)
Class kotlin.reflect.jvm.internal.KFunctionImpl$defaultCaller$2                       : loaded 2 times (x 77B)
Class com.google.common.collect.AbstractMapBasedMultimap$RandomAccessWrappedList      : loaded 2 times (x 165B)
Class com.android.tools.analytics.AnalyticsSettingsData$DataTypeAdapter               : loaded 2 times (x 71B)
Class org.gradle.internal.impldep.com.google.common.collect.AbstractMapBasedMultimap$WrappedCollection: loaded 2 times (x 122B)
Class com.google.wireless.android.sdk.stats.GradleBuildProfile                        : loaded 2 times (x 246B)
Class kotlin.reflect.jvm.internal.KClassImpl$Data$simpleName$2                        : loaded 2 times (x 77B)
Class com.google.wireless.android.sdk.stats.MetaMetrics                               : loaded 2 times (x 197B)
Class org.objectweb.asm.Handler                                                       : loaded 2 times (x 70B)
Class org.gradle.api.internal.classpath.GlobalCacheRootsProvider                      : loaded 2 times (x 68B)
Class com.intellij.gradle.toolingExtension.impl.util.collectionUtil.GradleCollectionVisitor: loaded 2 times (x 68B)
Class org.jetbrains.kotlin.gradle.tasks.KotlinCompile$ScriptFilterSpec                : loaded 2 times (x 73B)
Class com.google.wireless.android.sdk.stats.DesignEditorHelpPanelEventOrBuilder       : loaded 2 times (x 68B)
Class com.google.wireless.android.sdk.stats.MlModelBindingEvent                       : loaded 2 times (x 201B)
Class com.google.wireless.android.sdk.stats.MotionLayoutEditorEventOrBuilder          : loaded 2 times (x 68B)
Class com.google.wireless.android.sdk.stats.GradleBuildVariant$1                      : loaded 2 times (x 149B)
Class com.google.protobuf.IterableByteBufferInputStream                               : loaded 2 times (x 90B)
Class com.google.wireless.android.sdk.stats.AndroidStudioEvent$1                      : loaded 2 times (x 74B)
Class org.jetbrains.kotlin.incremental.storage.InlineFunctionOrAccessorExternalizer   : loaded 2 times (x 74B)
Class com.google.wireless.android.sdk.stats.GarbageCollectionStats                    : loaded 2 times (x 199B)
Class com.google.wireless.android.sdk.stats.GradleBuildProfileSpan                    : loaded 2 times (x 214B)
Class org.gradle.internal.impldep.com.google.common.collect.AbstractMultimap          : loaded 2 times (x 121B)
Class org.gradle.internal.impldep.com.google.gson.internal.bind.JsonTreeReader        : loaded 2 times (x 96B)
Class org.jetbrains.kotlin.idea.gradleTooling.model.parcelize.ParcelizeModelBuilderService: loaded 2 times (x 79B)
Class org.jetbrains.plugins.gradle.tooling.Message$Kind                               : loaded 2 times (x 77B)
Class org.jetbrains.kotlin.gradle.plugin.diagnostics.KotlinToolingDiagnosticsCollector: loaded 2 times (x 74B)
Class com.google.wireless.android.sdk.stats.IdePluginInfoOrBuilder                    : loaded 2 times (x 68B)
Class com.android.builder.model.v2.ide.LibraryInfo                                    : loaded 2 times (x 68B)
Class com.google.protobuf.MutabilityOracle                                            : loaded 2 times (x 68B)
Class kotlin.reflect.jvm.internal.impl.builtins.jvm.JvmBuiltInsCustomizer$cloneableType$2: loaded 2 times (x 77B)
Class org.jetbrains.kotlin.buildtools.api.jvm.JvmSnapshotBasedIncrementalCompilationOptions$Option: loaded 2 times (x 70B)
Class com.google.protobuf.AbstractMessageLite                                         : loaded 2 times (x 99B)
Class org.gradle.internal.impldep.com.google.gson.internal.bind.DateTypeAdapter       : loaded 2 times (x 72B)
Class org.jetbrains.kotlin.daemon.common.StringPropMapper                             : loaded 2 times (x 72B)
Class kotlin.reflect.jvm.internal.KCallableImpl$_typeParameters$1                     : loaded 2 times (x 77B)
Class com.google.common.collect.ImmutableSortedSet$Builder                            : loaded 2 times (x 84B)
Class com.android.builder.utils.SynchronizedFile$LockingType                          : loaded 2 times (x 77B)
Class com.android.ide.common.gradle.Numeric                                           : loaded 2 times (x 75B)
Class org.gradle.tooling.internal.gradle.GradleProjectIdentity                        : loaded 2 times (x 68B)
Class com.intellij.util.ExceptionUtilRt$RethrownStack                                 : loaded 2 times (x 80B)
Class org.jetbrains.kotlin.buildtools.internal.arguments.JvmCompilerArgumentsImpl     : loaded 2 times (x 115B)
Class org.gradle.internal.impldep.com.google.gson.internal.bind.TypeAdapters$EnumTypeAdapter$1: loaded 2 times (x 75B)
Class com.android.build.gradle.internal.services.AndroidLocationsBuildService$AndroidDirectoryCreator$Params_Decorated: loaded 2 times (x 134B)
Class org.jetbrains.kotlin.gradle.dsl.KotlinJvmCompilerOptionsHelper                  : loaded 2 times (x 69B)
Class org.jetbrains.plugins.gradle.DefaultExternalDependencyId                        : loaded 2 times (x 78B)
Class org.jetbrains.kotlin.gradle.plugin.diagnostics.TransformActionUsingKotlinToolingDiagnostics$Parameters: loaded 2 times (x 68B)
Class org.jetbrains.compose.internal.com.squareup.kotlinpoet.FileSpec$Companion       : loaded 2 times (x 69B)
Class org.jetbrains.kotlin.gradle.tasks.TasksUtilsKt$WhenMappings                     : loaded 2 times (x 69B)
Class com.google.wireless.android.sdk.stats.FileUsage                                 : loaded 2 times (x 206B)
Class com.google.common.base.Verify                                                   : loaded 2 times (x 69B)
Class com.google.protobuf.InvalidProtocolBufferException                              : loaded 2 times (x 86B)
Class org.jetbrains.kotlin.daemon.common.CompileService$CallResult$Good               : loaded 2 times (x 71B)
Class com.google.protobuf.ByteString$LeafByteString                                   : loaded 2 times (x 101B)
Class org.jetbrains.kotlin.incremental.storage.IntExternalizer                        : loaded 2 times (x 73B)
Class com.intellij.compose.ide.plugin.gradleTooling.rt.ComposeResourcesModelImpl      : loaded 2 times (x 75B)
Class org.gradle.api.JavaVersion                                                      : loaded 2 times (x 77B)
Class [Lorg.jetbrains.kotlin.com.intellij.util.io.DataExternalizer;                   : loaded 2 times (x 67B)
Class org.jetbrains.org.objectweb.asm.tree.AbstractInsnNode                           : loaded 2 times (x 76B)
Class org.jetbrains.kotlin.gradle.plugin.internal.DefaultJavaExecTaskParametersCompatibility$Factory: loaded 2 times (x 74B)
Class com.google.wireless.android.sdk.stats.StartupPerformanceCodeLoadedAndVisibleInEditor: loaded 2 times (x 205B)
Class com.google.wireless.android.sdk.stats.GradleBuildProject                        : loaded 2 times (x 258B)
Class org.jetbrains.kotlin.gradle.utils.FileUtilsKt                                   : loaded 2 times (x 69B)
Class org.jetbrains.compose.internal.com.squareup.kotlinpoet.ParameterSpecKt          : loaded 2 times (x 69B)
Class com.google.wireless.android.sdk.stats.GradleJdkConfigurationEvent               : loaded 2 times (x 193B)
Class org.jetbrains.plugins.gradle.tooling.internal.ClasspathEntryModelImpl           : loaded 2 times (x 78B)
Class com.google.protobuf.Message$Builder                                             : loaded 2 times (x 68B)
Class com.android.builder.model.v2.ide.LibraryType                                    : loaded 2 times (x 77B)
Class kotlin.reflect.jvm.internal.KTypeImpl$arguments$2                               : loaded 2 times (x 77B)
Class com.google.wireless.android.sdk.stats.MotionLayoutEditorEvent                   : loaded 2 times (x 193B)
Class com.google.wireless.android.sdk.stats.AdbServerStateOrBuilder                   : loaded 2 times (x 68B)
Class jdk.internal.jrtfs.JrtFileSystemProvider                                        : loaded 2 times (x 97B)
Class org.jetbrains.kotlin.com.google.common.base.Supplier                            : loaded 2 times (x 68B)
Class org.jetbrains.kotlin.com.google.common.util.concurrent.SettableFuture           : loaded 2 times (x 95B)
Class [Lcom.google.wireless.android.sdk.stats.GradleTaskExecution$TaskState;          : loaded 2 times (x 67B)
Class org.gradle.tooling.internal.adapter.MethodInvocation                            : loaded 2 times (x 83B)
Class com.google.common.collect.CollectSpliterators                                   : loaded 2 times (x 69B)
Class com.google.wireless.android.sdk.stats.StudioToolWindowActionStats               : loaded 2 times (x 199B)
Class com.google.wireless.android.sdk.stats.StartupPerformanceFrameBecameInteractiveEvent: loaded 2 times (x 193B)
Class com.google.wireless.android.sdk.stats.SuppressedSyncEvent                       : loaded 2 times (x 195B)
Class com.google.wireless.android.sdk.stats.GradleBuildVariant$KotlinOptions          : loaded 2 times (x 197B)
Class sync_studio_tooling1_drsl59kz254cczythkxcyr4m2                                  : loaded 2 times (x 177B)
Class org.gradle.internal.time.CountdownTimer                                         : loaded 2 times (x 68B)
Class org.gradle.internal.time.Clock                                                  : loaded 2 times (x 68B)
Class kotlin.reflect.jvm.internal.impl.load.java.lazy.descriptors.LazyJavaClassMemberScope$computeMemberIndex$1: loaded 2 times (x 76B)
Class org.objectweb.asm.ByteVector                                                    : loaded 2 times (x 77B)
Class com.google.protobuf.ByteString$2                                                : loaded 2 times (x 89B)
Class org.jetbrains.kotlin.gradle.dsl.KotlinTopLevelExtension                         : loaded 2 times (x 68B)
Class com.intellij.gradle.toolingExtension.impl.model.repositoryModel.DefaultProjectRepositoriesModel: loaded 2 times (x 74B)
Class org.jetbrains.kotlin.idea.gradleTooling.model.noarg.NoArgModelBuilderService    : loaded 2 times (x 83B)
Class com.google.wireless.android.sdk.stats.StudioUpdateFlowEvent                     : loaded 2 times (x 202B)
Class com.google.wireless.android.sdk.stats.SplittingTabsUsageEventOrBuilder          : loaded 2 times (x 68B)
Class com.google.wireless.android.sdk.stats.GradleBuildVariant$VariantType            : loaded 2 times (x 85B)
Class com.google.protobuf.UnsafeUtil                                                  : loaded 2 times (x 69B)
Class org.jetbrains.kotlin.incremental.classpathDiff.ClasspathEntrySnapshot           : loaded 2 times (x 70B)
Class org.gradle.internal.impldep.com.google.gson.ToNumberStrategy                    : loaded 2 times (x 68B)
Class org.jetbrains.kotlin.cli.common.repl.ReplCodeLine                               : loaded 2 times (x 70B)
Class com.google.wireless.android.sdk.stats.LayoutInspectorEventOrBuilder             : loaded 2 times (x 68B)
Class com.google.wireless.android.sdk.stats.SurveyResponse                            : loaded 2 times (x 198B)
Class com.google.wireless.android.sdk.stats.AndroidProfilerDbStatsOrBuilder           : loaded 2 times (x 68B)
Class org.objectweb.asm.ClassReader                                                   : loaded 2 times (x 92B)
Class org.jetbrains.kotlin.gradle.dsl.JvmTarget                                       : loaded 2 times (x 77B)
Class com.google.wireless.android.sdk.stats.TSdkUAEvent                               : loaded 2 times (x 202B)
Class org.jetbrains.kotlin.statistics.metrics.NumericalMetrics$Companion              : loaded 2 times (x 69B)
Class kotlin.KotlinNothingValueException                                              : loaded 2 times (x 80B)
Class com.google.wireless.android.sdk.stats.MultiViewEvent                            : loaded 2 times (x 197B)
Class com.google.wireless.android.sdk.stats.KotlinSupportDeclinedOrBuilder            : loaded 2 times (x 68B)
Class com.google.wireless.android.sdk.stats.SmlCompletionRequestErrorEvent            : loaded 2 times (x 197B)
Class com.google.wireless.android.sdk.stats.JavaProcessStats                          : loaded 2 times (x 205B)
Class com.google.common.io.Java8Compatibility                                         : loaded 2 times (x 69B)
Class com.android.build.gradle.internal.dependency.AarTransform$Parameters            : loaded 2 times (x 68B)
Class org.jetbrains.kotlin.daemon.common.PropMapper                                   : loaded 2 times (x 72B)
Class org.jetbrains.org.objectweb.asm.tree.JumpInsnNode                               : loaded 2 times (x 76B)
Class org.gradle.internal.classloader.ClasspathUtil                                   : loaded 2 times (x 69B)
Class com.google.common.hash.HashCode$LongHashCode                                    : loaded 2 times (x 78B)
Class kotlin.reflect.jvm.internal.impl.builtins.DefaultBuiltIns                       : loaded 2 times (x 111B)
Class org.apache.commons.io.FileUtils                                                 : loaded 2 times (x 69B)
Class com.google.wireless.android.sdk.stats.JavaProcessStats$1                        : loaded 2 times (x 149B)
Class org.jetbrains.kotlin.idea.gradleTooling.builders.KotlinTargetBuilder            : loaded 2 times (x 74B)
Class org.gradle.api.internal.classpath.ModuleRegistry                                : loaded 2 times (x 68B)
Class com.google.protobuf.MessageLite                                                 : loaded 2 times (x 68B)
Class org.jetbrains.kotlin.gradle.tasks.KotlinCompile$createCompilerArguments$1       : loaded 2 times (x 77B)
Class org.jetbrains.kotlin.buildtools.internal.arguments.CommonCompilerArgumentsImpl$EntriesMappings: loaded 2 times (x 69B)
Class org.objectweb.asm.CurrentFrame                                                  : loaded 2 times (x 71B)
Class jdk.internal.jrtfs.JrtDirectoryStream                                           : loaded 2 times (x 87B)
Class [Lorg.jetbrains.kotlin.idea.gradleTooling.reflect.Parameter;                    : loaded 2 times (x 67B)
Class com.google.wireless.android.sdk.stats.KotlinGradlePerformanceOrBuilder          : loaded 2 times (x 68B)
Class org.jetbrains.kotlin.incremental.storage.ProtoMapValue                          : loaded 2 times (x 70B)
Class org.jetbrains.kotlin.metadata.ProtoBuf$TypeParameter$Variance                   : loaded 2 times (x 80B)
Class com.google.wireless.android.sdk.stats.DeviceManagerEventOrBuilder               : loaded 2 times (x 68B)
Class com.intellij.gradle.toolingExtension.impl.initScript.util.GradleLifecycleUtil   : loaded 2 times (x 69B)
Class com.google.wireless.android.sdk.stats.GradleProjectOptionsSettings              : loaded 2 times (x 218B)
Class org.jetbrains.kotlin.gradle.plugin.statistics.BuildFinishBuildService$Inject    : loaded 2 times (x 102B)
Class kotlin.reflect.jvm.internal.KCallableImpl$_annotations$1                        : loaded 2 times (x 77B)
Class org.jetbrains.kotlin.incremental.ClassProtoData                                 : loaded 2 times (x 70B)
Class com.android.ide.common.gradle.Version$Companion                                 : loaded 2 times (x 69B)
Class com.android.tools.analytics.AnalyticsSettingsData                               : loaded 2 times (x 70B)
Class com.android.tools.analytics.Environment$Companion$SYSTEM$1                      : loaded 2 times (x 71B)
Class org.jetbrains.kotlin.incremental.storage.SetExternalizer                        : loaded 2 times (x 78B)
Class org.jetbrains.kotlin.gradle.plugin.BuildFinishAndConfigurationTimeMetricsFlowAction$Parameters_Decorated: loaded 2 times (x 138B)
Class org.jetbrains.kotlin.idea.gradleTooling.KotlinMPPGradleModelBuilder             : loaded 2 times (x 84B)
Class org.jetbrains.kotlin.buildtools.internal.DaemonExecutionPolicyImpl$Option       : loaded 2 times (x 71B)
Class kotlin.reflect.jvm.internal.impl.descriptors.runtime.structure.ReflectJavaAnnotationOwner$DefaultImpls: loaded 2 times (x 69B)
Class com.google.wireless.android.sdk.stats.DeviceMirroringAbnormalAgentTerminationOrBuilder: loaded 2 times (x 68B)
Class com.google.wireless.android.sdk.stats.BuildOutputWindowStatsOrBuilder           : loaded 2 times (x 68B)
Class org.jetbrains.kotlin.gradle.dsl.KotlinCommonCompilerToolOptions                 : loaded 2 times (x 68B)
Class org.gradle.tooling.internal.gradle.DefaultProjectIdentifier                     : loaded 2 times (x 84B)
Class org.jetbrains.kotlin.statistics.metrics.BooleanAnonymizationPolicy$SAFE         : loaded 2 times (x 83B)
Class com.google.wireless.android.sdk.stats.FileTypeOrBuilder                         : loaded 2 times (x 68B)
Class com.android.ide.gradle.model.builder.AndroidStudioToolingPluginKt               : loaded 2 times (x 69B)
Class org.jetbrains.kotlin.statistics.metrics.IMetricContainerFactory                 : loaded 2 times (x 68B)
Class com.google.wireless.android.sdk.stats.LayoutInspectorEvent                      : loaded 2 times (x 199B)
Class org.jetbrains.kotlin.buildtools.api.KotlinBuildToolsException                   : loaded 2 times (x 80B)
Class org.gradle.internal.impldep.com.google.common.collect.AbstractSetMultimap       : loaded 2 times (x 172B)
Class kotlin.reflect.jvm.internal.impl.serialization.deserialization.descriptors.DeserializedTypeParameterDescriptor$annotations$1: loaded 2 times (x 77B)
Class org.jetbrains.plugins.gradle.model.DefaultFileCollectionDependency$1            : loaded 2 times (x 77B)
Class org.gradle.tooling.model.ProjectModel                                           : loaded 2 times (x 68B)
Class com.android.tools.analytics.JournalingUsageTracker$State                        : loaded 2 times (x 77B)
Class com.google.wireless.android.sdk.stats.StartupEventOrBuilder                     : loaded 2 times (x 68B)
Class org.gradle.tooling.model.BuildIdentifier                                        : loaded 2 times (x 68B)
Class com.google.wireless.android.sdk.stats.ComposePreviewCanvasEventOrBuilder        : loaded 2 times (x 68B)
Class Build_gradle$2$4                                                                : loaded 2 times (x 76B)
Class com.google.wireless.android.sdk.stats.ProjectViewSelectionChangeEvent           : loaded 2 times (x 195B)
Class org.jetbrains.kotlin.gradle.tasks.CompileUsingKotlinDaemon                      : loaded 2 times (x 68B)
Class org.jetbrains.kotlin.buildtools.internal.DeepCopyable                           : loaded 2 times (x 68B)
Class org.jetbrains.org.objectweb.asm.tree.RecordComponentNode                        : loaded 2 times (x 77B)
Class org.jetbrains.kotlin.gradle.plugin.statistics.BuildFusService$Parameters_Decorated: loaded 2 times (x 141B)
Class com.google.wireless.android.sdk.stats.DeviceMirroringSession                    : loaded 2 times (x 199B)
Class com.google.wireless.android.sdk.stats.BackupUsageEventOrBuilder                 : loaded 2 times (x 68B)
Class com.google.protobuf.ByteString$ByteArrayCopier                                  : loaded 2 times (x 68B)
Class [Lcom.android.ide.common.repository.AgpVersion$PreviewKind;                     : loaded 2 times (x 67B)
Class jdk.internal.jimage.decompressor.ResourceDecompressor                           : loaded 2 times (x 68B)
Class org.jetbrains.kotlin.idea.gradleTooling.reflect.KotlinTargetJarReflectionImpl$Companion: loaded 2 times (x 69B)
Class org.gradle.internal.classloader.VisitableURLClassLoader$Spec                    : loaded 2 times (x 72B)
Class org.jetbrains.kotlin.gradle.dsl.KotlinJvmCompilerOptionsDefault                 : loaded 2 times (x 104B)
Class org.jetbrains.compose.internal.com.squareup.kotlinpoet.ParameterizedTypeName    : loaded 2 times (x 84B)
Class com.google.wireless.android.sdk.stats.StudioUpdateFlowEventOrBuilder            : loaded 2 times (x 68B)
Class org.jetbrains.kotlin.buildtools.api.arguments.enums.JvmTarget                   : loaded 2 times (x 77B)
Class org.jetbrains.kotlin.gradle.dsl.KotlinCommonCompilerOptionsHelper               : loaded 2 times (x 69B)
Class org.jetbrains.kotlin.com.google.common.cache.LocalCache$ValueReference          : loaded 2 times (x 68B)
Class [Lorg.jetbrains.kotlin.buildtools.api.arguments.enums.ReturnValueCheckerMode;   : loaded 2 times (x 67B)
Class org.jetbrains.kotlin.compilerRunner.CompilerSystemPropertiesService$Inject      : loaded 2 times (x 98B)
Class org.jetbrains.kotlin.com.google.common.base.Equivalence                         : loaded 2 times (x 80B)
Class com.google.protobuf.ProtocolMessageEnum                                         : loaded 2 times (x 68B)
Class org.jetbrains.kotlin.idea.gradleTooling.GradleImportProperties                  : loaded 2 times (x 78B)
Class org.jetbrains.kotlin.daemon.client.KotlinCompilerClient$GcAutoConfiguration     : loaded 2 times (x 70B)
Class Build_gradle$2$3                                                                : loaded 2 times (x 76B)
Class kotlin.reflect.jvm.internal.pcollections.IntTreePMap                            : loaded 2 times (x 70B)
Class com.google.common.base.Splitter$1                                               : loaded 2 times (x 75B)
Class com.google.wireless.android.sdk.stats.VariantApiUsageOrBuilder                  : loaded 2 times (x 68B)
Class org.gradle.internal.impldep.com.google.gson.internal.bind.ArrayTypeAdapter$1    : loaded 2 times (x 73B)
Class [Lorg.jetbrains.kotlin.daemon.common.ReportSeverity;                            : loaded 2 times (x 67B)
Class kotlin.reflect.jvm.internal.impl.descriptors.impl.LazyPackageViewDescriptorImpl$fragments$2: loaded 2 times (x 77B)
Class com.intellij.openapi.externalSystem.model.project.ExternalSystemSourceType      : loaded 2 times (x 83B)
Class com.google.wireless.android.sdk.stats.StudioLabsEvent                           : loaded 2 times (x 193B)
Class [Lcom.google.protobuf.ProtocolMessageEnum;                                      : loaded 2 times (x 67B)
Class org.jetbrains.kotlin.idea.gradleTooling.builders.KotlinCompilationBuilder       : loaded 2 times (x 73B)
Class org.jetbrains.kotlin.daemon.client.KotlinCompilerClientKt                       : loaded 2 times (x 69B)
Class Build_gradle$2$2                                                                : loaded 2 times (x 76B)
Class com.google.common.collect.TransformedListIterator                               : loaded 2 times (x 91B)
Class org.jetbrains.kotlin.gradle.plugin.statistics.KotlinCompilerRefIndexMetrics     : loaded 2 times (x 69B)
Class com.intellij.gradle.toolingExtension.impl.util.javaPluginUtil.JavaPluginAccessor: loaded 2 times (x 68B)
Class com.google.wireless.android.sdk.stats.MachineDetailsOrBuilder                   : loaded 2 times (x 68B)
Class org.jetbrains.org.objectweb.asm.tree.IntInsnNode                                : loaded 2 times (x 76B)
Class Build_gradle$2$1                                                                : loaded 2 times (x 77B)
Class com.google.wireless.android.sdk.stats.LayoutEditorEvent                         : loaded 2 times (x 232B)
Class org.jetbrains.kotlin.metadata.jvm.deserialization.JvmMemberSignature$Field      : loaded 2 times (x 73B)
Class com.google.wireless.android.sdk.stats.GradleBuildProfile$1                      : loaded 2 times (x 149B)
Class org.jetbrains.kotlin.idea.gradleTooling.KotlinLanguageSettingsImpl              : loaded 2 times (x 82B)
Class org.gradle.api.internal.DefaultClassPathRegistry                                : loaded 2 times (x 74B)
Class org.jetbrains.compose.internal.com.squareup.kotlinpoet.CodeWriter$Companion     : loaded 2 times (x 69B)
Class com.android.builder.model.v2.ide.TestedTargetVariant                            : loaded 2 times (x 68B)
Class com.google.common.base.Splitter$5                                               : loaded 2 times (x 78B)
Class com.google.gson.TypeAdapter                                                     : loaded 2 times (x 71B)
Class com.intellij.gradle.toolingExtension.impl.initScript.util.GradleJvmForkedDebuggerHelper$getTasksToDebug: loaded 2 times (x 144B)
Class org.gradle.internal.impldep.com.google.gson.internal.Excluder                   : loaded 2 times (x 73B)
Class org.jetbrains.kotlin.buildtools.api.jvm.operations.JvmCompilationOperation$Builder: loaded 2 times (x 68B)
Class org.jetbrains.kotlin.incremental.classpathDiff.impl.BasicClassInfo              : loaded 2 times (x 70B)
Class org.jetbrains.kotlin.statistics.metrics.NumberOverridePolicy$OVERRIDE$fromStringRepresentation$1: loaded 2 times (x 76B)
Class org.jetbrains.kotlin.incremental.classpathDiff.impl.ClassFileWithContents       : loaded 2 times (x 70B)
Class com.intellij.util.ExceptionUtilRt                                               : loaded 2 times (x 69B)
Class kotlin.reflect.jvm.internal.impl.renderer.DescriptorRenderer$Companion$FQ_NAMES_IN_TYPES$1: loaded 2 times (x 76B)
Class org.jetbrains.kotlin.daemon.common.NetworkUtilsKt                               : loaded 2 times (x 69B)
Class org.jetbrains.kotlin.name.FqNameUnsafe$Companion                                : loaded 2 times (x 69B)
Class com.google.common.collect.ImmutableSortedMap                                    : loaded 2 times (x 176B)
Class com.google.common.collect.AbstractIterator$State                                : loaded 2 times (x 77B)
Class [Lorg.objectweb.asm.Symbol;                                                     : loaded 2 times (x 67B)
Class com.google.wireless.android.sdk.stats.AppInspectionEvent                        : loaded 2 times (x 212B)
Class com.google.wireless.android.sdk.stats.JavaProcessStatsOrBuilder                 : loaded 2 times (x 68B)
Class org.gradle.internal.impldep.com.google.common.collect.Maps$8                    : loaded 2 times (x 80B)
Class org.jetbrains.kotlin.metadata.ProtoBuf$Expression                               : loaded 2 times (x 118B)
Class com.google.wireless.android.sdk.stats.DebuggerEvent                             : loaded 2 times (x 203B)
Class com.android.ide.gradle.model.dependencies.DeclaredDependenciesModelBuilder      : loaded 2 times (x 73B)
Class org.jetbrains.kotlin.idea.gradleTooling.reflect.KotlinNativeCompileReflectionImpl: loaded 2 times (x 73B)
Class org.jetbrains.kotlin.idea.gradleTooling.builders.KotlinSourceSetBuilder$Companion$intransitiveMetadataDependenciesBuilder$1: loaded 2 times (x 79B)
Class org.jetbrains.kotlin.daemon.client.KotlinCompilerClient$DaemonSearchResult      : loaded 2 times (x 68B)
Class org.jetbrains.kotlin.daemon.client.KotlinCompilerClient$tryFindSuitableDaemonOrNewOpts$aliveWithMetadata$1: loaded 2 times (x 77B)
Class [Lkotlin.reflect.KMutableProperty;                                              : loaded 2 times (x 67B)
Class org.jetbrains.kotlin.compilerRunner.CompilerSystemPropertiesService$Parameters  : loaded 2 times (x 68B)
Class com.android.build.gradle.internal.attribution.BuildAnalyzerService$Companion    : loaded 2 times (x 69B)
Class org.jetbrains.kotlin.metadata.deserialization.MetadataVersion$Companion         : loaded 2 times (x 69B)
Class com.google.common.collect.Interner                                              : loaded 2 times (x 68B)
Class org.jetbrains.kotlin.incremental.impl.ExtraClassInfoGenerator                   : loaded 2 times (x 71B)
Class org.jetbrains.kotlin.statistics.fileloggers.MetricsContainer$Companion          : loaded 2 times (x 69B)
Class org.jetbrains.kotlin.gradle.logging.GradlePrintingMessageCollector              : loaded 2 times (x 75B)
Class org.jetbrains.kotlin.incremental.classpathDiff.MultifileClassKotlinClassSnapshot: loaded 2 times (x 74B)
Class kotlin.reflect.jvm.internal.impl.renderer.DescriptorRenderer$Companion$SHORT_NAMES_IN_TYPES$1: loaded 2 times (x 76B)
Class org.gradle.internal.impldep.org.apache.commons.lang.text.StrBuilder$StrBuilderWriter: loaded 2 times (x 97B)
Class com.google.wireless.android.sdk.stats.FastPreviewEventOrBuilder                 : loaded 2 times (x 68B)
Class org.objectweb.asm.tree.ClassNode                                                : loaded 2 times (x 89B)
Class com.google.wireless.android.sdk.stats.ArtifactAccess                            : loaded 2 times (x 197B)
Class com.google.protobuf.UnknownFieldSet$Parser                                      : loaded 2 times (x 148B)
Class com.google.wireless.android.sdk.stats.EditorCompletionStats                     : loaded 2 times (x 197B)
Class [Lorg.jetbrains.kotlin.metadata.ProtoBuf$TypeParameter$Variance;                : loaded 2 times (x 67B)
Class org.jetbrains.kotlin.gradle.plugin.KotlinGradleBuildServices$Parameters_Decorated: loaded 2 times (x 132B)
Class org.jetbrains.kotlin.gradle.plugin.internal.DefaultCompatibilityConventionRegistrar$Factory: loaded 2 times (x 74B)
Class kotlin.reflect.jvm.internal.pcollections.ConsPStack                             : loaded 2 times (x 77B)
Class org.jetbrains.kotlin.statistics.metrics.NumberAnonymizationPolicy               : loaded 2 times (x 83B)
Class com.google.wireless.android.play.playlog.proto.ClientAnalytics$LogEventOrBuilder: loaded 2 times (x 68B)
Class com.google.protobuf.InvalidProtocolBufferException$InvalidWireTypeException     : loaded 2 times (x 86B)
Class com.android.tools.analytics.HostDataKt                                          : loaded 2 times (x 69B)
Class org.gradle.api.internal.classpath.DefaultModuleRegistry$DefaultModule           : loaded 2 times (x 84B)
Class com.intellij.openapi.externalSystem.model.project.dependencies.ProjectDependenciesImpl: loaded 2 times (x 75B)
Class com.android.builder.utils.ExceptionFunction                                     : loaded 2 times (x 68B)
Class kotlin.sequences.SequenceScope                                                  : loaded 2 times (x 71B)
Class org.jetbrains.compose.internal.com.squareup.kotlinpoet.MemberSpecHolder         : loaded 2 times (x 68B)
Class [Lorg.jetbrains.kotlin.statistics.metrics.NumberAnonymizationPolicy;            : loaded 2 times (x 67B)
Class org.jetbrains.kotlin.compilerRunner.GradleKotlinCompilerWorkArguments           : loaded 2 times (x 70B)
Class org.gradle.internal.impldep.com.google.gson.internal.sql.SqlTimestampTypeAdapter: loaded 2 times (x 74B)
Class org.objectweb.asm.RecordComponentWriter                                         : loaded 2 times (x 76B)
Class org.jetbrains.org.objectweb.asm.tree.FieldInsnNode                              : loaded 2 times (x 77B)
Class com.google.common.io.LineReader                                                 : loaded 2 times (x 70B)
Class org.jetbrains.kotlin.gradle.plugin.statistics.BuildFinishBuildService$Companion : loaded 2 times (x 69B)
Class org.gradle.internal.impldep.com.google.gson.LongSerializationPolicy$1           : loaded 2 times (x 78B)
Class org.jetbrains.kotlin.gradle.utils.StoredLazyProperty                            : loaded 2 times (x 73B)
Class org.jetbrains.kotlin.idea.gradleTooling.IdeaKotlinExtras$Surrogate              : loaded 2 times (x 70B)
Class org.gradle.internal.impldep.com.google.gson.LongSerializationPolicy$2           : loaded 2 times (x 78B)
Class org.objectweb.asm.AnnotationVisitor                                             : loaded 2 times (x 76B)
Class com.android.tools.analytics.JournalingUsageTracker                              : loaded 2 times (x 80B)
Class org.gradle.tooling.model.build.GradleEnvironment                                : loaded 2 times (x 68B)
Class org.jetbrains.kotlin.idea.gradleTooling.reflect.ParameterList$Companion         : loaded 2 times (x 69B)
Class org.jetbrains.compose.internal.com.squareup.kotlinpoet.CodeWriter               : loaded 2 times (x 76B)
Class com.google.wireless.android.sdk.stats.GeminiAdvertiserEventOrBuilder            : loaded 2 times (x 68B)
Class com.google.wireless.android.sdk.stats.GradleBuildProjectMetrics                 : loaded 2 times (x 197B)
Class org.jetbrains.kotlin.gradle.plugin.statistics.UsesBuildFusService               : loaded 2 times (x 68B)
Class kotlin.reflect.jvm.internal.KClassImpl$Data$inheritedStaticMembers$2            : loaded 2 times (x 77B)
Class org.jetbrains.kotlin.gradle.internal.transforms.ClasspathEntrySnapshotTransform$Parameters$Inject: loaded 2 times (x 118B)
Class com.google.wireless.android.sdk.stats.ProjectViewDefaultViewEvent               : loaded 2 times (x 193B)
Class org.jetbrains.kotlin.daemon.common.CompileService$CallResult$Ok                 : loaded 2 times (x 70B)
Class com.intellij.openapi.externalSystem.model.project.dependencies.ProjectDependencyNodeImpl: loaded 2 times (x 91B)
Class org.gradle.internal.impldep.com.google.common.base.Function                     : loaded 2 times (x 68B)
Class kotlin.reflect.jvm.internal.impl.descriptors.NotFoundClasses$packageFragments$1 : loaded 2 times (x 77B)
Class org.jetbrains.kotlin.buildtools.api.CompilerArgumentsParseException             : loaded 2 times (x 80B)
Class com.google.wireless.android.sdk.stats.SdkIndexLibraryDetails                    : loaded 2 times (x 206B)
Class org.jetbrains.kotlin.gradle.tasks.DefaultKotlinJavaToolchain$Companion          : loaded 2 times (x 69B)
Class org.jetbrains.plugins.gradle.model.FilePatternSetImpl                           : loaded 2 times (x 74B)
Class org.jetbrains.kotlin.daemon.common.CompilerMode                                 : loaded 2 times (x 77B)
Class org.jetbrains.kotlin.gradle.internal.ClassLoadersCachingBuildService$Parameters : loaded 2 times (x 68B)
Class org.jetbrains.kotlin.gradle.plugin.internal.CompatibilityConventionRegistrar$Factory: loaded 2 times (x 68B)
Class org.jetbrains.kotlin.gradle.tasks.K2MultiplatformStructure$Fragment             : loaded 2 times (x 70B)
Class com.android.build.gradle.internal.dependency.ExtractAarTransform$Inject1        : loaded 2 times (x 107B)
Class com.google.protobuf.AbstractMessage                                             : loaded 2 times (x 162B)
Class org.jetbrains.kotlin.buildtools.api.ExecutionPolicy$WithDaemon$Option           : loaded 2 times (x 70B)
Class org.jetbrains.kotlin.idea.gradleTooling.serialization.IdeaKotlinSerializationContextExtensionPoint$ResolutionResult$Resolved: loaded 2 times (x 70B)
Class org.jetbrains.kotlin.metadata.ProtoBuf$1                                        : loaded 2 times (x 69B)
Class com.google.gson.internal.bind.JsonTreeReader                                    : loaded 2 times (x 96B)
Class org.jetbrains.kotlin.gradle.plugin.UsesBuildFinishedListenerService             : loaded 2 times (x 68B)
Class org.jetbrains.kotlin.incremental.classpathDiff.KotlinClassInfoExternalizer      : loaded 2 times (x 73B)
Class org.jetbrains.plugins.gradle.tooling.builder.EarModelBuilderImplKt              : loaded 2 times (x 69B)
Class com.google.wireless.android.sdk.stats.CoroutineDebuggerEventOrBuilder           : loaded 2 times (x 68B)
Class jdk.internal.jimage.decompressor.ZipDecompressorFactory                         : loaded 2 times (x 72B)
Class org.jetbrains.kotlin.idea.gradleTooling.KotlinMPPGradleModelBinary              : loaded 2 times (x 68B)
Class com.google.common.collect.Multimap                                              : loaded 2 times (x 68B)
Class org.jetbrains.compose.internal.com.squareup.kotlinpoet.ContextReceivable        : loaded 2 times (x 68B)
Class [Lorg.jetbrains.kotlin.build.report.metrics.BuildAttribute;                     : loaded 2 times (x 67B)
Class com.google.common.base.Optional                                                 : loaded 2 times (x 78B)
Class [Lcom.android.builder.model.v2.ide.AaptOptions$Namespacing;                     : loaded 2 times (x 67B)
Class org.jetbrains.kotlin.gradle.plugin.internal.DefaultConfigurationCacheStartParameterAccessorVariantFactory: loaded 2 times (x 74B)
Class org.jetbrains.kotlin.daemon.common.DaemonJVMOptions$mappers$3                   : loaded 2 times (x 139B)
Class com.android.build.gradle.internal.attribution.BuildAnalyzerPartialResult        : loaded 2 times (x 70B)
Class com.google.protobuf.GeneratedMessage$GeneratedExtension                         : loaded 2 times (x 85B)
Class org.jetbrains.compose.internal.utils.Target                                     : loaded 2 times (x 70B)
Class org.jetbrains.kotlin.buildtools.api.jvm.JvmSnapshotBasedIncrementalCompilationOptions: loaded 2 times (x 68B)
Class [Lorg.jetbrains.compose.internal.com.squareup.kotlinpoet.TypeSpec$Kind;         : loaded 2 times (x 67B)
Class org.jetbrains.compose.internal.com.squareup.kotlinpoet.Annotatable$Builder      : loaded 2 times (x 68B)
Class org.jetbrains.kotlin.incremental.storage.FqNameExternalizer                     : loaded 2 times (x 73B)
Class com.google.wireless.android.sdk.stats.WifiPairingEvent                          : loaded 2 times (x 208B)
Class com.google.gson.FormattingStyle                                                 : loaded 2 times (x 76B)
Class org.jetbrains.kotlin.gradle.plugin.diagnostics.KotlinToolingDiagnosticsCollectorKt$kotlinToolingDiagnosticsCollectorProvider$1$execute$$inlined$variantImplementationFactoryProvider$1: loaded 2 times (x 72B)
Class com.google.wireless.android.sdk.stats.Hypervisor                                : loaded 2 times (x 193B)
Class org.jetbrains.kotlin.daemon.common.DaemonJVMOptions$mappers$2                   : loaded 2 times (x 139B)
Class kotlin.reflect.jvm.internal.impl.load.java.lazy.descriptors.LazyJavaClassDescriptor$LazyJavaClassTypeConstructor$parameters$1: loaded 2 times (x 77B)
Class kotlin.reflect.jvm.internal.impl.load.java.lazy.types.TypeParameterUpperBoundEraser$erroneousErasedBound$2: loaded 2 times (x 77B)
Class org.jetbrains.kotlin.metadata.ProtoBuf$Effect$InvocationKind                    : loaded 2 times (x 80B)
Class com.google.wireless.android.sdk.stats.CommitMetricsEventOrBuilder               : loaded 2 times (x 68B)
Class com.google.wireless.android.sdk.stats.JourneyFinishedEvent                      : loaded 2 times (x 193B)
Class org.gradle.tooling.ToolingModelContract                                         : loaded 2 times (x 68B)
Class org.jetbrains.kotlin.daemon.common.DaemonJVMOptions$mappers$1                   : loaded 2 times (x 139B)
Class com.android.ide.common.repository.AgpVersion$PreviewKind$Companion              : loaded 2 times (x 69B)
Class org.jetbrains.kotlin.idea.gradleTooling.reflect.KotlinCompilerArgumentsResolverReflectionImpl: loaded 2 times (x 73B)
Class com.google.wireless.android.sdk.stats.GradleSyncStats                           : loaded 2 times (x 232B)
Class org.jetbrains.kotlin.gradle.utils.ResourceUtilsKt                               : loaded 2 times (x 69B)
Class org.jetbrains.compose.internal.com.squareup.kotlinpoet.ContextReceivers         : loaded 2 times (x 73B)
Class com.google.wireless.android.sdk.stats.KotlinGradlePerformance                   : loaded 2 times (x 225B)
Class com.google.wireless.android.sdk.stats.InstantRun                                : loaded 2 times (x 205B)
Class com.google.wireless.android.sdk.stats.UpgradeAssistantProcessorEvent            : loaded 2 times (x 215B)
Class com.google.wireless.android.sdk.stats.BuildAttributionStatsOrBuilder            : loaded 2 times (x 68B)
Class org.jetbrains.kotlin.gradle.plugin.statistics.BuildFusService$onFinish$1$1      : loaded 2 times (x 77B)
Class org.gradle.internal.impldep.com.google.common.collect.UnmodifiableListIterator  : loaded 2 times (x 93B)
Class org.jetbrains.kotlin.incremental.storage.CollectionExternalizerV2               : loaded 2 times (x 78B)
Class org.gradle.internal.time.TimeSource                                             : loaded 2 times (x 68B)
Class com.google.wireless.android.sdk.stats.GradleBuildVariant$DexMergerTool$1        : loaded 2 times (x 74B)
Class org.jetbrains.kotlin.buildtools.api.CompilationResult                           : loaded 2 times (x 77B)
Class org.gradle.api.attributes.Attribute                                             : loaded 2 times (x 75B)
Class org.jetbrains.kotlin.incremental.storage.LongExternalizer                       : loaded 2 times (x 73B)
Class com.google.wireless.android.sdk.stats.StudioToolWindowActionStatsOrBuilder      : loaded 2 times (x 68B)
Class com.google.wireless.android.sdk.stats.StartupPerformanceFrameBecameInteractiveEventOrBuilder: loaded 2 times (x 68B)
Class com.google.wireless.android.sdk.stats.SuppressedSyncEventOrBuilder              : loaded 2 times (x 68B)
Class org.jetbrains.compose.resources.ResourceType$Companion                          : loaded 2 times (x 69B)
Class com.google.wireless.android.sdk.stats.GradleBuildVariant$KotlinOptionsOrBuilder : loaded 2 times (x 68B)
Class com.google.wireless.android.sdk.stats.TSdkUAEventOrBuilder                      : loaded 2 times (x 68B)
Class [Lorg.jetbrains.kotlin.gradle.dsl.jvm.JvmTargetValidationMode;                  : loaded 2 times (x 67B)
Class org.objectweb.asm.RecordComponentVisitor                                        : loaded 2 times (x 75B)
Class org.jetbrains.kotlin.statistics.metrics.StringAnonymizationPolicy               : loaded 2 times (x 76B)
Class org.jetbrains.kotlin.buildtools.internal.BaseOptionWithDefault                  : loaded 2 times (x 71B)
Class org.jetbrains.compose.internal.com.squareup.kotlinpoet.ClassNames               : loaded 2 times (x 69B)
Class com.google.wireless.android.sdk.stats.AndroidStudioEventOrBuilder               : loaded 2 times (x 68B)
Class com.google.wireless.android.sdk.stats.VariantAccessOrBuilder                    : loaded 2 times (x 68B)
Class [Lcom.google.wireless.android.sdk.stats.GradleBuildProject$PluginGeneration;    : loaded 2 times (x 67B)
Class org.objectweb.asm.Context                                                       : loaded 2 times (x 70B)
Class org.jetbrains.kotlin.metadata.ProtoBuf$EnumEntry$1                              : loaded 2 times (x 142B)
Class org.jetbrains.kotlin.config.LanguageFeatureBehaviorAfterSinceVersion$CannotBeDisabled: loaded 2 times (x 69B)
Class com.google.common.collect.MapMakerInternalMap$AbstractStrongKeyEntry            : loaded 2 times (x 78B)
Class org.jetbrains.plugins.gradle.tooling.builder.MavenRepositoriesModelBuilder      : loaded 2 times (x 79B)
Class com.intellij.gradle.toolingExtension.impl.modelBuilder.DefaultMessageReportBuilder: loaded 2 times (x 92B)
Class com.google.wireless.android.sdk.stats.GradleBuildSplits                         : loaded 2 times (x 217B)
Class com.google.common.io.ByteStreams$LimitedInputStream                             : loaded 2 times (x 90B)
Class [Lorg.jetbrains.kotlin.buildtools.api.CompilationResult;                        : loaded 2 times (x 67B)
Class org.jetbrains.compose.internal.com.squareup.kotlinpoet.AnnotationSpec$Companion : loaded 2 times (x 69B)
Class com.google.wireless.android.sdk.stats.GradleTransformExecutionOrBuilder         : loaded 2 times (x 68B)
Class org.jetbrains.kotlin.gradle.fus.BuildUidService$Companion                       : loaded 2 times (x 69B)
Class com.google.protobuf.CodedInputStream$UnsafeDirectNioDecoder                     : loaded 2 times (x 118B)
Class org.jetbrains.kotlin.gradle.plugin.diagnostics.checkers.OverriddenKotlinNativeHomeChecker$StdlibExistenceCheckerValueSource$Params: loaded 2 times (x 68B)
Class com.android.builder.model.v2.ide.AndroidGradlePluginProjectFlags$BooleanFlag    : loaded 2 times (x 77B)
Class com.android.builder.model.v2.ide.CodeShrinker                                   : loaded 2 times (x 77B)
Class org.jetbrains.kotlin.compilerRunner.UsesCompilerSystemPropertiesService         : loaded 2 times (x 68B)
Class com.google.wireless.android.sdk.stats.GradleDaemonJvmCriteriaErrorEvent         : loaded 2 times (x 193B)
Class com.google.wireless.android.sdk.stats.UserIdResetEventOrBuilder                 : loaded 2 times (x 68B)
Class com.google.wireless.android.sdk.stats.NavEditorEvent                            : loaded 2 times (x 213B)
Class org.jetbrains.kotlin.incremental.DifferenceCalculator                           : loaded 2 times (x 71B)
Class org.jetbrains.compose.internal.com.squareup.kotlinpoet.LineWrapper$Companion    : loaded 2 times (x 69B)
Class org.jetbrains.kotlin.gradle.tasks.UsesKotlinJavaToolchain                       : loaded 2 times (x 68B)
Class org.jetbrains.kotlin.idea.gradleTooling.builders.KotlinSourceSetBuilder$Companion$runtimeOnlyMetadataDependenciesBuilder$1: loaded 2 times (x 79B)
Class kotlin.ResultKt                                                                 : loaded 2 times (x 69B)
Class org.jetbrains.kotlin.build.report.metrics.BuildAttributes$Companion             : loaded 2 times (x 69B)
Class kotlin.reflect.jvm.internal.impl.serialization.deserialization.descriptors.DeserializedClassDescriptor$DeserializedClassMemberScope$2$1: loaded 2 times (x 77B)
Class org.jetbrains.kotlin.metadata.ProtoBuf$Effect$InvocationKind$1                  : loaded 2 times (x 72B)
Class org.jetbrains.kotlin.incremental.classpathDiff.impl.PrefixBasedSnapshotter      : loaded 2 times (x 70B)
Class com.google.wireless.android.sdk.stats.UiToolsPreferencesEvent                   : loaded 2 times (x 203B)
Class com.android.build.gradle.internal.PropertiesValueSource$Params_Decorated        : loaded 2 times (x 132B)
Class com.google.wireless.android.sdk.stats.GradleBuildVariant$Builder                : loaded 2 times (x 380B)
Class org.gradle.internal.impldep.com.google.gson.JsonIOException                     : loaded 2 times (x 80B)
Class org.gradle.internal.impldep.com.google.common.collect.AbstractMapBasedMultimap$WrappedSet: loaded 2 times (x 140B)
Class org.jetbrains.kotlin.build.report.metrics.BuildTimes                            : loaded 2 times (x 70B)
Class com.google.wireless.android.sdk.stats.ResizeComposePreviewEventOrBuilder        : loaded 2 times (x 68B)
Class org.gradle.tooling.internal.adapter.ProtocolToModelAdapter$DefaultViewBuilder   : loaded 2 times (x 78B)
Class org.apache.commons.io.output.ByteArrayOutputStream                              : loaded 2 times (x 100B)
Class org.jetbrains.kotlin.com.google.common.util.concurrent.ExecutionError           : loaded 2 times (x 80B)
Class com.google.wireless.android.sdk.stats.IdePluginInfo                             : loaded 2 times (x 197B)
Class kotlin.reflect.jvm.internal.KPropertyImpl$_descriptor$1                         : loaded 2 times (x 77B)
Class org.jetbrains.org.objectweb.asm.tree.LocalVariableNode                          : loaded 2 times (x 71B)
Class org.jetbrains.org.objectweb.asm.tree.ClassNode                                  : loaded 2 times (x 89B)
Class com.google.wireless.android.sdk.stats.EditorNotification                        : loaded 2 times (x 193B)
Class com.google.common.cache.LocalCache$HashIterator                                 : loaded 2 times (x 84B)
Class com.google.common.collect.Iterables                                             : loaded 2 times (x 69B)
Class com.google.protobuf.GeneratedMessageV3                                          : loaded 2 times (x 176B)
Class com.google.wireless.android.sdk.stats.StartupPerformanceFirstUiShownEvent       : loaded 2 times (x 195B)
Class org.jetbrains.kotlin.statistics.metrics.StatisticsValuesConsumer$DefaultImpls   : loaded 2 times (x 69B)
Class com.google.wireless.android.sdk.stats.EditingMetricsEvent                       : loaded 2 times (x 201B)
Class com.google.wireless.android.sdk.stats.GradleSyncStatsOrBuilder                  : loaded 2 times (x 68B)
Class org.jetbrains.kotlin.buildtools.api.jvm.JvmSnapshotBasedIncrementalCompilationConfiguration$Companion: loaded 2 times (x 69B)
Class kotlin.reflect.jvm.internal.impl.types.AbstractTypeConstructor$supertypes$3     : loaded 2 times (x 77B)
Class com.google.common.collect.Table                                                 : loaded 2 times (x 68B)
Class com.android.builder.model.v2.ide.AndroidArtifact                                : loaded 2 times (x 68B)
Class org.jetbrains.kotlin.gradle.internal.tasks.TaskWithLocalStateKt                 : loaded 2 times (x 69B)
Class kotlin.reflect.jvm.internal.pcollections.ConsPStack$Itr                         : loaded 2 times (x 80B)
Class kotlin.reflect.jvm.internal.impl.types.AbstractTypeConstructor$supertypes$2     : loaded 2 times (x 76B)
Class com.google.common.cache.LocalCache$WriteThroughEntry                            : loaded 2 times (x 77B)
Class com.google.wireless.android.sdk.stats.VariantPropertiesAccessOrBuilder          : loaded 2 times (x 68B)
Class org.objectweb.asm.ClassTooLargeException                                        : loaded 2 times (x 81B)
Class com.android.ide.gradle.model.builder.AndroidStudioToolingPlugin                 : loaded 2 times (x 73B)
Class org.jetbrains.kotlin.daemon.client.KotlinCompilerClient                         : loaded 2 times (x 69B)
Class org.jetbrains.compose.internal.com.squareup.kotlinpoet.AnnotationSpec$UseSiteTarget: loaded 2 times (x 77B)
Class org.jetbrains.kotlin.gradle.plugin.diagnostics.checkers.OverriddenKotlinNativeHomeChecker$StdlibExistenceCheckerValueSource$Inject: loaded 2 times (x 107B)
Class com.google.wireless.android.sdk.stats.LldbSessionStartDetails                   : loaded 2 times (x 209B)
Class org.jetbrains.kotlin.metadata.ProtoBuf$VersionRequirementOrBuilder              : loaded 2 times (x 68B)
Class com.google.wireless.android.sdk.stats.EssentialsModeEvent                       : loaded 2 times (x 193B)
Class com.google.wireless.android.sdk.stats.KotlinProjectConfiguration                : loaded 2 times (x 213B)
Class com.google.wireless.android.sdk.stats.MemoryUsageReportEventOrBuilder           : loaded 2 times (x 68B)
Class org.jetbrains.kotlin.com.google.common.base.Equivalence$Equals                  : loaded 2 times (x 80B)
Class org.jetbrains.kotlin.com.google.common.cache.RemovalListener                    : loaded 2 times (x 68B)
Class com.google.common.collect.Interners$InternerImpl                                : loaded 2 times (x 73B)
Class com.google.wireless.android.sdk.stats.GradleFailureDetails                      : loaded 2 times (x 197B)
Class com.google.wireless.android.sdk.stats.OomDialogEventOrBuilder                   : loaded 2 times (x 68B)
Class com.android.tools.analytics.UsageTracker$setMaxJournalTime$1                    : loaded 2 times (x 77B)
Class com.google.protobuf.UnsafeUtil$MemoryAccessor                                   : loaded 2 times (x 89B)
Class com.intellij.gradle.toolingExtension.impl.model.dependencyModel.GradleDependencyTraverser$Itr: loaded 2 times (x 81B)
Class org.jetbrains.kotlin.buildtools.internal.CancellableBuildOperationImpl          : loaded 2 times (x 86B)
Class com.google.wireless.android.sdk.stats.WindowsDefenderStatusOrBuilder            : loaded 2 times (x 68B)
Class com.android.prefs.AndroidLocationsProvider                                      : loaded 2 times (x 68B)
Class org.gradle.api.internal.classpath.UnknownModuleException                        : loaded 2 times (x 80B)
Class kotlin.reflect.jvm.internal.impl.types.AbstractTypeConstructor$supertypes$1     : loaded 2 times (x 77B)
Class org.jetbrains.kotlin.cli.common.arguments.Enables                               : loaded 2 times (x 68B)
Class org.jetbrains.kotlin.gradle.logging.CapturingDelegatingKotlinLogger             : loaded 2 times (x 80B)
Class kotlin.coroutines.intrinsics.IntrinsicsKt__IntrinsicsJvmKt                      : loaded 2 times (x 69B)
Class kotlin.concurrent.atomics.AtomicsKt__Atomics_commonKt                           : loaded 2 times (x 69B)
Class org.jetbrains.kotlin.idea.gradleTooling.reflect.KotlinTargetReflectionKt        : loaded 2 times (x 69B)
Class org.jetbrains.kotlin.gradle.internal.name.ClassId$Companion                     : loaded 2 times (x 69B)
Class org.jetbrains.kotlin.com.google.common.util.concurrent.AbstractFuture$TrustedFuture: loaded 2 times (x 95B)
Class org.jetbrains.compose.internal.com.squareup.kotlinpoet.OriginatingElementsHolderKt: loaded 2 times (x 69B)
Class [Lcom.google.gson.stream.JsonToken;                                             : loaded 2 times (x 67B)
Class com.android.tools.analytics.Environment                                         : loaded 2 times (x 71B)
Class org.jetbrains.kotlin.incremental.classpathDiff.impl.InlinedClassSnapshotter     : loaded 2 times (x 73B)
Class kotlin.reflect.jvm.internal.impl.serialization.deserialization.TypeDeserializer$typeAliasDescriptors$1: loaded 2 times (x 77B)
Class org.jetbrains.kotlin.cli.common.arguments.Disables                              : loaded 2 times (x 68B)
Class com.google.wireless.android.sdk.stats.RenderSecurityManagerEvent                : loaded 2 times (x 197B)
Class org.jetbrains.kotlin.idea.gradleTooling.reflect.KotlinCompilationReflectionImpl$Companion: loaded 2 times (x 69B)
Class com.intellij.gradle.toolingExtension.impl.model.dependencyModel.GradleDependencyResolver$1: loaded 2 times (x 75B)
Class com.android.tools.analytics.AnalyticsSettingsKt                                 : loaded 2 times (x 69B)
Class com.google.wireless.android.sdk.stats.PromptLibraryEventOrBuilder               : loaded 2 times (x 68B)
Class com.google.wireless.android.sdk.stats.ComposeDeployEvent                        : loaded 2 times (x 193B)
Class com.google.common.collect.CollectSpliterators$1                                 : loaded 2 times (x 88B)
Class org.jetbrains.kotlin.com.google.common.util.concurrent.internal.InternalFutureFailureAccess: loaded 2 times (x 70B)
Class com.google.protobuf.CodedInputStream                                            : loaded 2 times (x 117B)
Class org.jetbrains.kotlin.idea.gradleTooling.reflect.KotlinLanguageSettingsReflection: loaded 2 times (x 68B)
Class org.jetbrains.kotlin.buildtools.internal.DaemonExecutionPolicyImpl              : loaded 2 times (x 85B)
Class jdk.internal.jimage.ImageReader$SharedImageReader                               : loaded 2 times (x 93B)
Class org.apache.commons.io.output.AbstractByteArrayOutputStream                      : loaded 2 times (x 100B)
Class com.google.wireless.android.sdk.stats.StudioProjectChangeOrBuilder              : loaded 2 times (x 68B)
Class com.android.build.gradle.internal.dependency.AarTransform$Companion             : loaded 2 times (x 69B)
Class com.google.common.hash.AbstractByteHasher                                       : loaded 2 times (x 145B)
Class com.google.wireless.android.sdk.stats.DeviceMirroringAbnormalAgentTermination   : loaded 2 times (x 195B)
Class kotlin.reflect.jvm.internal.impl.load.java.typeEnhancement.SignatureEnhancement$SignatureParts: loaded 2 times (x 70B)
Class com.google.wireless.android.sdk.stats.BuildOutputWindowStats                    : loaded 2 times (x 197B)
Class org.jetbrains.kotlin.incremental.storage.ClassIdExternalizer                    : loaded 2 times (x 73B)
Class com.google.wireless.android.sdk.stats.DirectAccessUsageEvent                    : loaded 2 times (x 223B)
Class com.google.wireless.android.sdk.stats.GradleProjectOptionsSettings$Builder      : loaded 2 times (x 318B)
Class org.jetbrains.kotlin.idea.gradleTooling.reflect.GradleReflectionLogger          : loaded 2 times (x 73B)
Class org.gradle.internal.classloader.DefaultClassLoaderFactory                       : loaded 2 times (x 80B)
Class com.google.common.collect.MapMakerInternalMap$StrongKeyDummyValueEntry$LinkedStrongKeyDummyValueEntry: loaded 2 times (x 80B)
Class com.google.wireless.android.sdk.stats.ApkAnalyzerStatsOrBuilder                 : loaded 2 times (x 68B)
Class com.android.tools.analytics.UsageTrackerWriter                                  : loaded 2 times (x 79B)
Class org.jetbrains.compose.desktop.application.internal.JvmApplicationRuntimeFiles   : loaded 2 times (x 70B)
Class com.android.build.gradle.internal.services.ConfigPhaseFileCreator               : loaded 2 times (x 68B)
Class [Lcom.google.protobuf.Internal$EnumLite;                                        : loaded 2 times (x 67B)
Class org.jetbrains.plugins.gradle.tooling.builder.ProjectExtensionsDataBuilderImpl   : loaded 2 times (x 76B)
Class kotlin.concurrent.atomics.AtomicsKt__Atomics_jvmKt                              : loaded 2 times (x 69B)
Class org.gradle.tooling.model.idea.IdeaCompilerOutput                                : loaded 2 times (x 68B)
Class kotlin.reflect.jvm.internal.impl.builtins.ReflectionTypes$kotlinReflectScope$2  : loaded 2 times (x 77B)
Class org.jetbrains.kotlin.gradle.tasks.DefaultKotlinJavaToolchain$DefaultJdkSetter   : loaded 2 times (x 74B)
Class org.jetbrains.kotlin.compilerRunner.GradleCompilerRunner$Companion              : loaded 2 times (x 69B)
Class com.google.protobuf.NioByteString                                               : loaded 2 times (x 102B)
Class org.jetbrains.kotlin.gradle.dsl.KotlinVersion$Companion                         : loaded 2 times (x 69B)
Class org.jetbrains.kotlin.daemon.common.StringPropMapper$3                           : loaded 2 times (x 127B)
Class com.google.common.io.Closer                                                     : loaded 2 times (x 76B)
Class org.jetbrains.kotlin.gradle.internal.tasks.TaskWithLocalState                   : loaded 2 times (x 68B)
Class org.jetbrains.kotlin.compilerRunner.CompilerSystemPropertiesService$Parameters_Decorated: loaded 2 times (x 132B)
Class com.google.wireless.android.sdk.stats.SystemHealthEventOrBuilder                : loaded 2 times (x 68B)
Class org.objectweb.asm.Edge                                                          : loaded 2 times (x 70B)
Class org.jetbrains.kotlin.idea.gradleTooling.AndroidAwareGradleModelProvider$Result  : loaded 2 times (x 70B)
Class com.android.tools.analytics.AnalyticsSettingsData$Companion                     : loaded 2 times (x 69B)
Class com.google.wireless.android.sdk.stats.K2ModeEvent                               : loaded 2 times (x 193B)
Class kotlin.reflect.jvm.internal.impl.load.java.lazy.LazyJavaTypeParameterResolver$resolve$1: loaded 2 times (x 77B)
Class com.google.wireless.android.sdk.stats.PSDEventOrBuilder                         : loaded 2 times (x 68B)
Class com.google.wireless.android.sdk.stats.GradleJdkInvalidEventOrBuilder            : loaded 2 times (x 68B)
Class com.google.protobuf.Internal$ProtobufList                                       : loaded 2 times (x 68B)
Class org.gradle.internal.impldep.com.google.gson.internal.bind.DateTypeAdapter$1     : loaded 2 times (x 73B)
Class org.jetbrains.kotlin.buildtools.internal.CompilationServiceImplKt               : loaded 2 times (x 69B)
Class org.jetbrains.kotlin.idea.gradleTooling.KotlinGradlePluginVersionImpl           : loaded 2 times (x 76B)
Class com.google.wireless.android.sdk.stats.MachineDetails                            : loaded 2 times (x 203B)
Class org.jetbrains.org.objectweb.asm.tree.InsnList                                   : loaded 2 times (x 101B)
Class org.jetbrains.kotlin.metadata.deserialization.MetadataVersion                   : loaded 2 times (x 71B)
Class org.jetbrains.kotlin.name.FqName$Companion                                      : loaded 2 times (x 69B)
Class org.jetbrains.kotlin.incremental.ClasspathChanges$ClasspathSnapshotEnabled$IncrementalRun: loaded 2 times (x 70B)
Class com.android.ide.common.gradle.Version$Companion$ParseState                      : loaded 2 times (x 68B)
Class com.google.wireless.android.sdk.stats.GradleTaskExecutionOrBuilder              : loaded 2 times (x 68B)
Class com.google.common.collect.HashMultimapGwtSerializationDependencies              : loaded 2 times (x 172B)
Class [Lorg.jetbrains.kotlin.com.google.common.cache.LocalCache$EntryFactory;         : loaded 2 times (x 67B)
Class org.jetbrains.plugins.gradle.tooling.builder.DependencyAccessorsModelBuilder    : loaded 2 times (x 79B)
Class [Lorg.gradle.internal.impldep.com.google.gson.FieldNamingStrategy;              : loaded 2 times (x 67B)
Class [Lorg.jetbrains.kotlin.statistics.metrics.BooleanMetrics;                       : loaded 2 times (x 67B)
Class org.gradle.internal.impldep.com.google.gson.internal.bind.TypeAdapters$1        : loaded 2 times (x 73B)
Class org.jetbrains.kotlin.daemon.common.OSKind$Companion                             : loaded 2 times (x 69B)
Class org.gradle.internal.impldep.com.google.gson.ToNumberPolicy                      : loaded 2 times (x 81B)
Class org.jetbrains.kotlin.com.intellij.util.io.IOUtil                                : loaded 2 times (x 69B)
Class org.jetbrains.compose.internal.com.squareup.kotlinpoet.TaggableKt               : loaded 2 times (x 69B)
Class com.android.build.gradle.internal.services.ConfigPhaseFileCreator$Params        : loaded 2 times (x 68B)
Class org.jetbrains.kotlin.idea.gradleTooling.IdeaKotlinExtras$Companion              : loaded 2 times (x 69B)
Class org.gradle.internal.impldep.com.google.gson.internal.bind.TypeAdapters$2        : loaded 2 times (x 73B)
Class org.gradle.internal.impldep.com.google.gson.JsonArray                           : loaded 2 times (x 98B)
Class org.jetbrains.compose.internal.com.squareup.kotlinpoet.ClassName                : loaded 2 times (x 87B)
Class org.gradle.internal.impldep.com.google.gson.internal.bind.TypeAdapters$3        : loaded 2 times (x 73B)
Class org.jetbrains.plugins.gradle.tooling.MessageReportBuilder                       : loaded 2 times (x 68B)
Class com.android.builder.model.v2.models.BasicAndroidProject                         : loaded 2 times (x 68B)
Class org.jetbrains.kotlin.metadata.ProtoBuf$EffectOrBuilder                          : loaded 2 times (x 68B)
Class org.jetbrains.kotlin.metadata.ProtoBuf$ReturnValueStatus$1                      : loaded 2 times (x 72B)
Class com.google.wireless.android.sdk.stats.PreviewRefreshEventOrBuilder              : loaded 2 times (x 68B)
Class kotlin.reflect.jvm.internal.impl.load.java.lazy.descriptors.LazyJavaClassMemberScope$enumEntryIndex$1: loaded 2 times (x 77B)
Class org.gradle.internal.impldep.com.google.gson.internal.bind.TypeAdapters$4        : loaded 2 times (x 73B)
Class org.gradle.internal.impldep.com.google.gson.internal.bind.ReflectiveTypeAdapterFactory$BoundField: loaded 2 times (x 73B)
Class com.google.wireless.android.sdk.stats.CreateDiagnosticReportActionOrBuilder     : loaded 2 times (x 68B)
Class org.jetbrains.kotlin.compilerRunner.btapi.BuildToolsApiCompilationWork          : loaded 2 times (x 76B)
Class com.android.builder.model.v2.ide.AaptOptions$Namespacing                        : loaded 2 times (x 77B)
Class com.google.common.io.ByteArrayDataInput                                         : loaded 2 times (x 68B)
Class org.gradle.internal.impldep.com.google.gson.internal.bind.TypeAdapters$5        : loaded 2 times (x 73B)
Class com.intellij.gradle.toolingExtension.impl.model.sourceSetModel.GradleSourceSetModelBuilder: loaded 2 times (x 84B)
Class org.gradle.internal.impldep.com.google.gson.internal.bind.CollectionTypeAdapterFactory: loaded 2 times (x 73B)
Class com.android.buildanalyzer.common.AndroidGradlePluginAttributionData             : loaded 2 times (x 70B)
Class kotlin.coroutines.Continuation                                                  : loaded 2 times (x 68B)
Class org.gradle.internal.impldep.com.google.gson.internal.bind.TypeAdapters$6        : loaded 2 times (x 73B)
Class com.google.wireless.android.sdk.stats.LiveLiteralsEvent                         : loaded 2 times (x 201B)
Class com.android.tools.analytics.UsageTracker                                        : loaded 2 times (x 69B)
Class com.android.build.gradle.internal.profile.AnalyticsResourceManagerKt            : loaded 2 times (x 69B)
Class com.google.errorprone.annotations.DoNotMock                                     : loaded 2 times (x 68B)
Class org.jetbrains.compose.internal.com.squareup.kotlinpoet.Documentable             : loaded 2 times (x 68B)
Class [Lorg.objectweb.asm.SymbolTable$Entry;                                          : loaded 2 times (x 67B)
Class org.jetbrains.kotlin.gradle.plugin.HasProject                                   : loaded 2 times (x 68B)
Class org.gradle.internal.impldep.com.google.gson.internal.bind.TypeAdapters$7        : loaded 2 times (x 73B)
Class com.intellij.gradle.toolingExtension.impl.model.taskModel.DefaultGradleTaskModel: loaded 2 times (x 73B)
Class org.jetbrains.kotlin.incremental.classpathDiff.InaccessibleClassSnapshotExternalizer: loaded 2 times (x 73B)
Class org.jetbrains.plugins.gradle.model.ModelFactory                                 : loaded 2 times (x 69B)
Class org.jetbrains.compose.resources.GeneratedResClassSpecKt$WhenMappings            : loaded 2 times (x 69B)
Class com.android.ide.gradle.model.impl.GradlePluginModelImpl                         : loaded 2 times (x 75B)
Class org.gradle.internal.impldep.com.google.gson.internal.bind.TypeAdapters$8        : loaded 2 times (x 73B)
Class org.jetbrains.kotlin.gradle.dsl.ExplicitApiMode                                 : loaded 2 times (x 77B)
Class org.jetbrains.kotlin.daemon.client.DaemonReportingTargets                       : loaded 2 times (x 70B)
Class [Lorg.jetbrains.kotlin.build.report.statistics.StatTag;                         : loaded 2 times (x 67B)
Class org.jetbrains.kotlin.buildtools.api.ExecutionPolicy                             : loaded 2 times (x 68B)
Class org.jetbrains.kotlin.com.google.common.cache.LocalCache$EntryFactory$1          : loaded 2 times (x 81B)
Class org.jetbrains.compose.internal.com.squareup.kotlinpoet.CodeWriter$Companion$generateImports$$inlined$sortedBy$1: loaded 2 times (x 87B)
Class org.jetbrains.plugins.gradle.model.AbstractExternalDependency$1                 : loaded 2 times (x 77B)
Class org.gradle.internal.impldep.com.google.gson.internal.bind.TypeAdapters$9        : loaded 2 times (x 73B)
Class com.google.common.util.concurrent.AbstractFuture$SynchronizedHelper             : loaded 2 times (x 76B)
Class com.google.common.collect.ArrayListMultimap                                     : loaded 2 times (x 170B)
Class [Lorg.jetbrains.kotlin.buildtools.api.arguments.enums.ExplicitApiMode;          : loaded 2 times (x 67B)
Class org.jetbrains.kotlin.com.google.common.cache.LocalCache$EntryFactory$2          : loaded 2 times (x 81B)
Class com.google.protobuf.Internal$ListAdapter$Converter                              : loaded 2 times (x 68B)
Class org.jetbrains.plugins.gradle.model.AbstractExternalDependency$2                 : loaded 2 times (x 74B)
Class org.jetbrains.compose.resources.ComposeResourcesGenerationKt                    : loaded 2 times (x 69B)
Class org.jetbrains.kotlin.com.google.common.cache.LocalCache$LoadingValueReference   : loaded 2 times (x 94B)
Class org.jetbrains.kotlin.gradle.report.TaskExecutionResultKt                        : loaded 2 times (x 69B)
Class com.android.builder.profile.AnalyticsProfileWriter                              : loaded 2 times (x 70B)
Class org.jetbrains.kotlin.buildtools.api.jvm.operations.JvmCompilationOperation$Companion: loaded 2 times (x 69B)
Class org.jetbrains.kotlin.com.google.common.cache.LocalCache$EntryFactory$3          : loaded 2 times (x 81B)
Class com.google.wireless.android.sdk.stats.BrowserSurveyEvent                        : loaded 2 times (x 198B)
Class com.android.builder.profile.Recorder                                            : loaded 2 times (x 68B)
Class org.jetbrains.kotlin.incremental.classpathDiff.ClassSnapshotExternalizer        : loaded 2 times (x 74B)
Class org.apache.commons.io.file.PathFilter                                           : loaded 2 times (x 68B)
Class org.jetbrains.kotlin.com.google.common.cache.LocalCache$EntryFactory$4          : loaded 2 times (x 81B)
Class org.jetbrains.kotlin.gradle.tasks.DefaultKotlinJavaToolchain_Decorated          : loaded 2 times (x 124B)
Class com.intellij.gradle.toolingExtension.impl.model.sourceSetModel.GradleSourceSetSerialisationService$Companion$writeSourceDirectorySets$1: loaded 2 times (x 73B)
Class org.jetbrains.kotlin.gradle.internal.name.Name                                  : loaded 2 times (x 73B)
Class com.google.common.base.Suppliers$MemoizingSupplier                              : loaded 2 times (x 77B)
Class org.jetbrains.kotlin.buildtools.api.internal.KotlinCompilerVersion$Maturity     : loaded 2 times (x 77B)
Class org.jetbrains.kotlin.com.google.common.cache.LocalCache$EntryFactory$5          : loaded 2 times (x 81B)
Class kotlin.reflect.jvm.internal.impl.load.java.lazy.JavaModuleAnnotationsProvider   : loaded 2 times (x 68B)
Class org.gradle.internal.impldep.com.google.gson.internal.bind.TypeAdapters$34       : loaded 2 times (x 74B)
Class org.jetbrains.kotlin.compilerRunner.CompilerSystemPropertiesService$properties$2: loaded 2 times (x 77B)
Class org.jetbrains.kotlin.com.google.common.cache.LocalCache$EntryFactory$6          : loaded 2 times (x 81B)
Class com.android.tools.build.gradle.internal.profile.GradleTaskExecutionType$1       : loaded 2 times (x 74B)
Class com.google.wireless.android.sdk.stats.SystemHealthEvent                         : loaded 2 times (x 208B)
Class com.google.wireless.android.sdk.stats.DeviceMirroringSessionOrBuilder           : loaded 2 times (x 68B)
Class org.jetbrains.compose.internal.com.squareup.kotlinpoet.TypeNames                : loaded 2 times (x 69B)
Class com.android.build.gradle.internal.profile.AnalyticsService$Params_Decorated     : loaded 2 times (x 153B)
Class org.gradle.internal.impldep.com.google.gson.JsonElement                         : loaded 2 times (x 90B)
Class org.jetbrains.kotlin.daemon.common.CompilerId$Companion                         : loaded 2 times (x 69B)
Class org.jetbrains.kotlin.buildtools.internal.arguments.CompilerPluginsRelatedKt     : loaded 2 times (x 69B)
Class org.jetbrains.compose.resources.AssembleTargetResourcesTask_Decorated           : loaded 2 times (x 366B)
Class kotlin.reflect.jvm.internal.KDeclarationContainerImpl$Data$moduleData$2         : loaded 2 times (x 77B)
Class org.gradle.internal.impldep.com.google.gson.internal.bind.TypeAdapters$33       : loaded 2 times (x 74B)
Class org.jetbrains.kotlin.buildtools.internal.KotlinToolchainsImpl$BuildSessionImpl  : loaded 2 times (x 80B)
Class org.jetbrains.kotlin.com.google.common.cache.LocalCache$EntryFactory$7          : loaded 2 times (x 81B)
Class org.jetbrains.kotlin.idea.gradleTooling.builders.KotlinModelComponentBuilder    : loaded 2 times (x 68B)
Class org.jetbrains.kotlin.daemon.common.CompilationOptions$Companion                 : loaded 2 times (x 69B)
Class org.gradle.internal.service.UnknownServiceException                             : loaded 2 times (x 81B)
Class org.jetbrains.kotlin.com.google.common.cache.LocalCache$EntryFactory$8          : loaded 2 times (x 81B)
Class com.google.wireless.android.sdk.stats.StudioCrash                               : loaded 2 times (x 207B)
Class kotlin.reflect.jvm.internal.impl.load.java.lazy.descriptors.LazyJavaPackageFragment$binaryClasses$2: loaded 2 times (x 77B)
Class org.jetbrains.plugins.gradle.tooling.ModelBuilderService                        : loaded 2 times (x 68B)
Class kotlin.reflect.jvm.internal.impl.serialization.deserialization.descriptors.DeserializedClassDescriptor$constructors$1: loaded 2 times (x 77B)
Class com.android.builder.model.v2.ide.AndroidLibraryData                             : loaded 2 times (x 68B)
Class org.gradle.internal.impldep.org.apache.commons.lang.StringUtils                 : loaded 2 times (x 69B)
Class org.gradle.internal.impldep.com.google.gson.internal.bind.TypeAdapters$32       : loaded 2 times (x 74B)
Class com.intellij.gradle.toolingExtension.impl.model.buildScriptClasspathModel.GradleBuildScriptClasspathCache: loaded 2 times (x 73B)
Class org.jetbrains.kotlin.gradle.plugin.diagnostics.ProblemsReporter                 : loaded 2 times (x 68B)
Class org.jetbrains.kotlin.gradle.report.UsesBuildMetricsService                      : loaded 2 times (x 68B)
Class org.jetbrains.compose.internal.com.squareup.kotlinpoet.Dynamic                  : loaded 2 times (x 84B)
Class com.google.wireless.android.sdk.stats.ComposePreviewLiteModeEvent               : loaded 2 times (x 195B)
Class org.jetbrains.plugins.gradle.model.DefaultFileCollectionDependency              : loaded 2 times (x 108B)
Class org.gradle.internal.impldep.com.google.gson.internal.sql.SqlTimeTypeAdapter$1   : loaded 2 times (x 73B)
Class org.jetbrains.kotlin.buildtools.api.jvm.operations.JvmClasspathSnapshottingOperation$Companion: loaded 2 times (x 69B)
Class kotlin.reflect.jvm.internal.impl.serialization.deserialization.descriptors.DeserializedClassDescriptor$DeserializedClassMemberScope$refinedSupertypes$1: loaded 2 times (x 77B)
Class org.jetbrains.kotlin.idea.gradleTooling.KotlinCompilationImpl                   : loaded 2 times (x 95B)
Class org.gradle.internal.impldep.com.google.gson.internal.bind.ReflectiveTypeAdapterFactory$1: loaded 2 times (x 77B)
Class [Lorg.jetbrains.kotlin.daemon.common.ReportCategory;                            : loaded 2 times (x 67B)
Class org.jetbrains.plugins.gradle.tooling.builder.VersionCatalogsModelBuilder        : loaded 2 times (x 84B)
Class com.google.wireless.android.sdk.stats.UIActionStats                             : loaded 2 times (x 206B)
Class com.google.wireless.android.sdk.stats.JniInspectionEvent                        : loaded 2 times (x 199B)
Class [Lcom.google.common.collect.Iterators$EmptyModifiableIterator;                  : loaded 2 times (x 67B)
Class com.google.protobuf.Descriptors$EnumDescriptor                                  : loaded 2 times (x 77B)
Class com.google.protobuf.MapFieldReflectionAccessor                                  : loaded 2 times (x 72B)
Class org.gradle.internal.impldep.com.google.gson.internal.bind.TypeAdapters$31       : loaded 2 times (x 74B)
Class org.gradle.internal.service.DefaultServiceLocator                               : loaded 2 times (x 81B)
Class org.jetbrains.kotlin.buildtools.api.SourcesChanges                              : loaded 2 times (x 68B)
Class kotlin.reflect.jvm.internal.KClassImpl$Data$supertypes$2                        : loaded 2 times (x 77B)
Class org.jetbrains.kotlin.gradle.internal.name.FqName$Companion                      : loaded 2 times (x 69B)
Class org.objectweb.asm.ClassVisitor                                                  : loaded 2 times (x 86B)
Class org.jetbrains.kotlin.gradle.plugin.diagnostics.checkers.KmpPartiallyResolvedDependenciesCheckerProjectsEvaluated: loaded 2 times (x 313B)
Class org.jetbrains.plugins.gradle.tooling.internal.VersionCatalogsModelImpl          : loaded 2 times (x 74B)
Class org.jetbrains.org.objectweb.asm.Frame                                           : loaded 2 times (x 71B)
Class [Lorg.jetbrains.kotlin.metadata.ProtoBuf$VersionRequirement$VersionKind;        : loaded 2 times (x 67B)
Class com.google.common.collect.MapMakerInternalMap$StrongKeyDummyValueEntry          : loaded 2 times (x 80B)
Class com.google.wireless.android.sdk.stats.GradleSyncIssue                           : loaded 2 times (x 197B)
Class kotlin.reflect.jvm.internal.impl.load.java.lazy.types.TypeParameterUpperBoundEraser: loaded 2 times (x 70B)
Class org.gradle.internal.service.ServiceLookupException                              : loaded 2 times (x 80B)
Class kotlin.reflect.jvm.internal.impl.renderer.DescriptorRendererImpl$functionTypeAnnotationsRenderer$2: loaded 2 times (x 77B)
Class org.jetbrains.compose.resources.XmlValuesConverterTask                          : loaded 2 times (x 317B)
Class kotlin.reflect.jvm.internal.impl.builtins.jvm.JvmBuiltIns$customizer$2          : loaded 2 times (x 77B)
Class com.google.common.collect.MapMakerInternalMap$StrongKeyDummyValueSegment        : loaded 2 times (x 140B)
Class org.jetbrains.kotlin.buildtools.api.jvm.operations.JvmClasspathSnapshottingOperation: loaded 2 times (x 68B)
Class org.jetbrains.kotlin.gradle.plugin.KotlinCompilerArgumentsProducer$ArgumentType : loaded 2 times (x 77B)
Class com.android.builder.model.v2.ide.TestInfo                                       : loaded 2 times (x 68B)
Class com.android.build.gradle.internal.attribution.BuildAnalyzerService$Inject       : loaded 2 times (x 102B)
Class org.jetbrains.kotlin.build.report.metrics.BuildPerformanceMetrics$Companion     : loaded 2 times (x 69B)
Class com.intellij.gradle.toolingExtension.impl.model.dependencyGraphModel.GradleDependencyReportGenerator$IdGenerator: loaded 2 times (x 71B)
Class org.jetbrains.kotlin.gradle.internal.ClassLoadersCachingBuildService$Companion  : loaded 2 times (x 69B)
Class org.jetbrains.kotlin.incremental.classpathDiff.KotlinClassSnapshot              : loaded 2 times (x 72B)
Class com.google.wireless.android.sdk.stats.TestRecorderDetailsOrBuilder              : loaded 2 times (x 68B)
Class org.jetbrains.compose.internal.com.squareup.kotlinpoet.PropertySpec$Builder     : loaded 2 times (x 102B)
Class org.jetbrains.kotlin.idea.gradleTooling.KotlinGradleModelBuilder                : loaded 2 times (x 84B)
Class org.jetbrains.kotlin.compilerRunner.CompilerSystemPropertiesService$startIntercept$1: loaded 2 times (x 77B)
Class org.jetbrains.kotlin.compilerRunner.btapi.SharedApiClassesClassLoaderProvider   : loaded 2 times (x 72B)
Class kotlin.reflect.jvm.internal.impl.load.java.lazy.descriptors.LazyJavaClassMemberScope$nestedClassIndex$1: loaded 2 times (x 77B)
Class org.gradle.internal.impldep.com.google.gson.internal.bind.SerializationDelegatingTypeAdapter: loaded 2 times (x 72B)
Class org.jetbrains.kotlin.compilerRunner.CompilerSystemPropertiesService$startIntercept$2: loaded 2 times (x 77B)
Class org.jetbrains.kotlin.gradle.plugin.diagnostics.ToolingDiagnostic                : loaded 2 times (x 70B)
Class org.jetbrains.kotlin.incremental.classpathDiff.RegularKotlinClassSnapshotExternalizer: loaded 2 times (x 73B)
Class org.jetbrains.kotlin.incremental.storage.MapExternalizer                        : loaded 2 times (x 78B)
Class org.jetbrains.kotlin.compilerRunner.CompilerSystemPropertiesService$startIntercept$3: loaded 2 times (x 77B)
Class org.jetbrains.kotlin.gradle.internal.ClassLoaderCacheKey                        : loaded 2 times (x 70B)
Class com.google.wireless.android.sdk.stats.AndroidProfilerDbStats                    : loaded 2 times (x 201B)
Class com.google.wireless.android.sdk.stats.EditingMetricsEventOrBuilder              : loaded 2 times (x 68B)
Class org.jetbrains.kotlin.gradle.tasks.TaskOutputsBackup                             : loaded 2 times (x 70B)
Class com.android.builder.profile.NameAnonymizer$ProjectCacheLoader                   : loaded 2 times (x 74B)
Class jdk.internal.jimage.ImageStringsReader                                          : loaded 2 times (x 78B)
Class [Lorg.jetbrains.kotlin.idea.gradleTooling.GradleImportProperties;               : loaded 2 times (x 67B)
Class kotlin.reflect.jvm.internal.impl.descriptors.runtime.structure.ReflectJavaModifierListOwner$DefaultImpls: loaded 2 times (x 69B)
Class com.google.wireless.android.sdk.stats.HeapReportEvent                           : loaded 2 times (x 197B)
Class org.jetbrains.kotlin.compilerRunner.btapi.BuildToolsApiCompilationWork$Inject   : loaded 2 times (x 96B)
Class com.google.protobuf.ByteString                                                  : loaded 2 times (x 99B)
Class com.intellij.gradle.toolingExtension.impl.model.dependencyDownloadPolicyModel.GradleDependencyDownloadPolicyCache: loaded 2 times (x 73B)
Class com.intellij.compose.ide.plugin.gradleTooling.rt.ComposeResourcesModelBuilder   : loaded 2 times (x 76B)
Class kotlin.reflect.jvm.internal.KCallableImpl$_parameters$1                         : loaded 2 times (x 77B)
Class org.jetbrains.kotlin.incremental.classpathDiff.JavaClassSnapshot                : loaded 2 times (x 73B)
Class org.gradle.tooling.internal.adapter.CollectionMapper                            : loaded 2 times (x 71B)
Class com.android.builder.utils.SynchronizedFile$LockingScope                         : loaded 2 times (x 77B)
Class com.android.utils.DateProvider$1                                                : loaded 2 times (x 73B)
Class kotlin.concurrent.ThreadsKt$thread$thread$1                                     : loaded 2 times (x 86B)
Class org.jetbrains.kotlin.idea.gradleTooling.KotlinPlatformContainerImpl             : loaded 2 times (x 86B)
Class org.jetbrains.kotlin.idea.gradleTooling.builders.KotlinSourceSetBuilder$Companion$implementationMetadataDependenciesBuilder$1: loaded 2 times (x 79B)
Class com.android.build.gradle.internal.dependency.ExtractAarTransform                : loaded 2 times (x 76B)
Class com.google.wireless.android.sdk.stats.VfsRefreshOrBuilder                       : loaded 2 times (x 68B)
Class org.jetbrains.compose.internal.com.squareup.kotlinpoet.LineWrapper              : loaded 2 times (x 73B)
Class org.jetbrains.kotlin.idea.gradleTooling.model.lombok.LombokModel                : loaded 2 times (x 68B)
Class org.gradle.internal.impldep.com.google.gson.internal.sql.SqlTimestampTypeAdapter$1: loaded 2 times (x 73B)
Class kotlin.reflect.jvm.internal.impl.load.java.lazy.descriptors.LazyJavaScope$propertyNamesLazy$2: loaded 2 times (x 77B)
Class com.google.wireless.android.sdk.stats.AutoSyncSettingChangeEvent                : loaded 2 times (x 195B)
Class com.google.wireless.android.sdk.stats.StopEvent                                 : loaded 2 times (x 205B)
Class org.jetbrains.kotlin.com.google.common.util.concurrent.AbstractFuture$SetFuture : loaded 2 times (x 73B)
Class jdk.internal.jimage.decompressor.ResourceDecompressorFactory                    : loaded 2 times (x 72B)
Class org.jetbrains.kotlin.buildtools.internal.jvm.operations.JvmCompilationOperationImpl$WhenMappings: loaded 2 times (x 69B)
Class com.intellij.gradle.toolingExtension.impl.model.utilDummyModel.DefaultDummyModel: loaded 2 times (x 71B)
Class com.google.common.hash.AbstractHashFunction                                     : loaded 2 times (x 93B)
Class org.jetbrains.kotlin.gradle.logging.CompositeKotlinLogger                       : loaded 2 times (x 80B)
Class org.jetbrains.kotlin.incremental.PackagePartProtoData                           : loaded 2 times (x 70B)
Class [Lorg.jetbrains.kotlin.statistics.metrics.NumberOverridePolicy;                 : loaded 2 times (x 67B)
Class com.android.builder.model.v2.models.ProjectSyncIssues                           : loaded 2 times (x 68B)
Class org.jetbrains.kotlin.incremental.classpathDiff.KotlinClassSnapshotExternalizer  : loaded 2 times (x 74B)
Class org.jetbrains.kotlin.incremental.classpathDiff.DirectoryOrJarReader             : loaded 2 times (x 68B)
Class com.google.common.base.Present                                                  : loaded 2 times (x 79B)
Class com.google.wireless.android.sdk.stats.StudioPatchUpdaterEvent                   : loaded 2 times (x 203B)
Class kotlin.reflect.jvm.internal.impl.builtins.jvm.JvmBuiltInsCustomizer$getFunctions$2: loaded 2 times (x 77B)
Class [Lcom.android.buildanalyzer.common.TaskCategory;                                : loaded 2 times (x 67B)
Class org.jetbrains.kotlin.compilerRunner.btapi.BuildToolsApiCompilationWork$compileInDaemon$fallback$1: loaded 2 times (x 77B)
Class org.jetbrains.compose.resources.GeneratedResClassSpecKt$sortResources$lambda$26$lambda$25$$inlined$sortedBy$1: loaded 2 times (x 87B)
Class com.android.ide.gradle.model.builder.LegacyAndroidGradlePluginPropertiesModelBuilder$PluginType: loaded 2 times (x 77B)
Class com.google.wireless.android.sdk.stats.EditorCompletionStatsOrBuilder            : loaded 2 times (x 68B)
Class org.jetbrains.kotlin.idea.gradleTooling.PrepareKotlinIdeaImportTaskModelBuilder$Companion: loaded 2 times (x 69B)
Class com.google.common.io.ByteStreams$1                                              : loaded 2 times (x 83B)
Class kotlin.jvm.internal.KotlinGenericDeclaration                                    : loaded 2 times (x 68B)
Class org.jetbrains.kotlin.gradle.plugin.statistics.BuildFusService$Parameters        : loaded 2 times (x 68B)
Class kotlin.reflect.jvm.internal.impl.builtins.functions.FunctionClassKind           : loaded 2 times (x 78B)
Class kotlin.reflect.jvm.internal.pcollections.IntTree                                : loaded 2 times (x 70B)
Class org.jetbrains.kotlin.gradle.plugin.UsesVariantImplementationFactories           : loaded 2 times (x 68B)
Class org.jetbrains.kotlin.gradle.plugin.diagnostics.ProblemsReporter$Factory         : loaded 2 times (x 68B)
Class org.gradle.tooling.model.ProjectIdentifier                                      : loaded 2 times (x 68B)
Class org.jetbrains.kotlin.buildtools.internal.KotlinLoggerMessageCollectorAdapter    : loaded 2 times (x 75B)
Class com.intellij.openapi.externalSystem.model.project.dependencies.ArtifactDependencyNodeImpl: loaded 2 times (x 93B)
Class org.jetbrains.kotlin.gradle.internal.ClassLoadersCachingBuildService            : loaded 2 times (x 74B)
Class org.jetbrains.kotlin.daemon.client.KotlinCompilerClient$connectAndLease$1$result$1: loaded 2 times (x 77B)
Class [Lorg.jetbrains.kotlin.build.report.metrics.BuildPerformanceMetric;             : loaded 2 times (x 67B)
Class org.jetbrains.kotlin.gradle.tasks.GradleCompileTaskProvider_Decorated           : loaded 2 times (x 119B)
Class org.gradle.internal.time.DefaultCountdownTimer                                  : loaded 2 times (x 86B)
Class [Lorg.gradle.api.internal.ClassPathProvider;                                    : loaded 2 times (x 67B)
Class gnu.trove.Equality                                                              : loaded 2 times (x 68B)
Class com.google.common.util.concurrent.AbstractFuture$SafeAtomicHelper               : loaded 2 times (x 77B)
Class jdk.internal.jimage.ImageReader$SharedImageReader$LocationVisitor               : loaded 2 times (x 68B)
Class org.apache.commons.io.filefilter.IOFileFilter                                   : loaded 2 times (x 68B)
Class com.android.ide.common.repository.AgpVersion$Companion                          : loaded 2 times (x 69B)
Class org.jetbrains.kotlin.statistics.BuildSessionLogger$Companion                    : loaded 2 times (x 69B)
Class com.google.common.collect.ImmutableMultimap$Values                              : loaded 2 times (x 124B)
Class org.gradle.internal.operations.MultipleBuildOperationFailures                   : loaded 2 times (x 93B)
Class com.google.gson.TypeAdapter$1                                                   : loaded 2 times (x 72B)
Class com.google.wireless.android.sdk.stats.DaemonCodeAnalyzerFinishedEvent           : loaded 2 times (x 209B)
Class org.jetbrains.kotlin.incremental.classpathDiff.DirectoryOrJarReader$Companion   : loaded 2 times (x 69B)
Class org.jetbrains.kotlin.com.google.common.cache.CacheLoader$FunctionToCacheLoader  : loaded 2 times (x 73B)
Class org.jetbrains.kotlin.gradle.internal.transforms.ClasspathEntrySnapshotTransform : loaded 2 times (x 80B)
Class org.jetbrains.kotlin.incremental.storage.NullableValueExternalizer              : loaded 2 times (x 74B)
Class kotlin.reflect.jvm.internal.impl.serialization.deserialization.AbstractDeserializedPackageFragmentProvider$fragments$1: loaded 2 times (x 77B)
Class org.jetbrains.kotlin.buildtools.internal.arguments.JvmCompilerArgumentsImpl$JvmCompilerArgument: loaded 2 times (x 70B)
Class org.gradle.internal.impldep.com.google.gson.TypeAdapter                         : loaded 2 times (x 71B)
Class com.google.wireless.android.sdk.stats.AdbAssistantStatsOrBuilder                : loaded 2 times (x 68B)
Class [Lorg.jetbrains.kotlin.gradle.dsl.KotlinVersion;                                : loaded 2 times (x 67B)
Class com.android.ide.gradle.model.dependencies.DeclaredDependenciesModelBuilderKt    : loaded 2 times (x 69B)
Class com.google.common.collect.ImmutableMultimap                                     : loaded 2 times (x 145B)
Class org.gradle.kotlin.dsl.DebugImplementationConfigurationAccessorsKt               : loaded 2 times (x 69B)
Class org.jetbrains.kotlin.gradle.dsl.KotlinCommonCompilerOptionsExtensionsKt         : loaded 2 times (x 69B)
Class org.jetbrains.kotlin.gradle.plugin.statistics.KotlinBuildStatsLoggerService$initSessionLogger$1: loaded 2 times (x 77B)
Class org.jetbrains.kotlin.buildtools.api.ExecutionPolicy$InProcess                   : loaded 2 times (x 68B)
Class org.jetbrains.kotlin.buildtools.internal.KotlinToolchainsImpl                   : loaded 2 times (x 78B)
Class com.google.wireless.android.sdk.stats.DeviceScreenshotEventOrBuilder            : loaded 2 times (x 68B)
Class kotlin.reflect.jvm.internal.impl.types.ErrorUtils                               : loaded 2 times (x 69B)
Class org.jetbrains.kotlin.gradle.internal.transforms.ClasspathEntrySnapshotTransform$Parameters_Decorated: loaded 2 times (x 157B)
Class [Lkotlin.reflect.KFunction;                                                     : loaded 2 times (x 67B)
Class com.android.builder.model.v2.models.Versions$Version                            : loaded 2 times (x 68B)
Class org.jetbrains.kotlin.idea.gradleTooling.MultiplatformModelImportingContextImpl  : loaded 2 times (x 96B)
Class org.gradle.internal.impldep.com.google.gson.internal.bind.TypeAdapters$34$1     : loaded 2 times (x 72B)
Class org.jetbrains.plugins.gradle.tooling.ModelBuilderService$ParameterizedModelBuilderService: loaded 2 times (x 68B)
Class com.android.tools.analytics.Anonymizer                                          : loaded 2 times (x 69B)
Class [Lorg.jetbrains.org.objectweb.asm.AnnotationVisitor;                            : loaded 2 times (x 67B)
Class org.gradle.internal.impldep.com.google.gson.Gson$FutureTypeAdapter              : loaded 2 times (x 74B)
Class kotlin.reflect.jvm.internal.impl.types.ErrorType                                : loaded 2 times (x 89B)
Class org.jetbrains.kotlin.metadata.jvm.deserialization.ClassMapperLite               : loaded 2 times (x 69B)
Class com.android.build.gradle.internal.attribution.BuildAnalyzerService$close$1      : loaded 2 times (x 77B)
Class org.jetbrains.kotlin.gradle.tasks.KotlinCompile$createCompilerArguments$1$1     : loaded 2 times (x 77B)
Class org.gradle.util.internal.GUtil                                                  : loaded 2 times (x 69B)
Class [Lorg.gradle.internal.impldep.com.google.gson.ToNumberStrategy;                 : loaded 2 times (x 67B)
Class com.intellij.gradle.toolingExtension.impl.util.GradleTaskUtil                   : loaded 2 times (x 69B)
Class com.google.wireless.android.sdk.stats.GradleBuildProfileSpan$ExecutionType      : loaded 2 times (x 85B)
Class org.jetbrains.compose.resources.GeneratedResClassSpecKt                         : loaded 2 times (x 69B)
Class org.jetbrains.kotlin.gradle.internal.name.FqName                                : loaded 2 times (x 70B)
Class com.intellij.compose.ide.plugin.gradleTooling.rt.ComposeResourcesExtension$Companion: loaded 2 times (x 69B)
Class com.google.wireless.android.sdk.stats.SdkIndexLoadingDetails                    : loaded 2 times (x 195B)
Class org.jetbrains.kotlin.gradle.tasks.KotlinCompile$createCompilerArguments$1$2     : loaded 2 times (x 77B)
Class jdk.internal.jimage.decompressor.ZipDecompressor                                : loaded 2 times (x 73B)
Class org.gradle.tooling.model.internal.ImmutableDomainObjectSet                      : loaded 2 times (x 153B)
Class org.jetbrains.kotlin.idea.gradleTooling.reflect.KotlinSourceSetReflectionImpl   : loaded 2 times (x 80B)
Class com.google.wireless.android.sdk.stats.GradleJdkInvalidEvent                     : loaded 2 times (x 193B)
Class com.google.wireless.android.sdk.stats.PSDEvent                                  : loaded 2 times (x 208B)
Class kotlin.reflect.jvm.internal.impl.renderer.DescriptorRenderer$Companion$COMPACT$1: loaded 2 times (x 76B)
Class com.android.builder.profile.AnalyticsProfileWriter$writeAndFinish$1             : loaded 2 times (x 73B)
Class com.google.wireless.android.sdk.stats.AndroidStudioEvent$EventKind              : loaded 2 times (x 85B)
Class com.google.wireless.android.sdk.stats.GfxTracingDetailsOrBuilder                : loaded 2 times (x 68B)
Class org.jetbrains.kotlin.gradle.tasks.KotlinCompile$createCompilerArguments$1$3     : loaded 2 times (x 77B)
Class org.jetbrains.kotlin.gradle.plugin.KotlinPluginWrapperKt                        : loaded 2 times (x 69B)
Class kotlin.reflect.jvm.internal.impl.load.java.lazy.descriptors.LazyJavaScope$functions$1: loaded 2 times (x 77B)
Class com.google.wireless.android.sdk.stats.SmlCompletionEventOrBuilder               : loaded 2 times (x 68B)
Class org.jetbrains.kotlin.buildtools.api.ProjectId                                   : loaded 2 times (x 68B)
Class com.google.wireless.android.sdk.stats.LldbSessionStartDetailsOrBuilder          : loaded 2 times (x 68B)
Class org.jetbrains.kotlin.gradle.tasks.KotlinCompile$createCompilerArguments$1$4     : loaded 2 times (x 77B)
Class org.jetbrains.compose.internal.com.squareup.kotlinpoet.AnnotationSpec$Builder   : loaded 2 times (x 77B)
Class org.gradle.tooling.internal.adapter.MethodInvoker                               : loaded 2 times (x 68B)
Class org.jetbrains.kotlin.gradle.tasks.DefaultKotlinJavaToolchain                    : loaded 2 times (x 75B)
Class kotlin.reflect.jvm.internal.impl.descriptors.runtime.structure.ReflectJavaClass$innerClassNames$1: loaded 2 times (x 76B)
Class kotlin.reflect.jvm.internal.impl.load.java.lazy.descriptors.LazyJavaPackageScope$classes$1: loaded 2 times (x 77B)
Class org.jetbrains.compose.internal.com.squareup.kotlinpoet.TypeSpecHolder$Builder   : loaded 2 times (x 68B)
Class org.jetbrains.kotlin.buildtools.api.jvm.operations.JvmClasspathSnapshottingOperation$Option: loaded 2 times (x 70B)
Class com.google.wireless.android.sdk.stats.DialogStatsOrBuilder                      : loaded 2 times (x 68B)
Class org.jetbrains.kotlin.gradle.plugin.KotlinCompilerArgumentsProducer$ContributeCompilerArgumentsContext: loaded 2 times (x 68B)
Class kotlin.reflect.jvm.internal.impl.descriptors.runtime.structure.ReflectJavaClass$innerClassNames$2: loaded 2 times (x 76B)
Class kotlin.reflect.jvm.internal.impl.serialization.deserialization.descriptors.DeserializedClassDescriptor$sealedSubclasses$1: loaded 2 times (x 77B)
Class org.gradle.tooling.internal.adapter.ProtocolToModelAdapter$MethodInvocationCache$MethodInvocationKey: loaded 2 times (x 71B)
Class org.jetbrains.kotlin.gradle.plugin.diagnostics.CheckKotlinGradlePluginConfigurationErrors: loaded 2 times (x 317B)
Class com.android.build.gradle.internal.profile.TaskProfilingRecord$Companion         : loaded 2 times (x 69B)
Class kotlin.reflect.jvm.internal.impl.descriptors.impl.LazyPackageViewDescriptorImpl$memberScope$1: loaded 2 times (x 77B)
Class org.gradle.internal.impldep.com.google.gson.internal.bind.TypeAdapters$29       : loaded 2 times (x 73B)
Class org.jetbrains.kotlin.tooling.core.InternerImpl$Store$Strong                     : loaded 2 times (x 74B)
Class org.objectweb.asm.Label                                                         : loaded 2 times (x 71B)
Class org.jetbrains.kotlin.buildtools.api.jvm.operations.JvmCompilationOperation$CompilerArgumentsLogLevel: loaded 2 times (x 77B)
Class com.google.wireless.android.play.playlog.proto.ClientAnalytics$LogEvent$Builder : loaded 2 times (x 296B)
Class org.gradle.tooling.model.HierarchicalElement                                    : loaded 2 times (x 68B)
Class org.gradle.internal.impldep.com.google.gson.internal.bind.TypeAdapters$28       : loaded 2 times (x 73B)
Class com.android.builder.model.v2.ide.BasicArtifact                                  : loaded 2 times (x 68B)
Class com.google.gson.stream.JsonWriter                                               : loaded 2 times (x 96B)
Class org.jetbrains.kotlin.idea.gradleTooling.IdeaKotlinDependenciesContainerSurrogate: loaded 2 times (x 70B)
Class org.jetbrains.kotlin.buildtools.api.KotlinToolchains$Companion                  : loaded 2 times (x 69B)
Class org.jetbrains.kotlin.incremental.classpathDiff.impl.ExtraInfoGeneratorWithInlinedClassSnapshotting: loaded 2 times (x 72B)
Class org.gradle.internal.impldep.com.google.gson.internal.bind.TypeAdapters$27       : loaded 2 times (x 73B)
Class com.google.wireless.android.sdk.stats.TestRun                                   : loaded 2 times (x 221B)
Class com.google.wireless.android.sdk.stats.StudioPerformanceStats                    : loaded 2 times (x 207B)
Class com.android.builder.model.v2.ide.Edge                                           : loaded 2 times (x 68B)
Class org.jetbrains.kotlin.statistics.ValueAnonymizer                                 : loaded 2 times (x 68B)
Class org.jetbrains.kotlin.com.google.common.cache.LocalCache$Strength                : loaded 2 times (x 79B)
Class org.gradle.internal.classloader.ClassLoaderSpec                                 : loaded 2 times (x 69B)
Class org.gradle.internal.impldep.com.google.gson.internal.bind.TypeAdapters$26       : loaded 2 times (x 73B)
Class org.gradle.internal.impldep.com.google.gson.internal.bind.TypeAdapters$25       : loaded 2 times (x 73B)
Class org.jetbrains.kotlin.compilerRunner.CompilerExecutionSettings$Companion         : loaded 2 times (x 69B)
Class org.jetbrains.kotlin.gradle.dsl.JvmDefaultMode                                  : loaded 2 times (x 77B)
Class org.jetbrains.kotlin.idea.gradleTooling.reflect.KotlinSourceSetReflectionImpl$Companion: loaded 2 times (x 69B)
Class org.jetbrains.plugins.gradle.tooling.serialization.ToolingStreamApiUtilsKt      : loaded 2 times (x 69B)
Class org.gradle.internal.classloader.ClassLoaderVisitor                              : loaded 2 times (x 74B)
Class com.google.common.io.LineProcessor                                              : loaded 2 times (x 68B)
Class [Lorg.jetbrains.compose.internal.com.squareup.kotlinpoet.KModifier;             : loaded 2 times (x 67B)
Class com.android.builder.model.v2.models.ndk.NativeModelBuilderParameter             : loaded 2 times (x 68B)
Class org.gradle.internal.impldep.com.google.common.collect.Iterators$MergingIterator : loaded 2 times (x 79B)
Class org.jetbrains.kotlin.daemon.common.BoolPropMapper                               : loaded 2 times (x 72B)
Class org.jetbrains.kotlin.statistics.metrics.StringOverridePolicy                    : loaded 2 times (x 83B)
Class org.gradle.internal.impldep.com.google.gson.internal.bind.TypeAdapters$24       : loaded 2 times (x 73B)
Class org.jetbrains.kotlin.gradle.plugin.UsesKotlinGradleBuildServices                : loaded 2 times (x 68B)
Class com.google.wireless.android.sdk.stats.VariantApiUsage$Builder                   : loaded 2 times (x 307B)
Class org.jetbrains.kotlin.buildtools.api.arguments.enums.KotlinVersion               : loaded 2 times (x 77B)
Class org.jetbrains.kotlin.gradle.plugin.KotlinCompilerArgumentsProducerKt            : loaded 2 times (x 69B)
Class com.google.wireless.android.sdk.stats.InstantRunStatusOrBuilder                 : loaded 2 times (x 68B)
Class org.jetbrains.plugins.gradle.tooling.builder.IntelliJSettingsBuilder            : loaded 2 times (x 76B)
Class org.jetbrains.kotlin.com.google.common.cache.LocalCache$EntryFactory            : loaded 2 times (x 81B)
Class com.android.builder.model.v2.CustomSourceDirectory                              : loaded 2 times (x 68B)
Class org.gradle.internal.impldep.org.apache.commons.lang.text.StrBuilder             : loaded 2 times (x 195B)
Class org.apache.commons.io.output.ThresholdingOutputStream                           : loaded 2 times (x 93B)
Class com.google.common.base.NullnessCasts                                            : loaded 2 times (x 69B)
Class [Lorg.jetbrains.kotlin.com.google.common.cache.LocalCache$Segment;              : loaded 2 times (x 67B)
Class org.jetbrains.kotlin.com.google.common.cache.CacheBuilder$NullListener          : loaded 2 times (x 80B)
Class org.jetbrains.kotlin.gradle.tasks.AbstractKotlinCompile$compilerRunner$1$2$1$1  : loaded 2 times (x 72B)
Class com.google.wireless.android.sdk.stats.KotlinSupportOrBuilder                    : loaded 2 times (x 68B)
Class com.android.tools.analytics.Environment$Companion                               : loaded 2 times (x 69B)
Class org.gradle.internal.impldep.com.google.gson.internal.bind.TypeAdapters$23       : loaded 2 times (x 73B)
Class kotlin.reflect.jvm.internal.impl.serialization.deserialization.descriptors.DeserializedMemberScope$OptimizedImplementation$functionNames$2: loaded 2 times (x 77B)
Class org.objectweb.asm.AnnotationWriter                                              : loaded 2 times (x 77B)
Class com.android.buildanalyzer.common.AndroidGradlePluginAttributionData$AttributionDataAdapter$write$1: loaded 2 times (x 77B)
Class com.android.buildanalyzer.common.AndroidGradlePluginAttributionData$BuildInfo   : loaded 2 times (x 70B)
Class com.google.wireless.android.sdk.stats.ComposeMultiPreviewEventOrBuilder         : loaded 2 times (x 68B)
Class com.google.wireless.android.sdk.stats.GradleBuildMemorySample$1                 : loaded 2 times (x 149B)
Class kotlin.reflect.jvm.internal.impl.descriptors.deserialization.PlatformDependentTypeTransformer$None: loaded 2 times (x 72B)
Class com.android.buildanalyzer.common.AndroidGradlePluginAttributionData$AttributionDataAdapter$write$2: loaded 2 times (x 77B)
Class com.google.common.io.CharSink                                                   : loaded 2 times (x 77B)
Class org.jetbrains.kotlin.idea.gradleTooling.reflect.ReflectionReceiver$Instance     : loaded 2 times (x 75B)
Class org.gradle.internal.impldep.com.google.gson.internal.bind.TypeAdapters$22       : loaded 2 times (x 73B)
Class org.jetbrains.kotlin.idea.gradleTooling.reflect.KotlinLanguageSettingsReflectionKt: loaded 2 times (x 69B)
Class com.android.buildanalyzer.common.AndroidGradlePluginAttributionData$AttributionDataAdapter$write$3: loaded 2 times (x 77B)
Class [Lcom.android.build.gradle.internal.publishing.ArtifactCategory;                : loaded 2 times (x 67B)
Class org.objectweb.asm.Frame                                                         : loaded 2 times (x 71B)
Class jdk.internal.jrtfs.JrtDirectoryStream$1                                         : loaded 2 times (x 81B)
Class org.jetbrains.kotlin.gradle.plugin.internal.MavenPublicationComponentAccessor$Factory: loaded 2 times (x 68B)
Class com.google.protobuf.UnknownFieldSet                                             : loaded 2 times (x 85B)
Class com.android.buildanalyzer.common.AndroidGradlePluginAttributionData$AttributionDataAdapter$write$4: loaded 2 times (x 77B)
Class org.jetbrains.kotlin.gradle.plugin.statistics.KotlinBuildStatsConfiguration     : loaded 2 times (x 70B)
Class com.google.protobuf.WireFormat                                                  : loaded 2 times (x 69B)
Class org.jetbrains.compose.internal.com.squareup.kotlinpoet.FileSpec$Builder         : loaded 2 times (x 109B)
Class com.google.wireless.android.sdk.stats.VirtualizationEvent                       : loaded 2 times (x 195B)
Class com.google.wireless.android.sdk.stats.NavSafeArgsEvent                          : loaded 2 times (x 197B)
Class org.gradle.internal.impldep.com.google.gson.internal.bind.TypeAdapters$21       : loaded 2 times (x 73B)
Class com.android.buildanalyzer.common.AndroidGradlePluginAttributionData$AttributionDataAdapter$write$5: loaded 2 times (x 77B)
Class com.google.wireless.android.sdk.stats.RunEvent                                  : loaded 2 times (x 254B)
Class org.jetbrains.compose.internal.com.squareup.kotlinpoet.KModifier                : loaded 2 times (x 77B)
Class org.jetbrains.kotlin.buildtools.internal.jvm.JvmSnapshotBasedIncrementalCompilationOptionsImpl$Option: loaded 2 times (x 71B)
Class org.jetbrains.kotlin.idea.gradleTooling.builders.KotlinCompilationOutputBuilder : loaded 2 times (x 79B)
Class org.jetbrains.kotlin.statistics.metrics.StringOverridePolicy$OVERRIDE           : loaded 2 times (x 83B)
Class org.gradle.internal.impldep.com.google.gson.internal.bind.TypeAdapters$20       : loaded 2 times (x 73B)
Class org.jetbrains.kotlin.statistics.metrics.ConcatMetricContainer$Companion         : loaded 2 times (x 69B)
Class org.jetbrains.kotlin.statistics.metrics.StringAnonymizationPolicy$AllowedListAnonymizer: loaded 2 times (x 77B)
Class com.google.wireless.android.sdk.stats.UserSentiment                             : loaded 2 times (x 195B)
Class com.google.wireless.android.sdk.stats.EditorHighlightingStats                   : loaded 2 times (x 197B)
Class [Lorg.jetbrains.kotlin.gradle.plugin.KotlinCompilerArgumentsProducer$ArgumentType;: loaded 2 times (x 67B)
Class org.jetbrains.kotlin.statistics.metrics.BooleanOverridePolicy$OVERRIDE          : loaded 2 times (x 83B)
Class com.google.common.collect.AbstractMapBasedMultimap$AsMap$AsMapIterator          : loaded 2 times (x 81B)
Class org.jetbrains.org.objectweb.asm.tree.LdcInsnNode                                : loaded 2 times (x 76B)
Class com.google.protobuf.Internal$DoubleList                                         : loaded 2 times (x 68B)
Class org.jetbrains.kotlin.gradle.report.ReportingSettings$Companion                  : loaded 2 times (x 69B)
Class org.jetbrains.kotlin.idea.gradleTooling.reflect.KotlinTargetJarReflectionKt     : loaded 2 times (x 69B)
Class com.google.gson.internal.bind.JsonTreeWriter                                    : loaded 2 times (x 96B)
Class com.google.protobuf.Android                                                     : loaded 2 times (x 69B)
Class [Lorg.jetbrains.kotlin.com.google.common.cache.LocalCache$NullEntry;            : loaded 2 times (x 67B)
Class com.google.wireless.android.sdk.stats.SmlGeolocationEvent                       : loaded 2 times (x 199B)
Class org.jetbrains.compose.internal.com.squareup.kotlinpoet.CodeWriter$Companion$withCollectedImports$importedTypes$1: loaded 2 times (x 125B)
Class com.android.ide.common.gradle.NonNumeric                                        : loaded 2 times (x 75B)
Class org.jetbrains.kotlin.buildtools.api.arguments.CompilerPlugin                    : loaded 2 times (x 70B)
Class org.jetbrains.kotlin.com.intellij.openapi.util.ThreadLocalCachedValue           : loaded 2 times (x 73B)
Class org.jetbrains.kotlin.incremental.classpathDiff.ClasspathEntrySnapshotter        : loaded 2 times (x 69B)
Class [Lcom.google.common.collect.MapMakerInternalMap$Strength;                       : loaded 2 times (x 67B)
Class com.google.wireless.android.sdk.stats.ProductDetails                            : loaded 2 times (x 221B)
Class org.gradle.tooling.internal.adapter.ProtocolToModelAdapter$AdaptingMethodInvoker: loaded 2 times (x 74B)
Class org.jetbrains.kotlin.daemon.common.ReportCategory$Companion                     : loaded 2 times (x 69B)
Class org.jetbrains.plugins.gradle.model.DefaultExternalProjectDependency             : loaded 2 times (x 118B)
Class com.google.common.collect.Sets$SetView                                          : loaded 2 times (x 136B)
Class [Lorg.jetbrains.compose.internal.com.squareup.kotlinpoet.CodeBlock;             : loaded 2 times (x 67B)
Class org.jetbrains.kotlin.statistics.metrics.IMetricContainer                        : loaded 2 times (x 68B)
Class kotlin.Result$Companion                                                         : loaded 2 times (x 69B)
Class com.google.common.collect.ImmutableMultimap$EntryCollection                     : loaded 2 times (x 126B)
Class com.google.wireless.android.sdk.stats.OptInToMetricsOrBuilder                   : loaded 2 times (x 68B)
Class org.jetbrains.org.objectweb.asm.Handler                                         : loaded 2 times (x 70B)
Class com.intellij.gradle.toolingExtension.impl.model.projectModel.GradleExternalProjectModelBuilder: loaded 2 times (x 84B)
Class org.jetbrains.kotlin.idea.gradleTooling.reflect.KotlinSourceSetReflectionKt     : loaded 2 times (x 69B)
Class org.jetbrains.kotlin.gradle.plugin.diagnostics.ToolingDiagnostic$Severity       : loaded 2 times (x 77B)
Class com.android.build.gradle.internal.dependency.AarTransform$Parameters_Decorated  : loaded 2 times (x 140B)
Class com.android.ide.common.gradle.Version$Companion$ParseState$NUMERIC              : loaded 2 times (x 72B)
Class org.gradle.tooling.model.idea.IdeaModuleDependency                              : loaded 2 times (x 68B)
Class org.jetbrains.plugins.gradle.model.DefaultExternalSourceDirectorySet            : loaded 2 times (x 81B)
Class com.google.common.collect.Maps$KeySet                                           : loaded 2 times (x 135B)
Class org.gradle.internal.impldep.com.google.common.collect.Iterators$1               : loaded 2 times (x 79B)
Class org.jetbrains.kotlin.buildtools.internal.jvm.JvmSnapshotBasedIncrementalCompilationConfigurationImplKt: loaded 2 times (x 69B)
Class org.jetbrains.kotlin.com.intellij.util.io.IOUtil$2                              : loaded 2 times (x 74B)
Class kotlin.Result$Failure                                                           : loaded 2 times (x 70B)
Class com.google.wireless.android.sdk.stats.FileType                                  : loaded 2 times (x 200B)
Class com.google.wireless.android.sdk.stats.GradleBuildMemorySampleOrBuilder          : loaded 2 times (x 68B)
Class com.google.common.collect.HashMultimap                                          : loaded 2 times (x 172B)
Class com.google.wireless.android.sdk.stats.GoogleLoginPluginEvent                    : loaded 2 times (x 201B)
Class org.jetbrains.kotlin.com.intellij.util.io.IOUtil$1                              : loaded 2 times (x 78B)
Class org.jetbrains.kotlin.gradle.tasks.AbstractKotlinCompile$friendPathsSet$1        : loaded 2 times (x 73B)
Class kotlin.reflect.jvm.internal.KClassImpl$Data$allMembers$2                        : loaded 2 times (x 77B)
Class com.google.wireless.android.sdk.stats.ScreenshotTestComposePreviewEvent         : loaded 2 times (x 200B)
Class org.jetbrains.kotlin.gradle.tasks.AbstractKotlinCompile$defaultKotlinJavaToolchain$1: loaded 2 times (x 76B)
Class org.gradle.internal.impldep.com.google.gson.internal.ConstructorConstructor     : loaded 2 times (x 70B)
Class org.gradle.internal.impldep.com.google.common.collect.Iterators$4               : loaded 2 times (x 80B)
Class com.android.build.gradle.internal.plugins.DynamicFeaturePlugin                  : loaded 2 times (x 94B)
Class org.jetbrains.kotlin.metadata.ProtoBuf$Effect$1                                 : loaded 2 times (x 142B)
Class com.google.protobuf.Internal$FloatList                                          : loaded 2 times (x 68B)
Class com.google.common.io.CharStreams$NullWriter                                     : loaded 2 times (x 97B)
Class org.jetbrains.kotlin.gradle.logging.GradleLoggingUtilsKt                        : loaded 2 times (x 69B)
Class org.gradle.internal.impldep.com.google.common.collect.Iterators$5               : loaded 2 times (x 80B)
Class kotlin.reflect.jvm.internal.KFunctionImpl$descriptor$2                          : loaded 2 times (x 77B)
Class org.jetbrains.kotlin.gradle.plugin.KotlinGradleBuildServices$Companion          : loaded 2 times (x 69B)
Class com.google.wireless.android.sdk.stats.PlayPolicyInsightsUsageEvent              : loaded 2 times (x 200B)
Class org.jetbrains.kotlin.gradle.utils.ReportUtilsKt                                 : loaded 2 times (x 69B)
Class com.android.builder.profile.NameAnonymizer                                      : loaded 2 times (x 70B)
Class org.jetbrains.kotlin.com.google.common.util.concurrent.AbstractFuture$UnsafeAtomicHelper: loaded 2 times (x 76B)
Class com.google.wireless.android.sdk.stats.BackupUsageEvent                          : loaded 2 times (x 200B)
Class org.jetbrains.kotlin.gradle.tasks.BaseKotlinCompile                             : loaded 2 times (x 68B)
Class org.jetbrains.kotlin.incremental.classpathDiff.ClasspathEntrySnapshotExternalizer: loaded 2 times (x 73B)
Class com.google.wireless.android.sdk.stats.GradleBuildProfileOrBuilder               : loaded 2 times (x 68B)
Class com.google.wireless.android.sdk.stats.DesignEditorHelpPanelEvent                : loaded 2 times (x 197B)
Class com.android.builder.utils.SynchronizedFile                                      : loaded 2 times (x 70B)
Class com.android.ide.gradle.model.dependencies.DeclaredDependenciesImpl              : loaded 2 times (x 74B)
Class com.google.wireless.android.sdk.stats.GradleBuildVariant$Java8LangSupport       : loaded 2 times (x 85B)
Class org.gradle.internal.classloader.InstrumentingClassLoader                        : loaded 2 times (x 68B)
Class org.gradle.internal.impldep.com.google.common.collect.Iterators$9               : loaded 2 times (x 79B)
Class org.gradle.internal.impldep.com.google.gson.internal.bind.NumberTypeAdapter$1   : loaded 2 times (x 74B)
Class com.google.protobuf.Descriptors$Descriptor                                      : loaded 2 times (x 74B)
Class org.jetbrains.kotlin.buildtools.internal.arguments.CommonToolArgumentsImpl$Companion: loaded 2 times (x 69B)
Class sync_studio_tooling10_6ceh7xhsjr1988yqis8rubge6                                 : loaded 2 times (x 177B)
Class org.jetbrains.kotlin.compilerRunner.btapi.GradleBuildToolsApiCompilerRunner$runCompilerAsync$1: loaded 2 times (x 73B)
Class com.google.wireless.android.sdk.stats.SdkIndexProjectStats                      : loaded 2 times (x 205B)
Class com.google.wireless.android.sdk.stats.ApiVersion                                : loaded 2 times (x 197B)
Class com.android.build.gradle.internal.plugins.BasePlugin                            : loaded 2 times (x 91B)
Class org.gradle.api.Named                                                            : loaded 2 times (x 68B)
Class org.jetbrains.kotlin.incremental.storage.DelegateDataExternalizer               : loaded 2 times (x 74B)
Class org.gradle.internal.impldep.com.google.gson.internal.bind.ArrayTypeAdapter      : loaded 2 times (x 72B)
Class org.jetbrains.kotlin.gradle.plugin.KotlinGradleBuildServices$Parameters         : loaded 2 times (x 68B)
Class com.google.common.collect.MapMakerInternalMap$InternalEntry                     : loaded 2 times (x 68B)
Class com.google.wireless.android.sdk.stats.LintSession                               : loaded 2 times (x 219B)
Class org.gradle.internal.impldep.com.google.gson.internal.bind.TreeTypeAdapter       : loaded 2 times (x 73B)
Class org.jetbrains.kotlin.buildtools.api.arguments.CommonCompilerArguments           : loaded 2 times (x 68B)
Class com.google.wireless.android.sdk.stats.StopEventOrBuilder                        : loaded 2 times (x 68B)
Class com.google.wireless.android.sdk.stats.AutoSyncSettingChangeEventOrBuilder       : loaded 2 times (x 68B)
Class org.jetbrains.kotlin.gradle.tasks.K2MultiplatformStructure                      : loaded 2 times (x 72B)
Class com.google.wireless.android.sdk.stats.GradleBuildMemorySample                   : loaded 2 times (x 201B)
Class [Lorg.gradle.internal.impldep.com.google.gson.ReflectionAccessFilter$FilterResult;: loaded 2 times (x 67B)
Class com.google.wireless.android.sdk.stats.WifiPairingEventOrBuilder                 : loaded 2 times (x 68B)
Class org.apache.commons.io.FileExistsException                                       : loaded 2 times (x 80B)
Class org.jetbrains.kotlin.gradle.logging.BuildErrorMessageCollector                  : loaded 2 times (x 70B)
Class com.google.wireless.android.sdk.stats.GradleBuildVariant$NativeBuildConfigInfo  : loaded 2 times (x 209B)
Class com.google.protobuf.Descriptors$GenericDescriptor                               : loaded 2 times (x 73B)
Class org.jetbrains.org.objectweb.asm.CurrentFrame                                    : loaded 2 times (x 71B)
Class org.jetbrains.kotlin.statistics.AnonymizerUtilsKt$salt$2                        : loaded 2 times (x 76B)
Class org.jetbrains.kotlin.gradle.tasks.AbstractKotlinCompileTool                     : loaded 2 times (x 365B)
Class org.jetbrains.kotlin.daemon.common.DummyProfiler                                : loaded 2 times (x 77B)
Class kotlin.reflect.jvm.internal.impl.renderer.DescriptorRenderer$Companion$DEBUG_TEXT$1: loaded 2 times (x 76B)
Class kotlin.reflect.jvm.internal.impl.load.java.lazy.types.TypeParameterUpperBoundEraser$getErasedUpperBound$1: loaded 2 times (x 77B)
Class kotlin.annotation.Repeatable                                                    : loaded 2 times (x 68B)
Class org.jetbrains.kotlin.gradle.internal.CompilerArgumentAware                      : loaded 2 times (x 68B)
Class org.gradle.internal.classpath.DefaultClassPath$ImmutableUniqueList$Builder      : loaded 2 times (x 73B)
Class org.jetbrains.kotlin.incremental.classpathDiff.impl.PrefixBasedSnapshotter$special$$inlined$sortedBy$1: loaded 2 times (x 87B)
Class [Lorg.jetbrains.kotlin.com.google.common.cache.CacheBuilder$OneWeigher;         : loaded 2 times (x 67B)
Class com.google.common.collect.Maps$ViewCachingAbstractMap                           : loaded 2 times (x 123B)
Class [Lcom.android.tools.analytics.Environment$SystemProperty;                       : loaded 2 times (x 67B)
Class org.jetbrains.kotlin.gradle.plugin.KotlinPluginInMultipleProjectsHolder         : loaded 2 times (x 70B)
Class org.jetbrains.kotlin.gradle.tasks.KotlinCompileTool                             : loaded 2 times (x 68B)
Class com.intellij.gradle.toolingExtension.impl.model.dependencyModel.auxiliary.AuxiliaryArtifactResolverImpl: loaded 2 times (x 74B)
Class org.jetbrains.kotlin.build.report.metrics.CALL_WORKER                           : loaded 2 times (x 70B)
Class org.jetbrains.kotlin.daemon.common.OptionsGroup                                 : loaded 2 times (x 68B)
Class org.jetbrains.kotlin.idea.gradleTooling.reflect.KotlinTargetReflection          : loaded 2 times (x 68B)
Class com.google.wireless.android.sdk.stats.UpgradeAndroidStudioDialogStats           : loaded 2 times (x 193B)
Class [Lorg.jetbrains.kotlin.buildtools.api.KotlinLogger;                             : loaded 2 times (x 67B)
Class org.gradle.tooling.model.Model                                                  : loaded 2 times (x 68B)
Class org.jetbrains.kotlin.com.google.common.cache.CacheLoader$UnsupportedLoadingOperationException: loaded 2 times (x 80B)
Class com.google.wireless.android.sdk.stats.ComposeSampleEventOrBuilder               : loaded 2 times (x 68B)
Class org.jetbrains.compose.resources.XmlValuesConverterTask$WhenMappings             : loaded 2 times (x 69B)
Class org.jetbrains.compose.resources.PrepareComposeResourcesTask_Decorated           : loaded 2 times (x 366B)
Class com.google.common.collect.Sets                                                  : loaded 2 times (x 69B)
Class jdk.internal.jrtfs.SystemImage                                                  : loaded 2 times (x 72B)
Class org.apache.commons.io.output.QueueOutputStream                                  : loaded 2 times (x 85B)
Class com.google.protobuf.GeneratedMessageV3$BuilderParent                            : loaded 2 times (x 68B)
Class org.gradle.internal.impldep.com.google.common.collect.ImmutableSet              : loaded 2 times (x 143B)
Class [Lorg.jetbrains.kotlin.gradle.report.BuildReportMode;                           : loaded 2 times (x 67B)
Class kotlin.reflect.jvm.internal.impl.load.java.lazy.descriptors.LazyJavaPackageScope$knownClassNamesInPackage$1: loaded 2 times (x 77B)
Class com.google.common.collect.ComparisonChain$InactiveComparisonChain               : loaded 2 times (x 78B)
Class org.jetbrains.kotlin.compilerRunner.OutputItemsCollectorImpl                    : loaded 2 times (x 75B)
Class org.gradle.tooling.model.idea.IdeaDependencyScope                               : loaded 2 times (x 68B)
Class [Lorg.jetbrains.kotlin.com.google.common.cache.Weigher;                         : loaded 2 times (x 67B)
Class com.google.wireless.android.sdk.stats.SurveyResponseOrBuilder                   : loaded 2 times (x 68B)
Class org.jetbrains.compose.internal.com.squareup.kotlinpoet.AnnotationSpec           : loaded 2 times (x 75B)
Class org.jetbrains.kotlin.daemon.client.BasicCompilerServicesWithResultsFacadeServerKt$WhenMappings: loaded 2 times (x 69B)
Class Build_gradle$2$2$1                                                              : loaded 2 times (x 76B)
Class kotlin.reflect.jvm.internal.impl.builtins.jvm.JvmBuiltInsCustomizer$createMockJavaIoSerializableType$superTypes$1: loaded 2 times (x 77B)
Class com.android.utils.JvmWideVariable$1                                             : loaded 2 times (x 71B)
Class org.jetbrains.kotlin.gradle.plugin.diagnostics.checkers.KmpPartiallyResolvedDependenciesCheckerProjectsEvaluated$Companion: loaded 2 times (x 69B)
Class org.jetbrains.kotlin.gradle.plugin.internal.CustomPropertiesFileValueSource$Parameters: loaded 2 times (x 68B)
Class [Lorg.jetbrains.compose.internal.com.squareup.kotlinpoet.Annotatable;           : loaded 2 times (x 67B)
Class kotlin.jvm.internal.RepeatableContainer                                         : loaded 2 times (x 68B)
Class kotlin.reflect.jvm.internal.impl.builtins.jvm.JvmBuiltIns$customizer$2$1        : loaded 2 times (x 77B)
Class org.gradle.internal.impldep.com.google.gson.internal.bind.TypeAdapters$19       : loaded 2 times (x 73B)
Class com.android.utils.JvmWideVariable$2                                             : loaded 2 times (x 70B)
Class com.android.build.gradle.internal.services.FakeDependencyJarBuildService$FakeDependencyJarCreator$Params_Decorated: loaded 2 times (x 134B)
Class [Lcom.android.tools.analytics.Environment$EnvironmentVariable;                  : loaded 2 times (x 67B)
Class org.jetbrains.compose.resources.GenerateResourceAccessorsTask_Decorated         : loaded 2 times (x 376B)
Class com.google.wireless.android.sdk.stats.AndroidViewShowBuildFilesInModuleEventOrBuilder: loaded 2 times (x 68B)
Class org.gradle.internal.impldep.com.google.gson.internal.bind.TypeAdapters$18       : loaded 2 times (x 73B)
Class com.android.utils.JvmWideVariable$3                                             : loaded 2 times (x 70B)
Class [Lorg.jetbrains.kotlin.com.google.common.cache.CacheBuilder$NullListener;       : loaded 2 times (x 67B)
Class com.google.wireless.android.sdk.stats.ScreenshotTestComposePreviewEventOrBuilder: loaded 2 times (x 68B)
Class org.jetbrains.kotlin.gradle.plugin.internal.BuildIdService                      : loaded 2 times (x 74B)
Class org.jetbrains.compose.internal.com.squareup.kotlinpoet.TypeSpec                 : loaded 2 times (x 94B)
Class kotlin.reflect.jvm.internal.impl.load.java.lazy.LazyJavaAnnotations$annotationDescriptors$1: loaded 2 times (x 77B)
Class com.android.build.gradle.internal.attribution.BuildAnalyzerPartialResult$Companion: loaded 2 times (x 69B)
Class com.android.utils.JvmWideVariable$4                                             : loaded 2 times (x 71B)
Class org.jetbrains.kotlin.gradle.plugin.diagnostics.CheckKotlinGradlePluginConfigurationErrors_Decorated: loaded 2 times (x 367B)
Class org.gradle.internal.impldep.com.google.gson.internal.bind.TypeAdapters$17       : loaded 2 times (x 73B)
Class com.google.common.collect.MapMakerInternalMap                                   : loaded 2 times (x 159B)
Class org.jetbrains.kotlin.buildtools.api.arguments.JvmCompilerArguments              : loaded 2 times (x 68B)
Class jdk.internal.jimage.ImageReader$Resource                                        : loaded 2 times (x 82B)
Class kotlin.reflect.jvm.internal.impl.serialization.deserialization.DeserializedPackageFragmentImpl$classDataFinder$1: loaded 2 times (x 77B)
Class org.jetbrains.kotlin.buildtools.internal.arguments.CommonCompilerArgumentsImpl  : loaded 2 times (x 101B)
Class org.jetbrains.kotlin.compilerRunner.btapi.BuildToolsApiCompilationWorkKt$WhenMappings: loaded 2 times (x 69B)
Class org.jetbrains.compose.resources.GenerateResClassTask                            : loaded 2 times (x 319B)
Class com.intellij.gradle.toolingExtension.impl.util.GradleProjectUtil                : loaded 2 times (x 69B)
Class com.intellij.gradle.toolingExtension.impl.model.sourceSetArtifactIndex.GradleSourceSetArtifactIndexBuilder: loaded 2 times (x 84B)
Class org.jetbrains.kotlin.buildtools.api.BuildOperation$Builder                      : loaded 2 times (x 68B)
Class com.android.ide.gradle.model.builder.GradlePropertiesModelBuilder               : loaded 2 times (x 73B)
Class org.jetbrains.plugins.gradle.tooling.serialization.ProjectDependenciesSerializationService$1: loaded 2 times (x 74B)
Class org.gradle.internal.impldep.com.google.gson.internal.bind.TypeAdapters$16       : loaded 2 times (x 73B)
Class org.jetbrains.compose.resources.PrepareComposeResourcesKt                       : loaded 2 times (x 69B)
Class com.google.wireless.android.sdk.stats.SmlGeolocationEventOrBuilder              : loaded 2 times (x 68B)
Class org.jetbrains.kotlin.buildtools.api.OperationCancelledException                 : loaded 2 times (x 80B)
Class org.jetbrains.kotlin.gradle.logging.ExceptionReportingKotlinLogger              : loaded 2 times (x 80B)
Class org.jetbrains.kotlin.buildtools.api.SourcesChanges$Unknown                      : loaded 2 times (x 71B)
Class [Lorg.jetbrains.kotlin.metadata.ProtoBuf$VersionRequirement$Level;              : loaded 2 times (x 67B)
Class org.jetbrains.plugins.gradle.tooling.serialization.ProjectDependenciesSerializationService$2: loaded 2 times (x 74B)
Class org.jetbrains.kotlin.buildtools.internal.jvm.operations.JvmCompilationOperationImpl$EntriesMappings: loaded 2 times (x 69B)
Class org.jetbrains.kotlin.daemon.common.DaemonJVMOptionsMemoryComparator             : loaded 2 times (x 87B)
Class org.jetbrains.kotlin.daemon.common.OSKind                                       : loaded 2 times (x 77B)
Class org.gradle.internal.impldep.com.google.gson.internal.bind.TypeAdapters$15       : loaded 2 times (x 73B)
Class org.apache.commons.io.output.StringBuilderWriter                                : loaded 2 times (x 98B)
Class org.jetbrains.kotlin.gradle.logging.GradleErrorMessageCollector                 : loaded 2 times (x 75B)
Class com.google.wireless.android.sdk.stats.AppQualityInsightsUsageEvent              : loaded 2 times (x 248B)
Class com.google.common.collect.ImmutableMapKeySet                                    : loaded 2 times (x 150B)
Class com.android.ide.gradle.model.impl.GradlePropertiesModelImpl                     : loaded 2 times (x 77B)
Class org.jetbrains.plugins.gradle.tooling.serialization.ProjectDependenciesSerializationService$3: loaded 2 times (x 74B)
Class [Lcom.google.wireless.android.sdk.stats.TestRun$TestExecution;                  : loaded 2 times (x 67B)
Class com.google.wireless.android.sdk.stats.GradlePluginData$1                        : loaded 2 times (x 149B)
Class org.objectweb.asm.commons.InstructionAdapter                                    : loaded 2 times (x 186B)
Class org.jetbrains.kotlin.gradle.report.GradleBuildMetricsReporter                   : loaded 2 times (x 96B)
Class com.google.wireless.android.sdk.stats.WearTileAnimationToolingEventOrBuilder    : loaded 2 times (x 68B)
Class org.jetbrains.plugins.gradle.model.tests.DefaultExternalTestSourceMapping       : loaded 2 times (x 81B)
Class org.jetbrains.plugins.gradle.tooling.serialization.ProjectDependenciesSerializationService$4: loaded 2 times (x 74B)
Class org.jetbrains.plugins.gradle.tooling.serialization.ProjectDependenciesSerializationService$5: loaded 2 times (x 74B)
Class com.google.wireless.android.sdk.stats.SentimentSurveyEvent                      : loaded 2 times (x 197B)
Class org.jetbrains.kotlin.compilerRunner.btapi.GradleBuildToolsApiCompilerRunner     : loaded 2 times (x 71B)
Class org.gradle.internal.impldep.com.google.gson.internal.bind.TypeAdapters$14       : loaded 2 times (x 73B)
Class com.google.wireless.android.sdk.stats.AppLinksAssistantEventOrBuilder           : loaded 2 times (x 68B)
Class org.jetbrains.kotlin.gradle.internal.config.JvmDefaultMode                      : loaded 2 times (x 77B)
Class com.android.build.gradle.internal.profile.TaskProfilingRecord$Status            : loaded 2 times (x 77B)
Class com.google.wireless.android.sdk.stats.GradleProjectOptionsSettingsOrBuilder     : loaded 2 times (x 68B)
Class org.jetbrains.plugins.gradle.tooling.serialization.ProjectDependenciesSerializationService$6: loaded 2 times (x 74B)
Class com.google.common.collect.AbstractMapBasedMultimap$WrappedCollection            : loaded 2 times (x 122B)
Class org.gradle.internal.impldep.com.google.gson.internal.bind.TypeAdapters$13       : loaded 2 times (x 73B)
Class org.jetbrains.kotlin.compilerRunner.ArgumentUtils                               : loaded 2 times (x 69B)
Class org.objectweb.asm.SymbolTable                                                   : loaded 2 times (x 70B)
Class org.jetbrains.plugins.gradle.tooling.serialization.ProjectDependenciesSerializationService$7: loaded 2 times (x 74B)
Class com.google.protobuf.Extension$ExtensionType                                     : loaded 2 times (x 77B)
Class org.jetbrains.kotlin.buildtools.internal.arguments.CommonCompilerArgumentsImpl$Companion: loaded 2 times (x 69B)
Class org.gradle.internal.impldep.com.google.gson.GsonBuilder                         : loaded 2 times (x 70B)
Class org.jetbrains.org.objectweb.asm.TypeReference                                   : loaded 2 times (x 78B)
Class org.gradle.internal.impldep.com.google.gson.internal.bind.TypeAdapters$12       : loaded 2 times (x 73B)
Class org.gradle.internal.classloader.FilteringClassLoader                            : loaded 2 times (x 103B)
Class com.google.wireless.android.sdk.stats.FastPreviewEvent                          : loaded 2 times (x 197B)
Class org.jetbrains.kotlin.gradle.internal.config.JvmDefaultMode$Companion            : loaded 2 times (x 69B)
Class org.jetbrains.kotlin.compilerRunner.OutputItemsCollector                        : loaded 2 times (x 68B)
Class org.jetbrains.kotlin.compilerRunner.btapi.BuildSessionService$Inject            : loaded 2 times (x 98B)
Class org.jetbrains.kotlin.gradle.plugin.diagnostics.ToolingDiagnosticRenderingOptions: loaded 2 times (x 70B)
Class org.gradle.tooling.internal.adapter.ProtocolToModelAdapter$ViewGraphDetails$1   : loaded 2 times (x 75B)
Class org.jetbrains.plugins.gradle.model.web.WebConfiguration                         : loaded 2 times (x 68B)
Class org.gradle.internal.impldep.com.google.gson.internal.bind.TypeAdapters$11       : loaded 2 times (x 73B)
Class org.jetbrains.kotlin.gradle.plugin.statistics.BuildFinishMetrics$reportBuildFinished$1: loaded 2 times (x 77B)
Class com.android.build.gradle.internal.PropertiesValueSource                         : loaded 2 times (x 76B)
Class [Lorg.objectweb.asm.AnnotationVisitor;                                          : loaded 2 times (x 67B)
Class com.google.wireless.android.sdk.stats.WhatsNewAssistantEvent                    : loaded 2 times (x 193B)
Class kotlin.reflect.jvm.internal.impl.resolve.scopes.SubstitutingScope$_allDescriptors$2: loaded 2 times (x 77B)
Class org.gradle.internal.impldep.com.google.gson.internal.bind.TypeAdapters$10       : loaded 2 times (x 73B)
Class org.jetbrains.kotlin.gradle.tasks.KotlinCompile                                 : loaded 2 times (x 505B)
Class com.google.wireless.android.sdk.stats.BackupAndSyncEventOrBuilder               : loaded 2 times (x 68B)
Class com.google.wireless.android.sdk.stats.ParallelAndroidTestReportUiEventOrBuilder : loaded 2 times (x 68B)
Class kotlin.collections.ArrayDeque$Companion                                         : loaded 2 times (x 69B)
Class Build_gradle$4$1                                                                : loaded 2 times (x 72B)
Class kotlin.reflect.jvm.internal.impl.builtins.jvm.JvmBuiltInClassDescriptorFactory$1: loaded 2 times (x 76B)
Class org.jetbrains.kotlin.gradle.internal.IsInIdeaEnvironmentValueSource             : loaded 2 times (x 78B)
Class com.google.protobuf.CodedOutputStream$AbstractBufferedEncoder                   : loaded 2 times (x 108B)
Class org.gradle.tooling.internal.adapter.ProtocolToModelAdapter$SupportedPropertyInvoker: loaded 2 times (x 74B)
Class com.intellij.openapi.externalSystem.rt.execution.ForkedDebuggerHelper           : loaded 2 times (x 69B)
Class com.google.wireless.android.sdk.stats.BuildOutputDownloadsInfoEvent             : loaded 2 times (x 199B)
Class org.jetbrains.kotlin.gradle.tasks.KotlinCompile$ClasspathSnapshotProperties     : loaded 2 times (x 71B)
Class org.objectweb.asm.Attribute                                                     : loaded 2 times (x 75B)
Class com.google.wireless.android.sdk.stats.GradleProjectOptionsSettings$1            : loaded 2 times (x 149B)
Class com.google.protobuf.Internal$LongList                                           : loaded 2 times (x 68B)
Class org.jetbrains.kotlin.gradle.InternalKotlinGradlePluginApi                       : loaded 2 times (x 68B)
Class org.jetbrains.kotlin.gradle.dsl.KotlinCommonCompilerOptions                     : loaded 2 times (x 68B)
Class kotlin.coroutines.jvm.internal.BaseContinuationImpl                             : loaded 2 times (x 85B)
Class org.jetbrains.kotlin.incremental.ProtoData                                      : loaded 2 times (x 69B)
Class org.jetbrains.kotlin.idea.gradleTooling.KotlinCompilationImpl$Companion         : loaded 2 times (x 69B)
Class com.google.wireless.android.sdk.stats.IntellijProjectSizeStatsOrBuilder         : loaded 2 times (x 68B)
Class org.jetbrains.kotlin.buildtools.internal.CancellableBuildOperationImpl$cancellationHandle$1: loaded 2 times (x 73B)
Class com.google.wireless.android.sdk.stats.CppHeadersViewEvent                       : loaded 2 times (x 197B)
Class com.google.wireless.android.sdk.stats.DirectAccessUsageEventOrBuilder           : loaded 2 times (x 68B)
Class org.jetbrains.kotlin.gradle.idea.tcs.IdeaKotlinDependency                       : loaded 2 times (x 68B)
Class org.jetbrains.compose.internal.com.squareup.kotlinpoet.TypeAliasSpec            : loaded 2 times (x 81B)
Class sync_studio_tooling6_6ai9oc935igmxs1qum5fscrmr                                  : loaded 2 times (x 177B)
Class org.jetbrains.kotlin.idea.gradleTooling.reflect.KotlinExtensionReflection$Companion: loaded 2 times (x 69B)
Class org.gradle.internal.impldep.com.google.gson.internal.ConstructorConstructor$19  : loaded 2 times (x 74B)
Class org.gradle.internal.time.MonotonicClock                                         : loaded 2 times (x 75B)
Class [Lorg.jetbrains.compose.internal.com.squareup.kotlinpoet.KModifier$Target;      : loaded 2 times (x 67B)
Class com.google.wireless.android.sdk.stats.DefaultActivityLocatorStatsOrBuilder      : loaded 2 times (x 68B)
Class org.gradle.api.attributes.java.TargetJvmEnvironment                             : loaded 2 times (x 68B)
Class org.jetbrains.plugins.gradle.tooling.builder.ScalaModelBuilderImpl              : loaded 2 times (x 79B)
Class kotlin.reflect.jvm.internal.calls.BoundCaller                                   : loaded 2 times (x 68B)
Class kotlin.reflect.jvm.internal.impl.load.java.lazy.descriptors.LazyJavaScope$declaredFunctions$1: loaded 2 times (x 77B)
Class kotlin.reflect.jvm.internal.impl.serialization.deserialization.MemberDeserializer$getPropertyFieldAnnotations$1: loaded 2 times (x 77B)
Class [Lorg.jetbrains.kotlin.daemon.common.CompilationResultCategory;                 : loaded 2 times (x 67B)
Class com.google.wireless.android.sdk.stats.GradleTaskExecution$TaskState             : loaded 2 times (x 85B)
Class org.gradle.internal.classloader.VisitableURLClassLoader                         : loaded 2 times (x 115B)
Class org.gradle.internal.impldep.com.google.gson.internal.bind.ReflectiveTypeAdapterFactory$FieldReflectionAdapter: loaded 2 times (x 75B)
Class org.gradle.internal.impldep.com.google.gson.annotations.JsonAdapter             : loaded 2 times (x 68B)
Class org.gradle.internal.impldep.com.google.gson.internal.Primitives                 : loaded 2 times (x 69B)
Class org.jetbrains.kotlin.statistics.metrics.StringAnonymizationPolicy$RegexControlled: loaded 2 times (x 77B)
Class org.jetbrains.kotlin.build.report.metrics.BuildAttributes                       : loaded 2 times (x 70B)
Class com.intellij.gradle.toolingExtension.impl.model.dependencyModel.auxiliary.AuxiliaryArtifactResolver: loaded 2 times (x 68B)
Class org.jetbrains.kotlin.idea.gradleTooling.KotlinCompilationOutputImpl             : loaded 2 times (x 75B)
Class org.jetbrains.kotlin.com.intellij.openapi.vfs.impl.GenericZipFile               : loaded 2 times (x 68B)
Class org.jetbrains.kotlin.metadata.ProtoBuf$EnumEntry                                : loaded 2 times (x 119B)
Class org.jetbrains.kotlin.idea.gradleTooling.reflect.KotlinCompilationOutputReflectionKt: loaded 2 times (x 69B)
Class com.google.wireless.android.sdk.stats.AndroidProfilerEvent                      : loaded 2 times (x 280B)
Class com.intellij.gradle.toolingExtension.impl.util.GradleIdeaPluginUtil             : loaded 2 times (x 69B)
Class org.gradle.tooling.internal.adapter.ProtocolToModelAdapter$NoOpDecoration       : loaded 2 times (x 77B)
Class com.google.wireless.android.sdk.stats.GradleBuildProfileSpan$Builder            : loaded 2 times (x 314B)
Class com.google.wireless.android.sdk.stats.GarbageCollectionStats$Builder            : loaded 2 times (x 299B)
Class org.gradle.internal.impldep.com.google.common.collect.AbstractMapBasedMultimap  : loaded 2 times (x 137B)
Class com.android.build.gradle.internal.plugins.AbstractAppPlugin                     : loaded 2 times (x 91B)
Class org.jetbrains.compose.resources.GenerateExpectResourceCollectorsTask            : loaded 2 times (x 318B)
Class org.jetbrains.compose.internal.com.squareup.kotlinpoet.MemberName               : loaded 2 times (x 70B)
Class com.google.common.io.CharSource$CharSequenceCharSource                          : loaded 2 times (x 84B)
Class org.jetbrains.kotlin.buildtools.api.ExecutionPolicy$WithDaemon                  : loaded 2 times (x 68B)
Class org.jetbrains.compose.internal.com.squareup.kotlinpoet.TypeName                 : loaded 2 times (x 84B)
Class com.android.tools.analytics.HostData$garbageCollectorBeans$2                    : loaded 2 times (x 76B)
Class com.google.wireless.android.sdk.stats.TestScenarioEvent                         : loaded 2 times (x 202B)
Class kotlin.reflect.jvm.internal.impl.load.java.lazy.types.JavaTypeResolverKt        : loaded 2 times (x 69B)
Class kotlin.reflect.jvm.internal.KCallableImpl$_returnType$1                         : loaded 2 times (x 77B)
Class org.jetbrains.kotlin.build.report.metrics.BuildMetrics                          : loaded 2 times (x 70B)
Class com.google.wireless.android.sdk.stats.ComposePreviewLiteModeEventOrBuilder      : loaded 2 times (x 68B)
Class org.jetbrains.kotlin.gradle.tasks.KotlinCompilerExecutionStrategy               : loaded 2 times (x 77B)
Class com.android.build.gradle.internal.LoggerWrapper                                 : loaded 2 times (x 84B)
Class com.google.wireless.android.sdk.stats.FirebaseErrorDetailsOrBuilder             : loaded 2 times (x 68B)
Class org.jetbrains.kotlin.metadata.ProtoBuf$VersionRequirement                       : loaded 2 times (x 114B)
Class org.jetbrains.kotlin.gradle.plugin.KotlinPluginWrapperKt$kotlinPluginVersionFromResources$1$1: loaded 2 times (x 69B)
Class kotlin.reflect.jvm.internal.KPropertyImpl$_javaField$1                          : loaded 2 times (x 77B)
Class com.google.wireless.android.sdk.stats.MemoryUsageReportEvent                    : loaded 2 times (x 210B)
Class org.jetbrains.kotlin.gradle.plugin.diagnostics.UsesKotlinToolingDiagnostics     : loaded 2 times (x 68B)
Class org.jetbrains.kotlin.idea.gradleTooling.ModelBuilderUtilsKt                     : loaded 2 times (x 69B)
Class org.jetbrains.kotlin.daemon.common.IncrementalCompilationOptions                : loaded 2 times (x 70B)
Class kotlin.reflect.jvm.internal.impl.load.java.AnnotationTypeQualifierResolver$resolvedNicknames$1: loaded 2 times (x 127B)
Class [Lorg.jetbrains.kotlin.metadata.ProtoBuf$Effect$EffectType;                     : loaded 2 times (x 67B)
Class org.gradle.tooling.internal.adapter.ProtocolToModelAdapter$PropertyCachingMethodInvoker: loaded 2 times (x 74B)
Class com.google.wireless.android.sdk.stats.DaemonCodeAnalyzerFinishedEventOrBuilder  : loaded 2 times (x 68B)
Class com.android.ide.common.gradle.Separator                                         : loaded 2 times (x 77B)
Class com.android.ide.gradle.model.dependencies.CoordinatesImpl                       : loaded 2 times (x 75B)
Class org.gradle.tooling.model.build.JavaEnvironment                                  : loaded 2 times (x 68B)
Class org.jetbrains.kotlin.metadata.SerializationPluginMetadataExtensions             : loaded 2 times (x 69B)
Class org.jetbrains.kotlin.incremental.classpathDiff.impl.ClassListSnapshotterWithInlinedClassSupport: loaded 2 times (x 73B)
Class org.jetbrains.kotlin.compilerRunner.btapi.BuildToolsApiCompilationWork$BuildToolsApiCompilationParameters$Inject: loaded 2 times (x 118B)
Class com.google.common.collect.ImmutableMultimap$Keys                                : loaded 2 times (x 164B)
Class com.google.common.base.Objects                                                  : loaded 2 times (x 69B)
Class com.google.common.util.concurrent.AbstractFuture$AtomicHelper                   : loaded 2 times (x 76B)
Class com.google.common.primitives.Ints                                               : loaded 2 times (x 69B)
Class org.jetbrains.plugins.gradle.model.DefaultGradleExtension                       : loaded 2 times (x 78B)
Class org.gradle.internal.impldep.com.google.common.collect.Iterators                 : loaded 2 times (x 69B)
Class com.google.common.hash.HashFunction                                             : loaded 2 times (x 68B)
Class com.google.wireless.android.sdk.stats.BuildAttributionUiEvent                   : loaded 2 times (x 214B)
Class kotlin.reflect.jvm.internal.ReflectProperties$LazyVal                           : loaded 2 times (x 73B)
Class org.jetbrains.kotlin.com.google.common.cache.CacheBuilder                       : loaded 2 times (x 70B)
Class org.jetbrains.plugins.gradle.model.AbstractExternalDependency                   : loaded 2 times (x 104B)
Class org.jetbrains.kotlin.metadata.ProtoBuf$Annotation$ArgumentOrBuilder             : loaded 2 times (x 68B)
Class com.google.protobuf.ByteString$CodedBuilder                                     : loaded 2 times (x 70B)
Class com.google.wireless.android.sdk.stats.BackupAndSyncEvent                        : loaded 2 times (x 195B)
Class kotlin.coroutines.jvm.internal.RestrictedSuspendLambda                          : loaded 2 times (x 89B)
Class com.google.wireless.android.sdk.stats.GradlePluginDataOrBuilder                 : loaded 2 times (x 68B)
Class com.google.protobuf.CodedOutputStream$ArrayEncoder                              : loaded 2 times (x 108B)
Class kotlin.reflect.jvm.internal.impl.serialization.deserialization.ClassDeserializer$classes$1: loaded 2 times (x 77B)
Class com.google.wireless.android.sdk.stats.WhatsNewAssistantUpdateEventOrBuilder     : loaded 2 times (x 68B)
Class org.gradle.internal.impldep.com.google.gson.Gson$5                              : loaded 2 times (x 74B)
Class com.google.wireless.android.sdk.stats.OSMetrics                                 : loaded 2 times (x 197B)
Class org.jetbrains.plugins.gradle.model.DefaultExternalProject                       : loaded 2 times (x 93B)
Class com.android.build.gradle.internal.publishing.ArtifactCategory                   : loaded 2 times (x 77B)
Class org.jetbrains.kotlin.daemon.common.ReportCategory                               : loaded 2 times (x 77B)
Class org.gradle.internal.impldep.com.google.gson.Gson$4                              : loaded 2 times (x 74B)
Class org.jetbrains.kotlin.buildtools.internal.jvm.JvmSnapshotBasedIncrementalCompilationConfigurationImpl: loaded 2 times (x 89B)
Class com.android.utils.DateProvider                                                  : loaded 2 times (x 68B)
Class org.jetbrains.kotlin.gradle.fus.BuildUidService$Inject                          : loaded 2 times (x 98B)
Class kotlin.reflect.jvm.internal.impl.load.java.lazy.descriptors.LazyJavaClassMemberScope$nestedClasses$1: loaded 2 times (x 77B)
Class com.google.common.io.CharSource$EmptyCharSource                                 : loaded 2 times (x 84B)
Class com.google.wireless.android.sdk.stats.LiveLiteralsEventOrBuilder                : loaded 2 times (x 68B)
Class org.gradle.internal.impldep.com.google.gson.internal.Excluder$1                 : loaded 2 times (x 72B)
Class org.gradle.internal.impldep.com.google.gson.Gson$3                              : loaded 2 times (x 73B)
Class [Lorg.jetbrains.kotlin.gradle.dsl.JvmTarget;                                    : loaded 2 times (x 67B)
Class org.jetbrains.compose.internal.utils.StringUtilsKt                              : loaded 2 times (x 69B)
Class com.android.tools.analytics.HostData                                            : loaded 2 times (x 69B)
Class org.jetbrains.kotlin.build.report.metrics.BuildPerformanceMetrics               : loaded 2 times (x 70B)
Class com.android.utils.JvmWideVariable                                               : loaded 2 times (x 70B)
Class org.gradle.internal.impldep.com.google.gson.Gson$2                              : loaded 2 times (x 74B)
Class com.google.protobuf.Internal$BooleanList                                        : loaded 2 times (x 68B)
Class org.gradle.api.internal.ClassPathRegistry                                       : loaded 2 times (x 68B)
Class com.intellij.gradle.toolingExtension.impl.util.collectionUtil.GradleCollectionUtil: loaded 2 times (x 69B)
Class org.gradle.internal.impldep.com.google.gson.stream.JsonWriter                   : loaded 2 times (x 96B)
Class com.intellij.gradle.toolingExtension.impl.model.dependencyModel.GradleDependencyTraverser: loaded 2 times (x 78B)
Class org.jetbrains.kotlin.gradle.plugin.statistics.CompilerArgumentMetrics           : loaded 2 times (x 69B)
Class com.google.protobuf.Internal$EnumLite                                           : loaded 2 times (x 68B)
Class kotlin.reflect.jvm.internal.impl.serialization.deserialization.descriptors.DeserializedMemberScope$OptimizedImplementation$typeAliasByName$1: loaded 2 times (x 77B)
Class org.jetbrains.kotlin.gradle.plugin.diagnostics.TransformActionUsingKotlinToolingDiagnostics: loaded 2 times (x 68B)
Class com.intellij.gradle.toolingExtension.impl.model.buildScriptClasspathModel.GradleBuildScriptClasspathSerializationService$1: loaded 2 times (x 74B)
Class org.jetbrains.plugins.gradle.tooling.ModelBuilderContext$DataProvider           : loaded 2 times (x 68B)
Class [Lkotlin.reflect.KProperty1;                                                    : loaded 2 times (x 67B)
Class com.android.ide.gradle.model.builder.LegacyAndroidGradlePluginPropertiesModelBuilder$Companion: loaded 2 times (x 69B)
Class org.jetbrains.kotlin.idea.gradleTooling.reflect.KotlinNativeCompileReflection   : loaded 2 times (x 68B)
Class com.intellij.gradle.toolingExtension.impl.util.javaPluginUtil.ExtensionJavaPluginAccessor: loaded 2 times (x 80B)
Class com.google.common.io.CharSource$ConcatenatedCharSource                          : loaded 2 times (x 84B)
Class org.jetbrains.org.objectweb.asm.tree.ModuleNode                                 : loaded 2 times (x 81B)
Class org.jetbrains.kotlin.daemon.common.LoopbackNetworkInterface$ServerLoopbackSocketFactory: loaded 2 times (x 72B)
Class com.intellij.gradle.toolingExtension.impl.modelBuilder.DefaultModelBuilderContext: loaded 2 times (x 75B)
Class org.gradle.internal.impldep.com.google.gson.Gson$1                              : loaded 2 times (x 74B)
Class org.jetbrains.kotlin.incremental.FileUtilsKt                                    : loaded 2 times (x 69B)
Class org.jetbrains.compose.resources.CopyNonXmlValueResourcesTask                    : loaded 2 times (x 317B)
Class com.google.wireless.android.sdk.stats.GradleBuildMemorySample$Builder           : loaded 2 times (x 301B)
Class org.gradle.internal.impldep.com.google.common.collect.Sets$SetView              : loaded 2 times (x 137B)
Class org.jetbrains.kotlin.idea.gradleTooling.reflect.KotlinCompilationOutputReflection: loaded 2 times (x 68B)
Class org.jetbrains.kotlin.idea.gradleTooling.reflect.KotlinNativeCompileReflectionImpl$Companion: loaded 2 times (x 69B)
Class com.android.ide.gradle.model.composites.BuildMapModelBuilder                    : loaded 2 times (x 73B)
Class com.android.ide.gradle.model.dependencies.DeclaredDependenciesModelBuilder$Companion: loaded 2 times (x 69B)
Class com.android.ide.gradle.model.builder.LegacyAndroidGradlePluginPropertiesModelBuilder$VariantCollectionProvider: loaded 2 times (x 70B)
Class com.android.tools.analytics.NullUsageTracker                                    : loaded 2 times (x 79B)
Class com.google.wireless.android.sdk.stats.AndroidTestRetentionEventOrBuilder        : loaded 2 times (x 68B)
Class org.jetbrains.kotlin.gradle.plugin.statistics.FlowActionBuildFusService$Companion$registerIfAbsentImpl$1$1: loaded 2 times (x 72B)
Class com.google.common.hash.Hasher                                                   : loaded 2 times (x 68B)
Class org.jetbrains.compose.resources.AssembleTargetResourcesTask                     : loaded 2 times (x 317B)
Class com.android.build.gradle.internal.profile.AnalyticsService$Params               : loaded 2 times (x 68B)
Class org.gradle.internal.classloader.VisitableURLClassLoader$InstrumentingVisitableURLClassLoader: loaded 2 times (x 121B)
Class org.jetbrains.kotlin.daemon.common.DaemonJVMOptions                             : loaded 2 times (x 73B)
Class org.jetbrains.kotlin.gradle.tasks.CacheableTasksKt$cacheOnlyIfEnabledForKotlin$1$1: loaded 2 times (x 72B)
Class kotlin.coroutines.jvm.internal.DebugProbesKt                                    : loaded 2 times (x 69B)
Class org.gradle.internal.classloader.ClassLoaderHierarchy                            : loaded 2 times (x 68B)
Class org.jetbrains.kotlin.idea.gradleTooling.serialization.NoIdeaKotlinSerializationContextException: loaded 2 times (x 80B)
Class org.jetbrains.kotlin.gradle.dsl.KotlinTopLevelExtensionConfig                   : loaded 2 times (x 68B)
Class kotlin.reflect.jvm.internal.impl.load.java.lazy.types.RawSubstitution           : loaded 2 times (x 76B)
Class com.google.protobuf.IntArrayList                                                : loaded 2 times (x 222B)
Class org.jetbrains.kotlin.build.report.FileReportSettings                            : loaded 2 times (x 70B)
Class com.google.wireless.android.sdk.stats.VfsRefresh                                : loaded 2 times (x 193B)
Class org.jetbrains.kotlin.buildtools.api.BuildOperation                              : loaded 2 times (x 68B)
Class com.google.wireless.android.sdk.stats.OSMetricsOrBuilder                        : loaded 2 times (x 68B)
Class kotlin.reflect.jvm.internal.impl.descriptors.deserialization.PlatformDependentTypeTransformer: loaded 2 times (x 68B)
Class org.jetbrains.kotlin.incremental.classpathDiff.AccessibleClassSnapshotExternalizer: loaded 2 times (x 74B)
Class com.google.wireless.android.sdk.stats.ComposeMultiPreviewEvent                  : loaded 2 times (x 199B)
Class org.gradle.internal.impldep.com.google.common.collect.HashMultimap              : loaded 2 times (x 172B)
Class org.jetbrains.kotlin.idea.gradleTooling.reflect.ReflectionLogger                : loaded 2 times (x 68B)
Class org.jetbrains.kotlin.gradle.plugin.internal.DefaultProjectDependencyAccessor$Factory: loaded 2 times (x 74B)
Class org.jetbrains.kotlin.statistics.BuildSessionLogger$Companion$listProfileFiles$lambda$4$$inlined$sortedBy$1: loaded 2 times (x 87B)
Class org.jetbrains.kotlin.gradle.plugin.statistics.MetricContainer                   : loaded 2 times (x 70B)
Class com.google.wireless.android.sdk.stats.ResourceManagerEvent                      : loaded 2 times (x 195B)
Class com.android.builder.model.v2.ide.AndroidGradlePluginProjectFlags                : loaded 2 times (x 68B)
Class org.gradle.internal.impldep.com.google.common.collect.Maps$BiMapConverter       : loaded 2 times (x 88B)
Class com.android.builder.model.v2.ide.ProjectType                                    : loaded 2 times (x 77B)
Class com.android.builder.model.v2.models.ModelBuilderParameter                       : loaded 2 times (x 68B)
Class org.apache.commons.io.file.DeleteOption                                         : loaded 2 times (x 68B)
Class org.jetbrains.kotlin.daemon.common.DaemonJVMOptions$restMapper$1                : loaded 2 times (x 139B)
Class org.jetbrains.kotlin.gradle.plugin.statistics.KotlinBuildStatsConfiguration$Companion: loaded 2 times (x 69B)
Class com.android.build.gradle.internal.services.FakeDependencyJarBuildService        : loaded 2 times (x 80B)
Class com.intellij.gradle.toolingExtension.impl.model.dependencyModel.GradleDependencySerialisationUtil: loaded 2 times (x 69B)
Class org.gradle.tooling.model.UnsupportedMethodException                             : loaded 2 times (x 80B)
Class com.google.wireless.android.sdk.stats.StudioProjectChange                       : loaded 2 times (x 193B)
Class org.jetbrains.kotlin.gradle.plugin.SubpluginOption                              : loaded 2 times (x 70B)
Class org.gradle.internal.exceptions.MultiCauseException                              : loaded 2 times (x 68B)
Class org.jetbrains.kotlin.metadata.ProtoBuf$TypeParameter                            : loaded 2 times (x 131B)
Class org.jetbrains.kotlin.gradle.internal.name.FqNameUnsafe                          : loaded 2 times (x 70B)
Class com.google.wireless.android.sdk.stats.TestScenarioEventOrBuilder                : loaded 2 times (x 68B)
Class [Lcom.google.wireless.android.sdk.stats.GradleBuildProject$GradlePlugin;        : loaded 2 times (x 67B)
Class org.gradle.internal.impldep.com.google.common.collect.ImmutableEnumMap          : loaded 2 times (x 124B)
Class org.jetbrains.kotlin.buildtools.api.jvm.operations.JvmCompilationOperation$Option: loaded 2 times (x 70B)
Class org.jetbrains.kotlin.daemon.client.DaemonReportMessage                          : loaded 2 times (x 70B)
Class com.google.protobuf.MessageLiteOrBuilder                                        : loaded 2 times (x 68B)
Class [Lorg.jetbrains.kotlin.statistics.ValueAnonymizer;                              : loaded 2 times (x 67B)
Class com.android.tools.analytics.UsageTracker$log$1                                  : loaded 2 times (x 77B)
Class com.android.build.gradle.internal.profile.AnalyticsService$Inject               : loaded 2 times (x 128B)
Class org.jetbrains.kotlin.gradle.plugin.statistics.FusMetrics                        : loaded 2 times (x 68B)
Class com.google.wireless.android.sdk.stats.StudioDeprecationNotificationEventOrBuilder: loaded 2 times (x 68B)
Class org.jetbrains.kotlin.gradle.internal.ClassLoadersCachingBuildService$getClassLoader$1: loaded 2 times (x 73B)
Class org.jetbrains.kotlin.gradle.fus.internal.SynchronizedConfigurationMetrics       : loaded 2 times (x 70B)
Class com.google.wireless.android.sdk.stats.MemorySettingsEventOrBuilder              : loaded 2 times (x 68B)
Class com.google.protobuf.Utf8                                                        : loaded 2 times (x 69B)
Class com.google.protobuf.MessageOrBuilder                                            : loaded 2 times (x 68B)
Class org.gradle.internal.impldep.org.apache.commons.lang.text.StrBuilder$StrBuilderTokenizer: loaded 2 times (x 124B)
Class [Lcom.android.builder.model.v2.ide.BytecodeTransformation;                      : loaded 2 times (x 67B)
Class com.google.wireless.android.sdk.stats.AppQualityInsightsUsageEventOrBuilder     : loaded 2 times (x 68B)
Class org.jetbrains.kotlin.com.google.common.cache.LocalCache$StrongAccessEntry       : loaded 2 times (x 107B)
Class com.intellij.compose.ide.plugin.gradleTooling.rt.ComposeResourcesExtension      : loaded 2 times (x 70B)
Class kotlin.reflect.jvm.internal.impl.renderer.DescriptorRenderer$Companion$ONLY_NAMES_WITH_SHORT_TYPES$1: loaded 2 times (x 76B)
Class com.google.wireless.android.sdk.stats.DeviceExplorerEvent                       : loaded 2 times (x 199B)
Class org.jetbrains.kotlin.idea.gradleTooling.reflect.KotlinCompilationOutputReflectionImpl$Companion: loaded 2 times (x 69B)
Class kotlin.reflect.jvm.KClassesJvm                                                  : loaded 2 times (x 69B)
Class org.jetbrains.kotlin.buildtools.internal.KotlinMessageRenderer                  : loaded 2 times (x 76B)
Class org.jetbrains.kotlin.buildtools.internal.jvm.operations.JvmCompilationOperationImpl$Option: loaded 2 times (x 71B)
Class com.google.wireless.android.sdk.stats.WhatsNewAssistantUpdateEvent              : loaded 2 times (x 211B)
Class com.android.builder.model.v2.models.VariantDependenciesAdjacencyList            : loaded 2 times (x 68B)
Class com.google.wireless.android.sdk.stats.GradlePluginData                          : loaded 2 times (x 198B)
Class org.jetbrains.kotlin.idea.gradleTooling.KotlinSourceSetImpl                     : loaded 2 times (x 101B)
Class org.jetbrains.kotlin.idea.gradleTooling.builders.KotlinMultiplatformComponentBuilderBase: loaded 2 times (x 68B)
Class org.jetbrains.kotlin.buildtools.internal.arguments.JvmCompilerArgumentsImpl$EntriesMappings: loaded 2 times (x 69B)
Class org.jetbrains.kotlin.statistics.metrics.BooleanAnonymizationPolicy              : loaded 2 times (x 83B)
Class org.jetbrains.compose.internal.com.squareup.kotlinpoet.FunSpec$Companion        : loaded 2 times (x 69B)
Class com.google.wireless.android.sdk.stats.GradleFailureDetailsOrBuilder             : loaded 2 times (x 68B)
Class com.google.common.io.Files$FileByteSource                                       : loaded 2 times (x 83B)
Class kotlin.reflect.jvm.internal.impl.load.java.lazy.descriptors.LazyJavaScope$classNamesLazy$2: loaded 2 times (x 77B)
Class org.jetbrains.kotlin.statistics.metrics.NumberOverridePolicy$SUM                : loaded 2 times (x 83B)
Class org.jetbrains.kotlin.buildtools.api.jvm.ClasspathEntrySnapshot                  : loaded 2 times (x 68B)
Class org.jetbrains.kotlin.buildtools.api.SharedApiClassesClassLoader                 : loaded 2 times (x 69B)
Class org.jetbrains.kotlin.build.report.metrics.BuildAttribute$Companion              : loaded 2 times (x 69B)
Class com.google.wireless.android.sdk.stats.GradleTaskExecution$Builder               : loaded 2 times (x 303B)
Class com.android.tools.build.gradle.internal.profile.GradleTaskExecutionType         : loaded 2 times (x 85B)
Class org.jetbrains.kotlin.metadata.ProtoBuf$TypeParameter$Variance$1                 : loaded 2 times (x 72B)
Class com.google.wireless.android.sdk.stats.HypervisorOrBuilder                       : loaded 2 times (x 68B)
Class com.google.wireless.android.sdk.stats.SoongRunEvent                             : loaded 2 times (x 202B)
Class com.google.wireless.android.sdk.stats.StartupPerformanceFrameBecameVisibleEvent : loaded 2 times (x 197B)
Class com.google.wireless.android.sdk.stats.WearHealthServicesEvent                   : loaded 2 times (x 193B)
Class org.jetbrains.kotlin.buildtools.internal.DaemonCompilationResults               : loaded 2 times (x 75B)
Class org.jetbrains.kotlin.com.google.common.cache.LocalCache$2                       : loaded 2 times (x 140B)
Class com.google.common.collect.Lists$ReverseList                                     : loaded 2 times (x 160B)
Class org.jetbrains.kotlin.build.report.metrics.START_TASK_ACTION_EXECUTION           : loaded 2 times (x 70B)
Class org.jetbrains.kotlin.gradle.plugin.internal.BuildIdentifierAccessor$Factory     : loaded 2 times (x 68B)
Class JetGradlePlugin                                                                 : loaded 2 times (x 94B)
Class kotlin.reflect.jvm.internal.impl.builtins.jvm.JvmBuiltIns$initialize$1          : loaded 2 times (x 77B)
Class org.jetbrains.kotlin.build.report.metrics.BuildMetricsReporterImpl$WhenMappings : loaded 2 times (x 69B)
Class org.jetbrains.kotlin.com.google.common.cache.LocalCache$ComputingValueReference : loaded 2 times (x 94B)
Class com.google.wireless.android.sdk.stats.SmlChatBotEvent                           : loaded 2 times (x 238B)
Class org.gradle.internal.impldep.com.google.gson.TypeAdapter$1                       : loaded 2 times (x 72B)
Class kotlin.reflect.jvm.internal.impl.metadata.jvm.deserialization.JvmNameResolver$Companion: loaded 2 times (x 69B)
Class kotlin.reflect.jvm.internal.impl.renderer.DescriptorRenderer$Companion$FQ_NAMES_IN_TYPES_WITH_ANNOTATIONS$1: loaded 2 times (x 76B)
Class org.jetbrains.kotlin.com.google.common.util.concurrent.AbstractFuture$SafeAtomicHelper: loaded 2 times (x 77B)
Class com.google.wireless.android.sdk.stats.ConnectionAssistantEventOrBuilder         : loaded 2 times (x 68B)
Class org.jetbrains.kotlin.gradle.tasks.AbstractKotlinCompile                         : loaded 2 times (x 460B)
Class com.google.wireless.android.sdk.stats.DynamicLayoutInspectorEventOrBuilder      : loaded 2 times (x 68B)
Class com.google.wireless.android.sdk.stats.GradleVersionCatalogDetectorEventOrBuilder: loaded 2 times (x 68B)
Class org.jetbrains.kotlin.com.google.common.cache.LocalCache$1                       : loaded 2 times (x 87B)
Class org.jetbrains.kotlin.gradle.plugin.BuildFinishAndConfigurationTimeMetricsFlowAction$Parameters: loaded 2 times (x 68B)
Class com.google.wireless.android.sdk.stats.LogcatUsageEvent                          : loaded 2 times (x 206B)
Class com.google.common.io.Closer$Suppressor                                          : loaded 2 times (x 68B)
Class com.android.build.gradle.internal.profile.AnalyticsService$Params$Inject        : loaded 2 times (x 118B)
Class jdk.internal.jimage.ImageReader                                                 : loaded 2 times (x 73B)
Class org.jetbrains.kotlin.idea.gradleTooling.model.parcelize.ParcelizeGradleModel    : loaded 2 times (x 68B)
Class org.jetbrains.kotlin.idea.gradleTooling.KotlinMPPGradleModelBuilder$Companion   : loaded 2 times (x 69B)
Class org.jetbrains.kotlin.idea.gradleTooling.ExtraFeaturesImpl                       : loaded 2 times (x 74B)
Class com.google.wireless.android.sdk.stats.GradleBuildProject$PluginType             : loaded 2 times (x 85B)
Class com.google.wireless.android.sdk.stats.SmlTransformEvent                         : loaded 2 times (x 215B)
Class com.google.wireless.android.sdk.stats.BrowserSurveyEventOrBuilder               : loaded 2 times (x 68B)
Class org.jetbrains.kotlin.gradle.plugin.VariantImplementationFactories$Parameters_Decorated: loaded 2 times (x 132B)
Class org.jetbrains.kotlin.buildtools.api.arguments.enums.ReturnValueCheckerMode      : loaded 2 times (x 77B)
Class org.jetbrains.kotlin.daemon.common.LoopbackNetworkInterface$AbstractClientLoopbackSocketFactory: loaded 2 times (x 70B)
Class org.jetbrains.kotlin.statistics.metrics.StringAnonymizationPolicy$AllowedListAnonymizer$anonymize$1: loaded 2 times (x 77B)
Class Settings_gradle$1$1$1$1                                                         : loaded 2 times (x 72B)
Class org.jetbrains.kotlin.com.google.common.cache.LocalCache$Segment                 : loaded 2 times (x 152B)
Class com.google.protobuf.ByteString$LiteralByteString                                : loaded 2 times (x 104B)
Class org.gradle.internal.impldep.com.google.gson.internal.bind.ObjectTypeAdapter$1   : loaded 2 times (x 74B)
Class org.gradle.internal.exceptions.DefaultMultiCauseException                       : loaded 2 times (x 93B)
Class com.google.protobuf.MapField                                                    : loaded 2 times (x 87B)
Class org.jetbrains.plugins.gradle.tooling.serialization.RepositoriesModelSerializationService$1: loaded 2 times (x 74B)
Class org.gradle.internal.impldep.com.google.gson.ToNumberPolicy$4                    : loaded 2 times (x 81B)
Class org.jetbrains.kotlin.idea.gradleTooling.HasDependencyResolver                   : loaded 2 times (x 68B)
Class com.google.common.collect.AbstractMapBasedMultimap$WrappedList                  : loaded 2 times (x 165B)
Class org.jetbrains.kotlin.gradle.plugin.statistics.BuildFusService$Parameters$Inject : loaded 2 times (x 110B)
Class [Lorg.objectweb.asm.Type;                                                       : loaded 2 times (x 67B)
Class org.gradle.tooling.model.kotlin.dsl.KotlinDslScriptModel                        : loaded 2 times (x 68B)
Class org.gradle.internal.impldep.com.google.gson.internal.Streams$AppendableWriter   : loaded 2 times (x 97B)
Class org.jetbrains.kotlin.idea.gradleTooling.AbstractKotlinGradleModelBuilder$Companion: loaded 2 times (x 69B)
Class org.jetbrains.kotlin.gradle.plugin.statistics.BuildFusService                   : loaded 2 times (x 82B)
Class org.gradle.internal.impldep.com.google.gson.internal.bind.TypeAdapters$EnumTypeAdapter: loaded 2 times (x 72B)
Class org.jetbrains.kotlin.daemon.common.RestPropMapper                               : loaded 2 times (x 72B)
Class org.jetbrains.kotlin.build.report.metrics.SOURCE_LINES_NUMBER                   : loaded 2 times (x 70B)
Class org.jetbrains.kotlin.gradle.plugin.statistics.NonSynchronizedMetricsContainer   : loaded 2 times (x 80B)
Class [Lorg.jetbrains.kotlin.com.google.common.cache.RemovalListener;                 : loaded 2 times (x 67B)
Class com.google.wireless.android.sdk.stats.SetupWizardEvent                          : loaded 2 times (x 210B)
Class com.google.wireless.android.sdk.stats.SuggestedImportEventOrBuilder             : loaded 2 times (x 68B)
Class org.jetbrains.kotlin.gradle.tasks.KotlinCompile$kotlinOptions$1                 : loaded 2 times (x 77B)
Class com.google.wireless.android.sdk.stats.ProjectApiUse                             : loaded 2 times (x 195B)
Class kotlin.reflect.jvm.internal.impl.renderer.DescriptorRenderer$Companion$COMPACT_WITH_MODIFIERS$1: loaded 2 times (x 76B)
Class org.gradle.internal.impldep.com.google.gson.ToNumberPolicy$3                    : loaded 2 times (x 81B)
Class org.gradle.internal.impldep.com.google.gson.internal.bind.NumberTypeAdapter     : loaded 2 times (x 72B)
Class com.google.common.collect.MapMakerInternalMap$WeakValueReference                : loaded 2 times (x 68B)
Class com.android.builder.model.v2.dsl.BaseConfig                                     : loaded 2 times (x 68B)
Class com.google.wireless.android.sdk.stats.MultiViewEventOrBuilder                   : loaded 2 times (x 68B)
Class org.gradle.internal.impldep.com.google.gson.ToNumberPolicy$2                    : loaded 2 times (x 81B)
Class org.jetbrains.kotlin.buildtools.internal.jvm.operations.JvmClasspathSnapshottingOperationImpl: loaded 2 times (x 97B)
Class com.google.common.base.AbstractIterator$State                                   : loaded 2 times (x 77B)
Class com.google.common.collect.Lists$ReverseList$1                                   : loaded 2 times (x 97B)
Class org.jetbrains.kotlin.gradle.plugin.internal.ProjectDependencyAccessor$Factory   : loaded 2 times (x 68B)
Class org.jetbrains.plugins.gradle.model.DefaultGradleExtensions                      : loaded 2 times (x 86B)
Class jdk.internal.jrtfs.SystemImage$2                                                : loaded 2 times (x 74B)
Class com.android.ide.gradle.model.impl.LegacyAndroidGradlePluginPropertiesImpl       : loaded 2 times (x 78B)
Class com.google.wireless.android.sdk.stats.IntelliJNewUISwitchOrBuilder              : loaded 2 times (x 68B)
Class org.jetbrains.kotlin.gradle.plugin.statistics.BuildFusService$onFinish$2        : loaded 2 times (x 77B)
Class org.jetbrains.kotlin.incremental.classpathDiff.impl.ClassFile                   : loaded 2 times (x 70B)
Class org.gradle.internal.impldep.com.google.gson.ToNumberPolicy$1                    : loaded 2 times (x 81B)
Class jdk.internal.jrtfs.SystemImage$1                                                : loaded 2 times (x 76B)
Class org.objectweb.asm.Type                                                          : loaded 2 times (x 70B)
Class org.jetbrains.kotlin.incremental.ClasspathChanges$ClasspathSnapshotEnabled$NotAvailableForNonIncrementalRun: loaded 2 times (x 71B)
Class [Lkotlin.reflect.jvm.internal.impl.builtins.functions.FunctionClassKind;        : loaded 2 times (x 67B)
Class com.google.protobuf.AbstractMessage$Builder                                     : loaded 2 times (x 255B)
Class org.gradle.internal.impldep.org.apache.commons.lang.text.StrTokenizer           : loaded 2 times (x 124B)
Class org.jetbrains.kotlin.statistics.metrics.NumberAnonymizationPolicy$SAFE          : loaded 2 times (x 83B)
Class org.jetbrains.kotlin.idea.gradleTooling.KotlinDslScriptTaskModelBuilder$Companion: loaded 2 times (x 69B)
Class org.jetbrains.plugins.gradle.tooling.util.StringUtils                           : loaded 2 times (x 69B)
Class com.google.wireless.android.sdk.stats.GradleTaskExecution                       : loaded 2 times (x 203B)
Class com.android.builder.profile.AnalyticsProfileWriter$Companion                    : loaded 2 times (x 69B)
Class org.gradle.internal.installation.GradleInstallation$1                           : loaded 2 times (x 73B)
Class org.jetbrains.kotlin.gradle.plugin.diagnostics.checkers.OverriddenKotlinNativeHomeChecker$StdlibExistenceCheckerValueSource: loaded 2 times (x 76B)
Class kotlin.jvm.internal.StringCompanionObject                                       : loaded 2 times (x 69B)
Class org.jetbrains.compose.internal.com.squareup.kotlinpoet.Import                   : loaded 2 times (x 73B)
Class com.google.common.collect.MapMakerInternalMap$StrongValueEntry                  : loaded 2 times (x 68B)
Class com.android.build.gradle.internal.utils.AnalyticsEnabledValueSource$Params_Decorated: loaded 2 times (x 132B)
Class org.jetbrains.kotlin.com.google.common.base.Ticker$1                            : loaded 2 times (x 70B)
Class com.google.protobuf.AbstractMessageLite$Builder$LimitedInputStream              : loaded 2 times (x 90B)
Class org.jetbrains.kotlin.gradle.plugin.KotlinGradleBuildServices                    : loaded 2 times (x 78B)
Class org.jetbrains.kotlin.gradle.tasks.CompilationErrorException                     : loaded 2 times (x 80B)
Class org.jetbrains.kotlin.gradle.plugin.statistics.KotlinBuildStatsBeanService       : loaded 2 times (x 85B)
Class org.jetbrains.kotlin.idea.gradleTooling.reflect.KotlinCompilationReflectionKt   : loaded 2 times (x 69B)
Class org.gradle.api.internal.DefaultClassPathProvider                                : loaded 2 times (x 74B)
Class kotlin.reflect.jvm.internal.impl.serialization.deserialization.descriptors.DeserializedClassDescriptor$inlineClassRepresentation$1: loaded 2 times (x 77B)
Class com.google.wireless.android.sdk.stats.RunStartDataOrBuilder                     : loaded 2 times (x 68B)
Class org.jetbrains.kotlin.buildtools.api.jvm.JvmSnapshotBasedIncrementalCompilationConfiguration: loaded 2 times (x 74B)
Class org.jetbrains.kotlin.gradle.tasks.TasksUtilsKt                                  : loaded 2 times (x 69B)
Class com.google.wireless.android.sdk.stats.LLDBFrontendDetails                       : loaded 2 times (x 193B)
Class com.android.builder.model.v2.AndroidModel                                       : loaded 2 times (x 68B)
Class org.jetbrains.kotlin.compilerRunner.CompilerSystemPropertiesService$Companion   : loaded 2 times (x 69B)
Class org.gradle.internal.InternalTransformer                                         : loaded 2 times (x 68B)
Class org.jetbrains.kotlin.idea.gradleTooling.model.noarg.NoArgModel                  : loaded 2 times (x 68B)
Class com.google.wireless.android.sdk.stats.JvmDetailsOrBuilder                       : loaded 2 times (x 68B)
Class org.apache.commons.io.output.NullOutputStream                                   : loaded 2 times (x 83B)
Class com.google.common.collect.AbstractMapBasedMultimap$AsMap$AsMapEntries           : loaded 2 times (x 136B)
Class com.android.builder.model.v2.ide.LintOptions                                    : loaded 2 times (x 68B)
Class com.google.common.collect.MapMakerInternalMap$Strength                          : loaded 2 times (x 78B)
Class com.google.wireless.android.sdk.stats.ManifestMergerStatsOrBuilder              : loaded 2 times (x 68B)
Class org.jetbrains.kotlin.com.google.common.cache.LocalCache$LocalManualCache        : loaded 2 times (x 97B)
Class com.google.wireless.android.sdk.stats.GcPauseEvent                              : loaded 2 times (x 199B)
Class com.google.protobuf.ExtensionRegistry$ExtensionInfo                             : loaded 2 times (x 70B)
Class com.android.build.gradle.internal.plugins.LibraryPlugin                         : loaded 2 times (x 95B)
Class org.jetbrains.kotlin.idea.gradleTooling.builders.KotlinCompilationBuilder$Companion$runtimeDependenciesBuilder$1: loaded 2 times (x 79B)
Class kotlin.reflect.jvm.internal.impl.load.java.typeEnhancement.SignatureEnhancement$SignatureParts$computeIndexedQualifiersForOverride$1: loaded 2 times (x 77B)
Class kotlin.reflect.jvm.internal.impl.serialization.deserialization.TypeDeserializer$simpleType$annotations$1: loaded 2 times (x 77B)
Class org.jetbrains.org.objectweb.asm.tree.TableSwitchInsnNode                        : loaded 2 times (x 77B)
Class com.google.protobuf.AbstractMessage$BuilderParent                               : loaded 2 times (x 68B)
Class org.jetbrains.kotlin.daemon.common.CompilerServicesFacadeBase                   : loaded 2 times (x 68B)
Class org.jetbrains.kotlin.incremental.storage.StringExternalizer                     : loaded 2 times (x 73B)
Class org.jetbrains.kotlin.gradle.plugin.internal.CustomPropertiesFileValueSource$Parameters_Decorated: loaded 2 times (x 132B)
Class org.jetbrains.kotlin.cli.common.repl.ReplCodeLine$Companion                     : loaded 2 times (x 69B)
Class com.google.wireless.android.sdk.stats.GradleBuildVariant$DexMergerTool          : loaded 2 times (x 85B)
Class org.jetbrains.kotlin.gradle.internal.transforms.ClasspathEntrySnapshotTransform$Parameters: loaded 2 times (x 87B)
Class org.jetbrains.kotlin.gradle.dsl.JvmTarget$Companion                             : loaded 2 times (x 69B)
Class org.gradle.tooling.internal.gradle.DefaultBuildIdentifier                       : loaded 2 times (x 77B)
Class kotlin.reflect.jvm.internal.impl.load.java.lazy.descriptors.ClassDeclaredMemberIndex$methodFilter$1: loaded 2 times (x 77B)
Class org.jetbrains.kotlin.inline.InlineUtilKt                                        : loaded 2 times (x 69B)
Class org.jetbrains.plugins.gradle.tooling.Message                                    : loaded 2 times (x 70B)
Class com.google.protobuf.ExtensionRegistryFactory                                    : loaded 2 times (x 69B)
Class com.google.wireless.android.sdk.stats.AdbServerStatusOrBuilder                  : loaded 2 times (x 68B)
Class org.gradle.internal.service.ServiceLocator                                      : loaded 2 times (x 68B)
Class org.jetbrains.kotlin.idea.gradleTooling.model.annotation.AnnotationBasedPluginModelBuilderService: loaded 2 times (x 83B)
Class [Lcom.android.builder.model.v2.ide.ProjectType;                                 : loaded 2 times (x 67B)
Class com.google.wireless.android.sdk.stats.GradleTaskExecution$1                     : loaded 2 times (x 149B)
Class com.google.wireless.android.sdk.stats.StudioRunEvent                            : loaded 2 times (x 232B)
Class com.google.wireless.android.sdk.stats.SdkIndexLibraryDetailsOrBuilder           : loaded 2 times (x 68B)
Class com.google.common.hash.Hashing                                                  : loaded 2 times (x 69B)
Class org.jetbrains.kotlin.idea.gradleTooling.serialization.IdeaKotlinSerializationContextExtensionPoint$ResolutionResult: loaded 2 times (x 68B)
Class org.jetbrains.kotlin.daemon.client.CompileServiceSession                        : loaded 2 times (x 70B)
Class org.jetbrains.kotlin.buildtools.api.jvm.ClassSnapshotGranularity                : loaded 2 times (x 77B)
Class org.jetbrains.kotlin.build.report.metrics.BuildMetricsReporterImpl              : loaded 2 times (x 96B)
Class org.jetbrains.compose.internal.com.squareup.kotlinpoet.WildcardTypeName$Companion: loaded 2 times (x 69B)
Class org.jetbrains.kotlin.gradle.plugin.VariantImplementationFactories               : loaded 2 times (x 73B)
Class Settings_gradle$1                                                               : loaded 2 times (x 72B)
Class com.android.tools.analytics.JournalingUsageTracker$scheduleJournalTimeout$1     : loaded 2 times (x 73B)
Class com.google.common.base.Splitter                                                 : loaded 2 times (x 70B)
Class org.gradle.internal.impldep.com.google.common.collect.Maps                      : loaded 2 times (x 69B)
Class com.google.wireless.android.sdk.stats.GradleIntegerOptionEntryOrBuilder         : loaded 2 times (x 68B)
Class com.google.wireless.android.sdk.stats.BuildOutputDownloadsInfoEventOrBuilder    : loaded 2 times (x 68B)
Class com.android.build.gradle.internal.attribution.BuildAnalyzerService$Parameters   : loaded 2 times (x 68B)
Class com.android.build.gradle.internal.dependency.AarTransform                       : loaded 2 times (x 76B)
Class org.jetbrains.plugins.gradle.model.scala.ScalaModel                             : loaded 2 times (x 68B)
Class com.intellij.openapi.externalSystem.model.project.dependencies.ComponentDependenciesImpl: loaded 2 times (x 78B)
Class org.jetbrains.kotlin.gradle.plugin.CompilerPluginConfig                         : loaded 2 times (x 70B)
Class org.jetbrains.kotlin.gradle.report.ReportingSettings                            : loaded 2 times (x 70B)
Class org.jetbrains.kotlin.daemon.common.FileSystem$WhenMappings                      : loaded 2 times (x 69B)
Class org.jetbrains.compose.resources.GenerateExpectResourceCollectorsTask_Decorated  : loaded 2 times (x 368B)
Class [Lcom.android.builder.model.v2.ide.TestInfo$Execution;                          : loaded 2 times (x 67B)
Class com.google.common.collect.SetMultimap                                           : loaded 2 times (x 68B)
Class [Lorg.jetbrains.kotlin.statistics.metrics.NumericalMetrics;                     : loaded 2 times (x 67B)
Class com.google.wireless.android.sdk.stats.DeviceScreenshotEvent                     : loaded 2 times (x 195B)
Class com.google.wireless.android.sdk.stats.GradleJdkConfigurationEventOrBuilder      : loaded 2 times (x 68B)
Class org.jetbrains.kotlin.incremental.KotlinClassInfo                                : loaded 2 times (x 70B)
Class com.intellij.gradle.toolingExtension.impl.model.sourceSetArtifactIndex.GradleSourceSetArtifactModel: loaded 2 times (x 74B)
Class com.intellij.gradle.toolingExtension.impl.model.utilTurnOffDefaultTasksModel.TurnOffDefaultTasksModelBuilder: loaded 2 times (x 84B)
Class org.jetbrains.kotlin.daemon.common.FileAgeComparator                            : loaded 2 times (x 87B)
Class com.google.wireless.android.sdk.stats.GradlePluginData$Builder                  : loaded 2 times (x 298B)
Class org.gradle.internal.impldep.com.google.gson.internal.bind.DefaultDateTypeAdapter$DateType$1: loaded 2 times (x 71B)
Class org.jetbrains.kotlin.buildtools.api.KotlinToolchains                            : loaded 2 times (x 68B)
Class org.jetbrains.kotlin.com.google.common.util.concurrent.LazyLogger               : loaded 2 times (x 70B)
Class org.jetbrains.kotlin.idea.gradleTooling.reflect.KotlinTargetReflectionImpl      : loaded 2 times (x 83B)
Class com.android.ide.common.gradle.Version                                           : loaded 2 times (x 73B)
Class org.gradle.tooling.internal.adapter.ProtocolToModelAdapter$MethodInvocationCache: loaded 2 times (x 71B)
Class com.android.ide.gradle.model.builder.LegacyAndroidGradlePluginPropertiesModelBuilder: loaded 2 times (x 78B)
Class com.google.wireless.android.play.playlog.proto.ClientAnalytics                  : loaded 2 times (x 69B)
Class kotlin.reflect.jvm.internal.KClassImpl$Data$declaredStaticMembers$2             : loaded 2 times (x 77B)
Class com.google.wireless.android.sdk.stats.EditorNotificationOrBuilder               : loaded 2 times (x 68B)
Class org.jetbrains.compose.internal.com.squareup.kotlinpoet.Util_jvmKt               : loaded 2 times (x 69B)
Class org.jetbrains.plugins.gradle.model.DefaultExternalSourceSet                     : loaded 2 times (x 80B)
Class org.jetbrains.kotlin.idea.gradleTooling.model.allopen.AllOpenModelBuilderService: loaded 2 times (x 83B)
Class [Lorg.jetbrains.kotlin.daemon.common.PropMapper;                                : loaded 2 times (x 67B)
Class [Lcom.android.builder.model.v2.ide.CodeShrinker;                                : loaded 2 times (x 67B)
Class com.google.common.collect.Maps$IteratorBasedAbstractMap                         : loaded 2 times (x 123B)
Class com.intellij.gradle.toolingExtension.impl.model.sourceSetModel.GradleSourceSetResolutionContext: loaded 2 times (x 71B)
Class org.jetbrains.kotlin.buildtools.internal.jvm.operations.BtaCompilerServicesWithResultsFacade: loaded 2 times (x 76B)
Class com.google.wireless.android.sdk.stats.LogcatUsageEventOrBuilder                 : loaded 2 times (x 68B)
Class org.jetbrains.kotlin.incremental.classpathDiff.impl.ClassMultiHashProvider      : loaded 2 times (x 68B)
Class com.android.ide.gradle.model.builder.LegacyAndroidGradlePluginPropertiesModelBuilder$VariantCollectionProvider$AndroidTest: loaded 2 times (x 70B)
Class org.jetbrains.kotlin.gradle.tasks.OOMErrorException                             : loaded 2 times (x 80B)
Class com.google.wireless.android.sdk.stats.GradleBuildVariant$DexBuilderTool         : loaded 2 times (x 85B)
Class org.jetbrains.kotlin.com.google.common.util.concurrent.AbstractFuture$Listener  : loaded 2 times (x 70B)
Class Build_gradle$2$3$1                                                              : loaded 2 times (x 72B)
Class kotlin.reflect.jvm.internal.KMutableProperty1Impl$_setter$1                     : loaded 2 times (x 77B)
Class org.jetbrains.kotlin.daemon.common.CompileService$CallResult$Dying              : loaded 2 times (x 70B)
Class kotlin.reflect.jvm.internal.pcollections.MapEntry                               : loaded 2 times (x 70B)
Class com.android.buildanalyzer.common.TaskCategoryIssue                              : loaded 2 times (x 77B)
Class com.android.builder.model.v2.models.Versions$Companion                          : loaded 2 times (x 69B)
Class com.google.wireless.android.sdk.stats.LldbPerformanceStatsOrBuilder             : loaded 2 times (x 68B)
Class org.jetbrains.kotlin.idea.gradleTooling.reflect.KotlinAndroidSourceSetInfoReflectionImpl: loaded 2 times (x 75B)
Class org.jetbrains.plugins.gradle.tooling.builder.ProjectExtensionsDataBuilderImpl$Companion: loaded 2 times (x 69B)
Class org.jetbrains.kotlin.incremental.BuildUtilKt                                    : loaded 2 times (x 69B)
Class org.jetbrains.kotlin.metadata.ProtoBuf$Annotation$Argument$1                    : loaded 2 times (x 142B)
Class org.jetbrains.kotlin.buildtools.api.ProjectId$ProjectUUID                       : loaded 2 times (x 70B)
Class org.jetbrains.kotlin.incremental.storage.ExternalizersKt                        : loaded 2 times (x 69B)
Class kotlin.reflect.jvm.internal.impl.descriptors.impl.LazyPackageViewDescriptorImpl$empty$2: loaded 2 times (x 77B)
Class org.jetbrains.plugins.gradle.model.DefaultGradleProperty                        : loaded 2 times (x 76B)
Class kotlin.sequences.SequencesKt___SequencesKt$flatMap$2                            : loaded 2 times (x 123B)
Class kotlin.collections.AbstractList$SubList                                         : loaded 2 times (x 158B)
Class org.jetbrains.kotlin.idea.gradleTooling.model.allopen.AllOpenModel              : loaded 2 times (x 68B)
Class org.jetbrains.kotlin.daemon.client.KotlinCompilerClient$tryFindSuitableDaemonOrNewOpts$$inlined$compareBy$1: loaded 2 times (x 88B)
Class org.jetbrains.kotlin.gradle.plugin.BuildFinishedListenerService                 : loaded 2 times (x 78B)
Class org.jetbrains.kotlin.compilerRunner.CompilerSystemPropertiesService             : loaded 2 times (x 78B)
Class kotlin.sequences.SequenceBuilderIterator                                        : loaded 2 times (x 83B)
Class com.google.wireless.android.sdk.stats.VariantAccess                             : loaded 2 times (x 193B)
Class kotlin.reflect.jvm.internal.impl.load.java.lazy.descriptors.LazyJavaScope$properties$1: loaded 2 times (x 77B)
Class com.google.wireless.android.sdk.stats.AndroidStudioEvent                        : loaded 2 times (x 895B)
Class kotlin.reflect.jvm.internal.impl.renderer.DescriptorRendererOptionsImpl$defaultParameterValueRenderer$2: loaded 2 times (x 76B)
Class jdk.internal.jimage.ImageBufferCache$2                                          : loaded 2 times (x 89B)
Class com.google.wireless.android.sdk.stats.LiveEditEventOrBuilder                    : loaded 2 times (x 68B)
Class com.google.common.io.ByteStreams                                                : loaded 2 times (x 69B)
Class org.jetbrains.kotlin.gradle.plugin.VariantImplementationFactories$Parameters    : loaded 2 times (x 68B)
Class org.jetbrains.kotlin.idea.gradleTooling.KotlinGradlePluginVersionKeyVersion     : loaded 2 times (x 77B)
Class org.jetbrains.kotlin.idea.gradleTooling.reflect.TypeToken$Companion             : loaded 2 times (x 69B)
Class org.jetbrains.kotlin.gradle.incremental.UsesIncrementalModuleInfoBuildService   : loaded 2 times (x 68B)
Class org.jetbrains.kotlin.gradle.plugin.KotlinPluginWrapperKt$kotlinPluginVersionFromResources$1: loaded 2 times (x 76B)
Class kotlin.coroutines.jvm.internal.CoroutineStackFrame                              : loaded 2 times (x 68B)
Class org.jetbrains.kotlin.statistics.fileloggers.MetricsContainer$MetricDescriptor   : loaded 2 times (x 73B)
Class org.jetbrains.kotlin.gradle.plugin.statistics.DaemonReuseCounter$Companion      : loaded 2 times (x 69B)
Class com.android.build.gradle.internal.attribution.BuildAnalyzerService$Parameters_Decorated: loaded 2 times (x 150B)
Class org.jetbrains.kotlin.idea.gradleTooling.KotlinNativeHomeEvaluator               : loaded 2 times (x 69B)
Class jdk.internal.jimage.ImageBufferCache$1                                          : loaded 2 times (x 78B)
Class org.objectweb.asm.tree.MethodNode                                               : loaded 2 times (x 108B)
Class com.google.wireless.android.sdk.stats.WearTileAnimationToolingEvent             : loaded 2 times (x 195B)
Class org.jetbrains.plugins.gradle.tooling.Message$FilePosition                       : loaded 2 times (x 73B)
Class org.jetbrains.kotlin.daemon.common.CompileService$TargetPlatform                : loaded 2 times (x 77B)
Class [Lorg.jetbrains.compose.internal.com.squareup.kotlinpoet.Taggable;              : loaded 2 times (x 67B)
Class org.jetbrains.kotlin.com.google.common.util.concurrent.AbstractFuture$Failure   : loaded 2 times (x 70B)
Class com.google.wireless.android.sdk.stats.GradleBuildProject$GradlePlugin           : loaded 2 times (x 85B)
Class com.google.wireless.android.sdk.stats.GradleBuildProject$PluginType$1           : loaded 2 times (x 74B)
Class kotlin.reflect.jvm.internal.impl.serialization.deserialization.descriptors.DeserializedMemberScope$classNames$2: loaded 2 times (x 77B)
Class org.jetbrains.compose.resources.XmlValuesConverterTask$Companion                : loaded 2 times (x 69B)
Class [Lorg.jetbrains.compose.resources.ResourceType;                                 : loaded 2 times (x 67B)
Class org.jetbrains.kotlin.buildtools.api.CancellableBuildOperation                   : loaded 2 times (x 68B)
Class com.google.common.io.CharSource$AsByteSource                                    : loaded 2 times (x 83B)
Class org.jetbrains.kotlin.idea.gradleTooling.model.samWithReceiver.SamWithReceiverModelBuilderService: loaded 2 times (x 83B)
Class org.jetbrains.org.objectweb.asm.tree.MultiANewArrayInsnNode                     : loaded 2 times (x 77B)
Class org.jetbrains.kotlin.metadata.ProtoBuf$VersionRequirement$VersionKind$1         : loaded 2 times (x 72B)
Class com.android.ide.gradle.model.builder.GradlePluginModelBuilder                   : loaded 2 times (x 73B)
Class org.jetbrains.kotlin.idea.gradleTooling.reflect.KotlinCompilationOutputReflectionImpl: loaded 2 times (x 74B)
Class org.jetbrains.org.objectweb.asm.tree.InsnNode                                   : loaded 2 times (x 76B)
Class org.jetbrains.compose.internal.utils.Arch                                       : loaded 2 times (x 77B)
Class com.google.wireless.android.sdk.stats.UiToolsPreferencesEventOrBuilder          : loaded 2 times (x 68B)
Class org.gradle.internal.impldep.com.google.gson.FieldNamingStrategy                 : loaded 2 times (x 68B)
Class kotlin.reflect.jvm.internal.KClassCacheKt                                       : loaded 2 times (x 69B)
Class org.objectweb.asm.FieldWriter                                                   : loaded 2 times (x 76B)
Class com.google.common.collect.MapMaker                                              : loaded 2 times (x 70B)
Class com.google.wireless.android.sdk.stats.IntelliJNewUISwitch                       : loaded 2 times (x 195B)
Class org.jetbrains.kotlin.gradle.plugin.KotlinCompilerArgumentsProducer$CreateCompilerArgumentsContext$Companion: loaded 2 times (x 69B)
Class com.google.protobuf.GeneratedMessageV3$Builder                                  : loaded 2 times (x 276B)
Class [Lorg.jetbrains.kotlin.daemon.common.CompileService$TargetPlatform;             : loaded 2 times (x 67B)
Class org.jetbrains.org.objectweb.asm.tree.LookupSwitchInsnNode                       : loaded 2 times (x 76B)
Class [Lorg.jetbrains.kotlin.buildtools.api.internal.KotlinCompilerVersion$Maturity;  : loaded 2 times (x 67B)
Class org.gradle.internal.impldep.com.google.gson.internal.sql.SqlDateTypeAdapter$1   : loaded 2 times (x 73B)
Class [Lcom.google.wireless.android.sdk.stats.AndroidStudioEvent$EventCategory;       : loaded 2 times (x 67B)
Class org.jetbrains.kotlin.com.google.common.base.PairwiseEquivalence                 : loaded 2 times (x 81B)
Class [Lcom.android.builder.utils.SynchronizedFile$LockingScope;                      : loaded 2 times (x 67B)
Class org.jetbrains.kotlin.com.google.common.util.concurrent.AbstractFuture$Trusted   : loaded 2 times (x 68B)
Class org.gradle.tooling.internal.adapter.WeakIdentityHashMap                         : loaded 2 times (x 74B)
Class com.google.common.collect.MapMakerInternalMap$InternalEntryHelper               : loaded 2 times (x 68B)
Class com.google.wireless.android.sdk.stats.JourneyEngineErrorEvent                   : loaded 2 times (x 193B)
Class org.jetbrains.kotlin.idea.gradleTooling.ResolveCompilerArgumentsKt              : loaded 2 times (x 69B)
Class org.gradle.internal.impldep.com.google.gson.stream.JsonReader                   : loaded 2 times (x 95B)
Class org.jetbrains.kotlin.daemon.common.CompileIterationResult                       : loaded 2 times (x 70B)
Class org.jetbrains.kotlin.idea.gradleTooling.PrepareKotlinIdeaImportTaskModelBuilder$Messages: loaded 2 times (x 69B)
Class org.jetbrains.org.objectweb.asm.tree.FrameNode                                  : loaded 2 times (x 77B)
Class org.jetbrains.kotlin.gradle.plugin.internal.DefaultMavenPublicationComponentAccessorFactory: loaded 2 times (x 74B)
Class com.google.wireless.android.sdk.stats.ApplyChangesAgentErrorOrBuilder           : loaded 2 times (x 68B)
Class org.jetbrains.kotlin.incremental.storage.LinkedHashMapExternalizer              : loaded 2 times (x 78B)
Class com.google.wireless.android.sdk.stats.SmlCompletionEvent                        : loaded 2 times (x 208B)
Class org.gradle.tooling.internal.adapter.ProtocolToModelAdapter$1                    : loaded 2 times (x 73B)
Class com.google.common.collect.ImmutableMultiset                                     : loaded 2 times (x 161B)
Class org.jetbrains.kotlin.inline.InlineUtilKt$WhenMappings                           : loaded 2 times (x 69B)
Class org.jetbrains.kotlin.gradle.dsl.KotlinJvmCompilerOptions                        : loaded 2 times (x 68B)
Class com.android.build.gradle.internal.profile.AnalyticsResourceManager              : loaded 2 times (x 70B)
Class kotlin.sequences.SequencesKt__SequencesKt$sequenceOf$1$1                        : loaded 2 times (x 77B)
Class com.google.protobuf.Utf8$UnsafeProcessor                                        : loaded 2 times (x 75B)
Class com.google.protobuf.CodedOutputStream$OutputStreamEncoder                       : loaded 2 times (x 108B)
Class com.google.wireless.android.sdk.stats.DialogStats                               : loaded 2 times (x 197B)
Class com.google.wireless.android.sdk.stats.ComposeDeployEventOrBuilder               : loaded 2 times (x 68B)
Class com.android.build.gradle.internal.plugins.AndroidPluginBaseServices             : loaded 2 times (x 76B)
Class org.jetbrains.kotlin.gradle.dsl.KotlinCommonToolOptions                         : loaded 2 times (x 68B)
Class com.intellij.openapi.externalSystem.model.project.dependencies.ReferenceNode    : loaded 2 times (x 81B)
Class org.jetbrains.kotlin.compilerRunner.ProjectFilesForCompilation$Companion        : loaded 2 times (x 69B)
Class com.google.wireless.android.sdk.stats.JourneyEngineErrorEventOrBuilder          : loaded 2 times (x 68B)
Class [Lorg.objectweb.asm.Label;                                                      : loaded 2 times (x 67B)
Class org.gradle.internal.classpath.DefaultClassPath$ImmutableUniqueList              : loaded 2 times (x 159B)
Class org.jetbrains.plugins.gradle.tooling.serialization.ExternalTestsSerializationService$1: loaded 2 times (x 74B)
Class org.jetbrains.kotlin.statistics.metrics.MetricPoliciesKt                        : loaded 2 times (x 69B)
Class org.jetbrains.kotlin.compilerRunner.btapi.BuildSessionService                   : loaded 2 times (x 78B)
Class com.google.wireless.android.sdk.stats.GradleBuildProject$CompileOptions         : loaded 2 times (x 197B)
Class com.google.common.collect.ImmutableMap$SerializedForm                           : loaded 2 times (x 71B)
Class org.jetbrains.kotlin.gradle.plugin.statistics.KotlinBuildStatsLoggerService$Companion: loaded 2 times (x 69B)
Class org.jetbrains.kotlin.gradle.plugin.KotlinCompilerArgumentsProducer$CreateCompilerArgumentsContext: loaded 2 times (x 68B)
Class com.google.wireless.android.sdk.stats.GradleBuildProject$GradlePlugin$1         : loaded 2 times (x 74B)
Class org.jetbrains.plugins.gradle.tooling.serialization.ExternalTestsSerializationService$2: loaded 2 times (x 74B)
Class org.apache.commons.io.Charsets                                                  : loaded 2 times (x 69B)
Class org.jetbrains.compose.internal.com.squareup.kotlinpoet.CodeWriterKt             : loaded 2 times (x 69B)
Class com.google.wireless.android.sdk.stats.GradleBuildProfileSpan$ExecutionType$1    : loaded 2 times (x 74B)
Class org.gradle.internal.impldep.com.google.gson.internal.reflect.ReflectionHelper$RecordNotSupportedHelper: loaded 2 times (x 76B)
Class org.jetbrains.compose.resources.GenerateResourceAccessorsTaskKt                 : loaded 2 times (x 69B)
Class com.android.build.gradle.internal.services.AndroidLocationsBuildService$AndroidDirectoryCreator$Params: loaded 2 times (x 68B)
Class org.jetbrains.kotlin.gradle.plugin.KotlinGradleBuildServices$Inject             : loaded 2 times (x 98B)
Class jdk.internal.jimage.ImageBufferCache                                            : loaded 2 times (x 69B)
Class org.gradle.tooling.internal.adapter.ProtocolToModelAdapter$SafeMethodInvoker    : loaded 2 times (x 74B)
Class com.android.builder.model.v2.ide.ViewBindingOptions                             : loaded 2 times (x 68B)
Class org.jetbrains.kotlin.daemon.common.DaemonParamsKt$daemonJVMOptionsMemoryProps$3 : loaded 2 times (x 139B)
Class org.jetbrains.kotlin.statistics.metrics.SumMetricContainer                      : loaded 2 times (x 78B)
Class org.gradle.internal.time.DefaultTimer                                           : loaded 2 times (x 78B)
Class org.gradle.internal.impldep.com.google.gson.JsonParseException                  : loaded 2 times (x 80B)
Class kotlin.reflect.jvm.internal.calls.InlineClassAwareCallerKt                      : loaded 2 times (x 69B)
Class org.jetbrains.kotlin.gradle.report.TaskExecutionResult                          : loaded 2 times (x 70B)
Class org.jetbrains.kotlin.compilerRunner.GradleKotlinCompilerWorkArguments$Companion : loaded 2 times (x 69B)
Class org.jetbrains.kotlin.gradle.plugin.internal.CopySpecAccessor$Factory            : loaded 2 times (x 68B)
Class kotlin.reflect.jvm.internal.impl.types.ErrorUtils$1                             : loaded 2 times (x 88B)
Class com.google.common.collect.ImmutableMultimap$1                                   : loaded 2 times (x 80B)
Class org.jetbrains.kotlin.gradle.report.BuildReportMode$Companion                    : loaded 2 times (x 69B)
Class kotlin.reflect.jvm.internal.KTypeImpl$classifier$2                              : loaded 2 times (x 77B)
Class kotlin.reflect.jvm.internal.impl.types.ErrorUtils$2                             : loaded 2 times (x 78B)
Class org.jetbrains.kotlin.gradle.fus.internal.SynchronizedConfigurationMetrics$Companion: loaded 2 times (x 69B)
Class com.google.common.collect.ImmutableMultimap$2                                   : loaded 2 times (x 79B)
Class com.google.common.io.ByteArrayDataOutput                                        : loaded 2 times (x 68B)
Class org.jetbrains.org.objectweb.asm.MethodTooLargeException                         : loaded 2 times (x 81B)
Class org.jetbrains.compose.internal.com.squareup.kotlinpoet.Documentable$Builder     : loaded 2 times (x 68B)
Class org.jetbrains.plugins.gradle.model.DefaultExternalLibraryDependency             : loaded 2 times (x 109B)
Class org.jetbrains.kotlin.daemon.common.DaemonParamsKt$daemonJVMOptionsMemoryProps$2 : loaded 2 times (x 139B)
Class org.jetbrains.kotlin.gradle.tasks.AbstractKotlinCompile$getChangedFiles$1       : loaded 2 times (x 76B)
Class com.google.protobuf.PrimitiveNonBoxingCollection                                : loaded 2 times (x 68B)
Class [Lorg.jetbrains.kotlin.build.report.metrics.BuildAttributeKind;                 : loaded 2 times (x 67B)
Class org.jetbrains.kotlin.daemon.common.DaemonParamsKt$daemonJVMOptionsMemoryProps$1 : loaded 2 times (x 139B)
Class com.intellij.gradle.toolingExtension.impl.javaModel.manifestModel.JavaGradleManifestModelBuilder: loaded 2 times (x 84B)
Class org.jetbrains.kotlin.daemon.common.CompilationResults                           : loaded 2 times (x 68B)
Class com.android.tools.analytics.HostData$osBean$2                                   : loaded 2 times (x 76B)
Class com.google.protobuf.Utf8$SafeProcessor                                          : loaded 2 times (x 75B)
Class com.android.tools.analytics.Environment$EnvironmentVariable                     : loaded 2 times (x 77B)
Class org.gradle.internal.classpath.TransformedClassPath                              : loaded 2 times (x 94B)
Class com.google.wireless.android.sdk.stats.DeviceManagerEvent                        : loaded 2 times (x 195B)
Class org.jetbrains.kotlin.buildtools.api.internal.BaseOption                         : loaded 2 times (x 70B)
Class [Lorg.jetbrains.kotlin.buildtools.api.arguments.enums.JvmTarget;                : loaded 2 times (x 67B)
Class org.jetbrains.org.objectweb.asm.Opcodes                                         : loaded 2 times (x 68B)
Class com.intellij.gradle.toolingExtension.impl.model.sourceSetModel.GradleSourceSetModelBuilder$4: loaded 2 times (x 81B)
Class com.google.wireless.android.sdk.stats.AndroidViewShowBuildFilesInModuleEvent    : loaded 2 times (x 193B)
Class com.google.wireless.android.sdk.stats.SmlConfigurationEvent                     : loaded 2 times (x 207B)
Class com.intellij.gradle.toolingExtension.impl.model.sourceSetModel.GradleSourceSetModelBuilder$3: loaded 2 times (x 81B)
Class org.gradle.internal.impldep.com.google.gson.stream.MalformedJsonException       : loaded 2 times (x 80B)
Class org.gradle.internal.impldep.com.google.common.collect.ImmutableMap              : loaded 2 times (x 118B)
Class com.android.tools.analytics.HostData$runtimeBean$2                              : loaded 2 times (x 76B)
Class com.google.wireless.android.sdk.stats.JvmDetails                                : loaded 2 times (x 213B)
Class com.google.wireless.android.sdk.stats.RunStartData                              : loaded 2 times (x 200B)
Class [Lcom.android.build.gradle.internal.profile.TaskProfilingRecord$Status;         : loaded 2 times (x 67B)
Class org.jetbrains.kotlin.compilerRunner.btapi.BuildToolsApiCompilationWork$BuildToolsApiCompilationParameters_Decorated: loaded 2 times (x 153B)
Class com.google.wireless.android.sdk.stats.UserIdResetEvent                          : loaded 2 times (x 193B)
Class com.google.wireless.android.sdk.stats.SmlCompletionRequestErrorEventOrBuilder   : loaded 2 times (x 68B)
Class com.android.build.gradle.internal.services.AndroidLocationsBuildService$AndroidDirectoryCreator$Inject: loaded 2 times (x 109B)
Class org.jetbrains.kotlin.buildtools.api.ExperimentalBuildToolsApi                   : loaded 2 times (x 68B)
Class org.jetbrains.kotlin.compilerRunner.btapi.BuildSessionService$Companion         : loaded 2 times (x 69B)
Class com.intellij.gradle.toolingExtension.impl.model.sourceSetModel.GradleSourceSetModelBuilder$2: loaded 2 times (x 81B)
Class com.intellij.gradle.toolingExtension.impl.model.dependencyGraphModel.GradleDependencyReportGenerator: loaded 2 times (x 71B)
Class org.jetbrains.kotlin.idea.gradleTooling.model.samWithReceiver.SamWithReceiverModel: loaded 2 times (x 68B)
Class org.jetbrains.org.objectweb.asm.tree.InnerClassNode                             : loaded 2 times (x 71B)
Class org.jetbrains.kotlin.gradle.utils.StoredPropertyStorage                         : loaded 2 times (x 70B)
Class com.google.common.io.ByteSource$EmptyByteSource                                 : loaded 2 times (x 83B)
Class com.android.build.gradle.internal.profile.AnalyticsService                      : loaded 2 times (x 108B)
Class org.jetbrains.kotlin.gradle.utils.CompilerArgsUtilsKt$classpathAsList$2         : loaded 2 times (x 76B)
Class com.android.ide.common.repository.AgpVersion$Companion$WhenMappings             : loaded 2 times (x 69B)
Class org.jetbrains.kotlin.gradle.tasks.KotlinJavaToolchain                           : loaded 2 times (x 68B)
Class com.intellij.gradle.toolingExtension.impl.model.sourceSetDependencyModel.GradleSourceSetDependencyModelBuilder: loaded 2 times (x 84B)
Class org.jetbrains.kotlin.com.google.common.cache.CacheLoader$InvalidCacheLoadException: loaded 2 times (x 80B)
Class com.google.common.collect.Sets$1                                                : loaded 2 times (x 137B)
Class com.intellij.openapi.externalSystem.model.project.dependencies.ArtifactDependencyNode: loaded 2 times (x 68B)
Class kotlin.reflect.jvm.internal.impl.builtins.jvm.JvmBuiltInsCustomizer$notConsideredDeprecation$2: loaded 2 times (x 77B)
Class org.jetbrains.kotlin.gradle.plugin.statistics.BuildFinishBuildService$Parameters_Decorated: loaded 2 times (x 144B)
Class kotlin.reflect.jvm.internal.impl.load.java.lazy.types.RawSubstitution$Companion : loaded 2 times (x 69B)
Class com.google.common.collect.Sets$2                                                : loaded 2 times (x 137B)
Class com.intellij.gradle.toolingExtension.impl.model.sourceSetModel.GradleSourceSetModelBuilder$1: loaded 2 times (x 81B)
Class org.gradle.tooling.internal.adapter.ProtocolToModelAdapter$InvocationHandlerImpl: loaded 2 times (x 75B)
Class com.google.common.collect.Sets$3                                                : loaded 2 times (x 137B)
Class kotlin.reflect.jvm.internal.KFunctionImpl$caller$2                              : loaded 2 times (x 77B)
Class com.android.build.gradle.internal.plugins.TestPlugin                            : loaded 2 times (x 94B)
Class org.jetbrains.kotlin.statistics.metrics.NumberOverridePolicy$SUM$fromStringRepresentation$1: loaded 2 times (x 76B)
Class org.jetbrains.kotlin.gradle.plugin.CompositeSubpluginOption                     : loaded 2 times (x 70B)
Class com.google.common.graph.SuccessorsFunction                                      : loaded 2 times (x 68B)
Class com.google.common.collect.Sets$4                                                : loaded 2 times (x 137B)
Class org.jetbrains.kotlin.cli.common.messages.CompilerMessageSourceLocation          : loaded 2 times (x 68B)
Class com.google.common.io.ByteSource$SlicedByteSource                                : loaded 2 times (x 83B)
Class kotlin.reflect.jvm.internal.impl.serialization.deserialization.descriptors.DeserializedMemberScope$OptimizedImplementation$properties$1: loaded 2 times (x 77B)
Class kotlin.coroutines.intrinsics.IntrinsicsKt__IntrinsicsKt                         : loaded 2 times (x 69B)
Class kotlin.reflect.jvm.internal.KClassImpl$Data$allStaticMembers$2                  : loaded 2 times (x 77B)
Class com.intellij.gradle.toolingExtension.impl.model.dependencyModel.auxiliary.AuxiliaryConfigurationArtifacts: loaded 2 times (x 72B)
Class org.jetbrains.compose.internal.com.squareup.kotlinpoet.FunSpec$Builder          : loaded 2 times (x 101B)
Class kotlin.reflect.jvm.internal.impl.load.java.lazy.descriptors.LazyJavaClassDescriptor$scopeHolder$1: loaded 2 times (x 77B)
Class [Lorg.jetbrains.kotlin.build.report.metrics.GradleBuildTimeMetric;              : loaded 2 times (x 67B)
Class Build_gradle$4$1$1                                                              : loaded 2 times (x 72B)
Class com.google.wireless.android.sdk.stats.VariantApiUsage                           : loaded 2 times (x 207B)
Class com.android.tools.analytics.AnalyticsSettings$optedIn$1                         : loaded 2 times (x 76B)
Class com.android.tools.analytics.AnalyticsSettings                                   : loaded 2 times (x 69B)
Class org.jetbrains.kotlin.gradle.utils.IsolatedKotlinClasspathClassCastException     : loaded 2 times (x 80B)
Class com.google.wireless.android.sdk.stats.ThreadingAgentUsageEventOrBuilder         : loaded 2 times (x 68B)
Class org.jetbrains.compose.internal.com.squareup.kotlinpoet.Taggable$Builder         : loaded 2 times (x 68B)
Class [Lkotlin.reflect.KMutableProperty1;                                             : loaded 2 times (x 67B)
Class org.jetbrains.plugins.gradle.model.AbstractExternalDependency$DependenciesIterator: loaded 2 times (x 78B)
Class com.google.wireless.android.sdk.stats.SafeModeStatsEventOrBuilder               : loaded 2 times (x 68B)
Class org.jetbrains.compose.internal.com.squareup.kotlinpoet.ParameterSpec$Companion  : loaded 2 times (x 69B)
Class Settings_gradle                                                                 : loaded 2 times (x 126B)
Class jdk.internal.jimage.BasicImageReader$1                                          : loaded 2 times (x 75B)
Class [Lcom.google.wireless.android.sdk.stats.GradleBuildProfileSpan$ExecutionType;   : loaded 2 times (x 67B)
Class com.google.common.io.ByteSource$ConcatenatedByteSource                          : loaded 2 times (x 83B)
Class org.jetbrains.kotlin.gradle.plugin.statistics.IDaemonReuseCounterMXBean         : loaded 2 times (x 68B)
Class org.jetbrains.kotlin.statistics.metrics.StringOverridePolicy$OVERRIDE_VERSION_IF_NOT_SET: loaded 2 times (x 83B)
Class com.android.build.gradle.internal.dependency.GenericTransformParameters_Decorated: loaded 2 times (x 132B)
Class org.gradle.tooling.model.idea.IdeaLanguageLevel                                 : loaded 2 times (x 68B)
Class com.android.ide.gradle.model.impl.GradlePluginModelImpl$Companion               : loaded 2 times (x 69B)
Class org.jetbrains.kotlin.idea.gradleTooling.reflect.KotlinCompilationReflectionImpl : loaded 2 times (x 83B)
Class com.google.common.collect.ImmutableSortedMap$1EntrySet$1                        : loaded 2 times (x 173B)
Class org.jetbrains.kotlin.metadata.ProtoBuf$Effect$EffectType$1                      : loaded 2 times (x 72B)
Class org.jetbrains.kotlin.idea.gradleTooling.builders.KotlinMultiplatformDependenciesBuilder: loaded 2 times (x 78B)
Class org.gradle.tooling.model.kotlin.dsl.KotlinDslScriptsModel                       : loaded 2 times (x 68B)
Class org.jetbrains.kotlin.gradle.internal.name.ClassId                               : loaded 2 times (x 70B)
Class org.jetbrains.kotlin.buildtools.api.jvm.operations.JvmClasspathSnapshottingOperation$Builder: loaded 2 times (x 68B)
Class com.google.protobuf.CodedOutputStream$SafeDirectNioEncoder                      : loaded 2 times (x 108B)
Class org.jetbrains.kotlin.idea.gradleTooling.MultiplatformModelImportingContext      : loaded 2 times (x 68B)
Class org.jetbrains.kotlin.buildtools.api.ExecutionPolicy$WithDaemon$Builder          : loaded 2 times (x 68B)
Class com.google.common.collect.AbstractMultimap                                      : loaded 2 times (x 121B)
Class com.google.wireless.android.sdk.stats.MetaMetricsOrBuilder                      : loaded 2 times (x 68B)
Class org.jetbrains.kotlin.statistics.metrics.StatisticsValuesConsumer                : loaded 2 times (x 68B)
Class com.google.wireless.android.sdk.stats.InstantRunStatus                          : loaded 2 times (x 203B)
Class kotlin.coroutines.intrinsics.CoroutineSingletons                                : loaded 2 times (x 77B)
Class kotlin.reflect.jvm.internal.KClassImpl$Data$declaredMembers$2                   : loaded 2 times (x 77B)
Class org.jetbrains.plugins.gradle.tooling.builder.IntelliJProjectSettingsBuilder     : loaded 2 times (x 76B)
Class org.jetbrains.kotlin.statistics.metrics.StringMetrics                           : loaded 2 times (x 78B)
Class com.google.wireless.android.sdk.stats.StartupPerformanceFrameBecameVisibleEventOrBuilder: loaded 2 times (x 68B)
Class com.google.wireless.android.sdk.stats.SoongRunEventOrBuilder                    : loaded 2 times (x 68B)
Class org.jetbrains.kotlin.buildtools.internal.Options                                : loaded 2 times (x 73B)
Class com.google.common.io.ByteSink                                                   : loaded 2 times (x 74B)
Class com.google.wireless.android.sdk.stats.AsmClassesTransformRegistrationOrBuilder  : loaded 2 times (x 68B)
Class com.android.utils.StringHelper                                                  : loaded 2 times (x 69B)
Class org.jetbrains.kotlin.incremental.classpathDiff.impl.BasicClassInfo$Companion    : loaded 2 times (x 69B)
Class org.gradle.internal.impldep.com.google.common.collect.Lists                     : loaded 2 times (x 69B)
Class org.gradle.internal.impldep.com.google.common.collect.BiMap                     : loaded 2 times (x 68B)
Class com.android.builder.model.v2.ide.BundleInfo                                     : loaded 2 times (x 68B)
Class com.google.common.collect.AbstractMapBasedMultimap$WrappedCollection$WrappedIterator: loaded 2 times (x 82B)
Class com.android.builder.model.v2.ide.BasicVariant                                   : loaded 2 times (x 68B)
Class org.jetbrains.kotlin.gradle.plugin.KotlinCompilerArgumentsProducer              : loaded 2 times (x 68B)
Class com.google.common.collect.Lists$TransformingRandomAccessList                    : loaded 2 times (x 159B)
Class org.jetbrains.kotlin.metadata.deserialization.ProtoTypeTableUtilKt              : loaded 2 times (x 69B)
Class org.jetbrains.compose.resources.ResourcesExtension                              : loaded 2 times (x 70B)
Class com.google.wireless.android.sdk.stats.AdbServerStatus                           : loaded 2 times (x 205B)
Class com.google.wireless.android.sdk.stats.DeclarativeWatchFaceEventOrBuilder        : loaded 2 times (x 68B)
Class org.jetbrains.compose.internal.com.squareup.kotlinpoet.TypeSpecHolder           : loaded 2 times (x 68B)
Class org.objectweb.asm.MethodWriter                                                  : loaded 2 times (x 104B)
Class com.google.wireless.android.sdk.stats.GradlePluginDslUsageStatsOrBuilder        : loaded 2 times (x 68B)
Class org.jetbrains.kotlin.protobuf.GeneratedMessageLite$ExtendableBuilder            : loaded 2 times (x 136B)
Class com.intellij.gradle.toolingExtension.impl.model.resourceFilterModel.GradleResourceFilterModelBuilder: loaded 2 times (x 69B)
Class com.google.common.collect.ListMultimap                                          : loaded 2 times (x 68B)
Class com.google.wireless.android.sdk.stats.GradleSyncIssueOrBuilder                  : loaded 2 times (x 68B)
Class com.android.builder.model.v2.models.AndroidProject                              : loaded 2 times (x 68B)
Class com.android.ide.common.repository.AgpVersion                                    : loaded 2 times (x 73B)
Class org.jetbrains.kotlin.incremental.storage.InlineFunctionExternalizer             : loaded 2 times (x 73B)
Class [Lcom.google.common.collect.MapMaker$Dummy;                                     : loaded 2 times (x 67B)
Class com.google.common.collect.ImmutableEnumSet                                      : loaded 2 times (x 144B)
Class com.android.builder.model.v2.ide.SourceSetContainer                             : loaded 2 times (x 68B)
Class org.gradle.util.internal.DefaultGradleVersion$Stage                             : loaded 2 times (x 73B)
Class org.jetbrains.kotlin.compilerRunner.KotlinCompilerRunnerUtils                   : loaded 2 times (x 69B)
Class kotlin.reflect.jvm.internal.impl.serialization.deserialization.TypeDeserializer$classifierDescriptors$1: loaded 2 times (x 77B)
Class Settings_gradle$1$1                                                             : loaded 2 times (x 72B)
Class org.jetbrains.kotlin.gradle.internal.ParentClassLoaderProvider                  : loaded 2 times (x 68B)
Class org.gradle.internal.impldep.com.google.common.collect.ImmutableList             : loaded 2 times (x 166B)
Class kotlin.reflect.jvm.internal.pcollections.HashPMap                               : loaded 2 times (x 70B)
Class com.google.wireless.android.sdk.stats.ProjectApiUseOrBuilder                    : loaded 2 times (x 68B)
Class kotlin.reflect.jvm.internal.impl.load.java.lazy.LazyJavaPackageFragmentProvider$getPackageFragment$1: loaded 2 times (x 77B)
Class com.google.wireless.android.sdk.stats.SetupWizardEventOrBuilder                 : loaded 2 times (x 68B)
Class com.google.wireless.android.sdk.stats.SuggestedImportEvent                      : loaded 2 times (x 195B)
Class kotlin.reflect.jvm.internal.KCallableImpl$_returnType$1$1                       : loaded 2 times (x 77B)
Class com.google.wireless.android.sdk.stats.EmulatorPerformanceStats                  : loaded 2 times (x 212B)
Class com.google.wireless.android.sdk.stats.GcPauseEventOrBuilder                     : loaded 2 times (x 68B)
Class com.google.protobuf.Descriptors$FieldDescriptor                                 : loaded 2 times (x 86B)
Class org.jetbrains.kotlin.idea.gradleTooling.MultiplatformModelImportingContextKt    : loaded 2 times (x 69B)
Class org.gradle.internal.exceptions.NonGradleCauseExceptionsHolder                   : loaded 2 times (x 68B)
Class com.google.wireless.android.sdk.stats.CMakeEditingEventOrBuilder                : loaded 2 times (x 68B)
Class com.google.wireless.android.sdk.stats.VariantApiUsage$1                         : loaded 2 times (x 149B)
Class org.gradle.internal.impldep.com.google.gson.internal.Streams                    : loaded 2 times (x 69B)
Class org.jetbrains.kotlin.com.google.common.base.Suppliers                           : loaded 2 times (x 69B)
Class kotlin.reflect.jvm.internal.impl.types.AbstractTypeConstructor$supertypes$3$resultWithoutCycles$1: loaded 2 times (x 77B)
Class org.jetbrains.kotlin.buildtools.api.arguments.CommonToolArguments               : loaded 2 times (x 68B)
Class kotlin.coroutines.intrinsics.IntrinsicsKt                                       : loaded 2 times (x 69B)
Class org.gradle.tooling.internal.adapter.ProtocolToModelAdapter$ViewDecoration       : loaded 2 times (x 68B)
Class [Lorg.jetbrains.kotlin.daemon.common.DaemonReportCategory;                      : loaded 2 times (x 67B)
Class kotlin.reflect.jvm.internal.impl.types.AbstractTypeConstructor$supertypes$3$resultWithoutCycles$2: loaded 2 times (x 77B)
Class org.jetbrains.kotlin.gradle.dsl.KotlinCommonCompilerOptionsDefault              : loaded 2 times (x 92B)
Class org.jetbrains.kotlin.com.google.common.cache.LocalCache$AccessQueue             : loaded 2 times (x 141B)
Class com.google.gson.Strictness                                                      : loaded 2 times (x 77B)
Class com.google.wireless.android.sdk.stats.WearPairingEvent                          : loaded 2 times (x 193B)
Class kotlin.reflect.jvm.internal.impl.load.java.typeEnhancement.SignatureEnhancement$SignatureParts$enhance$containsFunctionN$2: loaded 2 times (x 76B)
Class com.google.wireless.android.sdk.stats.AdbDelegateUsageEvent                     : loaded 2 times (x 197B)
Class com.google.wireless.android.sdk.stats.JavaProcessStats$Builder                  : loaded 2 times (x 305B)
Class org.jetbrains.compose.internal.com.squareup.kotlinpoet.TypeSpec$Kind            : loaded 2 times (x 77B)
Class org.jetbrains.kotlin.gradle.dsl.KotlinCommonCompilerToolOptionsDefault          : loaded 2 times (x 82B)
Class com.google.wireless.android.sdk.stats.IntelliJNewUIStateOrBuilder               : loaded 2 times (x 68B)
Class org.jetbrains.kotlin.incremental.ProtoDifferenceUtilsKt                         : loaded 2 times (x 69B)
Class org.jetbrains.kotlin.gradle.tasks.CacheableTasksKt$cacheOnlyIfEnabledForKotlin$1: loaded 2 times (x 73B)
Class org.jetbrains.kotlin.gradle.dsl.jvm.JvmTargetValidationMode                     : loaded 2 times (x 77B)
Class [Lcom.android.tools.analytics.JournalingUsageTracker$State;                     : loaded 2 times (x 67B)
Class org.jetbrains.compose.internal.IdeaImportTask                                   : loaded 2 times (x 314B)
Class com.google.wireless.android.sdk.stats.RunFinishDataOrBuilder                    : loaded 2 times (x 68B)
Class org.jetbrains.kotlin.gradle.tasks.internal.KotlinJvmOptionsCompat               : loaded 2 times (x 99B)
Class com.google.protobuf.UnsafeUtil$Android32MemoryAccessor                          : loaded 2 times (x 89B)
Class com.google.wireless.android.sdk.stats.NonTransitiveRClassMigrationEvent         : loaded 2 times (x 199B)
Class org.jetbrains.kotlin.incremental.classpathDiff.InaccessibleClassSnapshot        : loaded 2 times (x 69B)
Class org.jetbrains.kotlin.buildtools.api.jvm.operations.JvmCompilationOperation      : loaded 2 times (x 68B)
Class org.jetbrains.kotlin.daemon.common.LoopbackNetworkInterface$ClientLoopbackSocketFactory: loaded 2 times (x 73B)
Class kotlin.reflect.jvm.internal.impl.load.java.lazy.descriptors.LazyJavaClassMemberScope$constructors$1: loaded 2 times (x 77B)
Class org.jetbrains.kotlin.build.report.metrics.BuildMetrics$Companion                : loaded 2 times (x 69B)
Class com.google.common.io.ByteSink$AsCharSink                                        : loaded 2 times (x 78B)
Class org.jetbrains.kotlin.gradle.tasks.KotlinCompilerExecutionStrategy$Companion     : loaded 2 times (x 69B)
Class kotlin.reflect.jvm.internal.impl.load.java.typeEnhancement.SignatureEnhancement$SignatureParts$enhance$containsFunctionN$1: loaded 2 times (x 127B)
Class org.jetbrains.compose.resources.PrepareComposeResourcesTask                     : loaded 2 times (x 317B)
Class [Lcom.intellij.openapi.externalSystem.model.project.IExternalSystemSourceType;  : loaded 2 times (x 67B)
Class org.gradle.api.internal.classpath.DefaultModuleRegistry                         : loaded 2 times (x 84B)
Class com.google.common.io.FileWriteMode                                              : loaded 2 times (x 77B)
Class org.jetbrains.kotlin.gradle.plugin.BuildFinishAndConfigurationTimeMetricsFlowAction: loaded 2 times (x 72B)
Class com.intellij.gradle.toolingExtension.impl.util.collectionUtil.GradleCollections : loaded 2 times (x 69B)
Class kotlin.reflect.jvm.internal.impl.types.model.RawTypeMarker                      : loaded 2 times (x 68B)
Class org.gradle.internal.classpath.ClassPath                                         : loaded 2 times (x 68B)
Class org.jetbrains.kotlin.gradle.plugin.internal.state.TaskLoggersKt                 : loaded 2 times (x 69B)
Class org.jetbrains.kotlin.progress.CompilationCanceledStatus                         : loaded 2 times (x 68B)
Class org.gradle.internal.impldep.com.google.gson.LongSerializationPolicy             : loaded 2 times (x 78B)
Class org.jetbrains.kotlin.statistics.MetricValueValidationFailed                     : loaded 2 times (x 80B)
Class com.google.wireless.android.sdk.stats.ImportSampleEventOrBuilder                : loaded 2 times (x 68B)
Class org.jetbrains.kotlin.incremental.classpathDiff.AccessibleClassSnapshot          : loaded 2 times (x 71B)
Class com.android.tools.analytics.StubbableLazy                                       : loaded 2 times (x 74B)
Class org.jetbrains.kotlin.gradle.plugin.internal.CustomPropertiesFileValueSource$Inject: loaded 2 times (x 111B)
Class org.jetbrains.kotlin.gradle.plugin.statistics.BuildFusService$Companion         : loaded 2 times (x 69B)
Class org.jetbrains.kotlin.idea.gradleTooling.builders.KotlinSourceSetBuilder$Companion: loaded 2 times (x 69B)
Class kotlin.reflect.jvm.internal.impl.builtins.PrimitiveType$typeFqName$2            : loaded 2 times (x 77B)
Class org.jetbrains.kotlin.com.google.common.cache.CacheBuilder$OneWeigher            : loaded 2 times (x 80B)
Class org.jetbrains.kotlin.gradle.dsl.KotlinCommonCompilerToolOptionsHelper           : loaded 2 times (x 69B)
Class kotlin.reflect.jvm.internal.impl.descriptors.runtime.structure.ReflectJavaClass$methods$1: loaded 2 times (x 77B)
Class org.jetbrains.kotlin.metadata.ProtoBuf$VersionRequirement$1                     : loaded 2 times (x 142B)
Class kotlin.coroutines.jvm.internal.SuspendFunction                                  : loaded 2 times (x 68B)
Class com.google.common.io.CharSource                                                 : loaded 2 times (x 83B)
Class org.jetbrains.kotlin.gradle.internal.IsInIdeaSyncValueSource                    : loaded 2 times (x 76B)
Class com.android.build.gradle.internal.utils.AnalyticsEnabledValueSource             : loaded 2 times (x 76B)
Class jdk.internal.jimage.ImageReader$Directory                                       : loaded 2 times (x 82B)
Class com.google.wireless.android.sdk.stats.AndroidStudioEvent$Builder                : loaded 2 times (x 995B)
Class kotlin.reflect.jvm.internal.impl.renderer.DescriptorRenderer$Companion$HTML$1   : loaded 2 times (x 76B)
Class org.jetbrains.kotlin.metadata.ProtoBuf$Effect                                   : loaded 2 times (x 113B)
Class org.jetbrains.kotlin.com.google.common.cache.LocalCache$AccessQueue$1           : loaded 2 times (x 106B)
Class org.jetbrains.compose.internal.com.squareup.kotlinpoet.CodeBlock$Companion      : loaded 2 times (x 69B)
Class com.google.common.base.VerifyException                                          : loaded 2 times (x 80B)
Class org.jetbrains.kotlin.idea.gradleTooling.builders.KotlinCompilationBuilder$Companion: loaded 2 times (x 69B)
Class com.google.wireless.android.sdk.stats.UpgradeAndroidStudioDialogStatsOrBuilder  : loaded 2 times (x 68B)
Class org.jetbrains.kotlin.buildtools.internal.arguments.CommonToolArgumentsImpl      : loaded 2 times (x 88B)
Class org.jetbrains.org.objectweb.asm.Handle                                          : loaded 2 times (x 70B)
Class com.google.common.io.AppendableWriter                                           : loaded 2 times (x 98B)
Class [Lorg.jetbrains.kotlin.buildtools.api.jvm.ClassSnapshotGranularity;             : loaded 2 times (x 67B)
Class org.jetbrains.kotlin.gradle.internal.IsInIdeaEnvironmentValueSource$Inject      : loaded 2 times (x 98B)
Class com.google.wireless.android.sdk.stats.GradleBuildDetailsOrBuilder               : loaded 2 times (x 68B)
Class org.jetbrains.kotlin.incremental.classpathDiff.JarReader                        : loaded 2 times (x 80B)
Class com.google.common.hash.HashCode$BytesHashCode                                   : loaded 2 times (x 79B)
Class org.jetbrains.compose.desktop.application.internal.JvmApplicationRuntimeFilesProvider: loaded 2 times (x 70B)
Class org.jetbrains.kotlin.gradle.plugin.internal.JavaExecTaskParametersCompatibility$Factory: loaded 2 times (x 68B)
Class org.gradle.util.internal.DefaultGradleVersion                                   : loaded 2 times (x 78B)
Class com.android.build.gradle.internal.attribution.BuildAnalyzerService$Companion$saveAttributionData$1: loaded 2 times (x 73B)
Class com.google.wireless.android.sdk.stats.GradleBuildSplits$1                       : loaded 2 times (x 74B)
Class org.jetbrains.compose.resources.GenerateActualResourceCollectorsTask            : loaded 2 times (x 320B)
Class com.google.wireless.android.sdk.stats.GradleBuildProfile$Builder                : loaded 2 times (x 346B)
Class org.jetbrains.kotlin.gradle.plugin.internal.ConfigurationCacheStartParameterAccessor$Factory: loaded 2 times (x 68B)
Class com.google.wireless.android.sdk.stats.AnnotationProcessorInfoOrBuilder          : loaded 2 times (x 68B)
Class org.jetbrains.kotlin.buildtools.api.internal.KotlinCompilerVersion              : loaded 2 times (x 73B)
Class org.jetbrains.kotlin.idea.gradleTooling.model.assignment.AssignmentModelBuilderService: loaded 2 times (x 83B)
Class org.jetbrains.kotlin.gradle.tasks.CompilerPluginOptions                         : loaded 2 times (x 70B)
Class com.google.wireless.android.sdk.stats.InstantRunOrBuilder                       : loaded 2 times (x 68B)
Class com.google.wireless.android.sdk.stats.UpgradeAssistantProcessorEventOrBuilder   : loaded 2 times (x 68B)
Class com.google.protobuf.ByteOutput                                                  : loaded 2 times (x 74B)
Class com.google.wireless.android.sdk.stats.GradleBuildSplits$2                       : loaded 2 times (x 74B)
Class com.google.common.io.ByteSource                                                 : loaded 2 times (x 82B)
Class org.jetbrains.plugins.gradle.tooling.builder.ProjectRepositoriesModelBuilder    : loaded 2 times (x 76B)
Class [Lorg.jetbrains.org.objectweb.asm.AnnotationWriter;                             : loaded 2 times (x 67B)
Class org.jetbrains.kotlin.statistics.fileloggers.MetricsContainer                    : loaded 2 times (x 75B)
Class com.google.wireless.android.sdk.stats.GradleBuildSplits$3                       : loaded 2 times (x 149B)
Class com.google.common.util.concurrent.AbstractFuture$UnsafeAtomicHelper$1           : loaded 2 times (x 74B)
Class org.jetbrains.kotlin.gradle.dsl.KotlinCommonOptions                             : loaded 2 times (x 68B)
Class org.jetbrains.kotlin.gradle.plugin.HasKotlinDependencies                        : loaded 2 times (x 68B)
Class org.jetbrains.kotlin.idea.gradleTooling.builders.KotlinCompilationBuilder$Companion$compileDependenciesBuilder$1: loaded 2 times (x 79B)
Class com.google.wireless.android.sdk.stats.DataBindingEventOrBuilder                 : loaded 2 times (x 68B)
Class org.jetbrains.plugins.gradle.tooling.ModelBuilderService$Ex                     : loaded 2 times (x 68B)
Class [Lorg.apache.commons.io.file.DeleteOption;                                      : loaded 2 times (x 67B)
Class org.apache.commons.io.file.PathUtils                                            : loaded 2 times (x 69B)
Class com.google.protobuf.ByteString$BoundedByteString                                : loaded 2 times (x 104B)
Class com.google.common.hash.MessageDigestHashFunction$MessageDigestHasher            : loaded 2 times (x 146B)
Class [Lcom.android.builder.model.v2.ide.LibraryType;                                 : loaded 2 times (x 67B)
Class com.android.tools.analytics.UsageTracker$listener$1                             : loaded 2 times (x 76B)
Class com.google.wireless.android.sdk.stats.AnnotationProcessorInfo                   : loaded 2 times (x 199B)
Class org.jetbrains.compose.resources.GenerateResourceAccessorsTask                   : loaded 2 times (x 322B)
Class org.jetbrains.kotlin.idea.gradleTooling.reflect.KotlinCompilerArgumentsResolverReflectionKt: loaded 2 times (x 69B)
Class com.google.wireless.android.sdk.stats.DeclarativeWatchFaceEvent                 : loaded 2 times (x 197B)
Class org.jetbrains.kotlin.incremental.KotlinClassInfo$Companion                      : loaded 2 times (x 69B)
Class org.jetbrains.kotlin.build.report.metrics.CLEAR_OUTPUT                          : loaded 2 times (x 70B)
Class com.google.common.collect.Multiset                                              : loaded 2 times (x 68B)
Class com.google.wireless.android.sdk.stats.GradleBuildVariant                        : loaded 2 times (x 280B)
Class org.jetbrains.kotlin.gradle.tasks.K2MultiplatformStructure$RefinesEdge          : loaded 2 times (x 70B)
Class com.android.build.gradle.internal.services.FakeDependencyJarBuildService$FakeDependencyJarCreator: loaded 2 times (x 78B)
Class org.jetbrains.kotlin.metadata.ProtoBuf$Expression$1                             : loaded 2 times (x 142B)
Class org.jetbrains.kotlin.build.report.statistics.StatTag                            : loaded 2 times (x 77B)
Class com.google.wireless.android.sdk.stats.IntellijIndexingStatsOrBuilder            : loaded 2 times (x 68B)
Class org.jetbrains.kotlin.gradle.dsl.KotlinJvmCompilerOptionsDefault_Decorated       : loaded 2 times (x 166B)
Class com.google.wireless.android.sdk.stats.BuildAttributionUiEventOrBuilder          : loaded 2 times (x 68B)
Class org.jetbrains.kotlin.buildtools.internal.jvm.operations.JvmCompilationOperationImpl: loaded 2 times (x 113B)
Class com.google.wireless.android.sdk.stats.RenderSecurityManagerEventOrBuilder       : loaded 2 times (x 68B)
Class com.android.buildanalyzer.common.AndroidGradlePluginAttributionData$AttributionDataAdapter: loaded 2 times (x 71B)
Class JetGradlePlugin$findJetModelBuilder$0                                           : loaded 2 times (x 144B)
Class org.jetbrains.kotlin.idea.gradleTooling.KotlinMPPGradleModelImpl                : loaded 2 times (x 85B)
Class com.android.builder.profile.ThreadRecorder                                      : loaded 2 times (x 74B)
Class org.objectweb.asm.ModuleVisitor                                                 : loaded 2 times (x 79B)
Class org.jetbrains.kotlin.compilerRunner.ProjectFilesForCompilation                  : loaded 2 times (x 70B)
Class org.jetbrains.kotlin.com.google.common.base.Suppliers$SupplierOfInstance        : loaded 2 times (x 77B)
Class com.google.wireless.android.sdk.stats.ComposeAnimationToolingEvent              : loaded 2 times (x 195B)
Class org.jetbrains.kotlin.gradle.tasks.KotlinJavaToolchain$JavaToolchainSetter       : loaded 2 times (x 68B)
Class org.jetbrains.kotlin.gradle.plugin.internal.DefaultCopySpecAccessor$Factory     : loaded 2 times (x 74B)
Class org.jetbrains.kotlin.daemon.common.Profiler                                     : loaded 2 times (x 68B)
Class com.android.ide.common.repository.AgpVersion$PreviewKind$WhenMappings           : loaded 2 times (x 69B)
Class com.google.protobuf.CodedInputStream$IterableDirectByteBufferDecoder            : loaded 2 times (x 118B)
Class org.jetbrains.compose.internal.com.squareup.kotlinpoet.TagMap                   : loaded 2 times (x 77B)
Class com.google.wireless.android.sdk.stats.FirebaseErrorDetails                      : loaded 2 times (x 195B)
Class kotlin.reflect.jvm.internal.impl.types.KotlinTypeFactory$simpleType$1           : loaded 2 times (x 77B)
Class org.jetbrains.kotlin.cli.common.arguments.Enables$Container                     : loaded 2 times (x 68B)
Class org.jetbrains.kotlin.buildtools.internal.jvm.HasSnapshotBasedIcOptionsAccessor  : loaded 2 times (x 68B)
Class org.jetbrains.kotlin.gradle.dsl.KotlinVersion                                   : loaded 2 times (x 77B)
Class org.jetbrains.kotlin.gradle.plugin.diagnostics.ToolingDiagnosticRenderingOptions$Companion: loaded 2 times (x 69B)
Class org.jetbrains.kotlin.metadata.ProtoBuf$TypeParameterOrBuilder                   : loaded 2 times (x 68B)
Class com.google.wireless.android.sdk.stats.IntellijIndexingStats                     : loaded 2 times (x 203B)
Class com.android.tools.analytics.HostData$memoryBean$2                               : loaded 2 times (x 76B)
Class com.google.wireless.android.sdk.stats.GradleBuildProject$2                      : loaded 2 times (x 149B)
Class org.jetbrains.kotlin.com.google.common.util.concurrent.AbstractFuture$Waiter    : loaded 2 times (x 70B)
Class org.jetbrains.kotlin.com.google.common.util.concurrent.AbstractFuture$SynchronizedHelper: loaded 2 times (x 76B)
Class [Lcom.android.ide.gradle.model.builder.LegacyAndroidGradlePluginPropertiesModelBuilder$PluginType;: loaded 2 times (x 67B)
Class com.google.wireless.android.sdk.stats.GradleBuildProject$CompileOptions$Builder : loaded 2 times (x 297B)
Class org.jetbrains.compose.internal.com.squareup.kotlinpoet.Annotatable              : loaded 2 times (x 68B)
Class kotlin.reflect.jvm.internal.impl.serialization.deserialization.descriptors.DeserializedMemberScope$OptimizedImplementation$variableNames$2: loaded 2 times (x 77B)
Class org.jetbrains.kotlin.compilerRunner.GradleCompilerRunner                        : loaded 2 times (x 71B)
Class com.google.wireless.android.sdk.stats.EmulatorPerformanceStatsOrBuilder         : loaded 2 times (x 68B)
Class com.google.wireless.android.sdk.stats.EmulatorUiEventOrBuilder                  : loaded 2 times (x 68B)
Class kotlin.reflect.jvm.internal.impl.types.ErrorUtils$ErrorScope                    : loaded 2 times (x 93B)
Class org.jetbrains.kotlin.incremental.impl.ClassNodeSnapshotter                      : loaded 2 times (x 69B)
Class com.google.protobuf.ExtensionLite                                               : loaded 2 times (x 75B)
Class org.jetbrains.kotlin.idea.gradleTooling.AbstractKotlinGradleModelBuilder        : loaded 2 times (x 79B)
Class org.gradle.internal.impldep.com.google.common.collect.SortedMapDifference       : loaded 2 times (x 68B)
Class org.jetbrains.plugins.gradle.model.ExternalMultiLibraryDependency               : loaded 2 times (x 68B)
Class org.jetbrains.plugins.gradle.model.ear.EarConfiguration                         : loaded 2 times (x 68B)
Class com.google.wireless.android.sdk.stats.GradleBuildProject$1                      : loaded 2 times (x 74B)
Class com.android.builder.model.v2.dsl.BuildType                                      : loaded 2 times (x 68B)
Class org.jetbrains.plugins.gradle.tooling.builder.WarModelBuilderImplKt              : loaded 2 times (x 69B)
Class com.google.wireless.android.sdk.stats.DebuggerEventOrBuilder                    : loaded 2 times (x 68B)
Class com.google.wireless.android.sdk.stats.AppInspectionEventOrBuilder               : loaded 2 times (x 68B)
Class com.google.protobuf.GeneratedMessageV3$Builder$BuilderParentImpl                : loaded 2 times (x 76B)
Class com.google.wireless.android.sdk.stats.SafeModeStatsEvent                        : loaded 2 times (x 217B)
Class org.gradle.tooling.internal.adapter.ProtocolToModelAdapter$ViewGraphDetails     : loaded 2 times (x 70B)
Class com.google.wireless.android.sdk.stats.SmlAiExcludeEventOrBuilder                : loaded 2 times (x 68B)
Class org.jetbrains.kotlin.gradle.plugin.StatisticsBuildFlowManager$subscribeForBuildResultAndConfigurationTimeMetrics$1$1: loaded 2 times (x 72B)
Class com.google.wireless.android.sdk.stats.SoongSyncStatsOrBuilder                   : loaded 2 times (x 68B)
Class com.android.ide.common.gradle.Part                                              : loaded 2 times (x 75B)
Class com.google.wireless.android.sdk.stats.EmulatorUiEvent                           : loaded 2 times (x 201B)
Class org.jetbrains.kotlin.buildtools.internal.jvm.operations.JvmClasspathSnapshottingOperationImpl$Companion: loaded 2 times (x 69B)
Class kotlin.reflect.jvm.internal.impl.descriptors.impl.ModuleDescriptorImpl$packages$1: loaded 2 times (x 77B)
Class kotlin.sequences.SequencesKt___SequencesKt$sortedWith$1                         : loaded 2 times (x 73B)
Class [Lcom.google.wireless.android.sdk.stats.GradleBuildVariant$Java8LangSupport;    : loaded 2 times (x 67B)
Class com.android.buildanalyzer.common.AndroidGradlePluginAttributionData$JavaInfo    : loaded 2 times (x 70B)
Class org.objectweb.asm.MethodVisitor                                                 : loaded 2 times (x 103B)
Class com.android.builder.profile.Recorder$VoidBlock                                  : loaded 2 times (x 68B)
Class [Lcom.google.common.collect.MapMakerInternalMap$Segment;                        : loaded 2 times (x 67B)
Class kotlin.reflect.jvm.internal.impl.renderer.DescriptorRenderer$Companion$COMPACT_WITHOUT_SUPERTYPES$1: loaded 2 times (x 76B)
Class com.android.buildanalyzer.common.AndroidGradlePluginAttributionData$TaskCategoryInfo: loaded 2 times (x 70B)
Class [Lorg.jetbrains.compose.internal.utils.OS;                                      : loaded 2 times (x 67B)
Class org.jetbrains.kotlin.idea.gradleTooling.reflect.KotlinCompilationReflection     : loaded 2 times (x 68B)
Class org.jetbrains.compose.internal.com.squareup.kotlinpoet.NullAppendable           : loaded 2 times (x 74B)
Class org.gradle.util.GradleVersion                                                   : loaded 2 times (x 77B)
Class com.google.wireless.android.sdk.stats.GradleBuildSplitsOrBuilder                : loaded 2 times (x 68B)
Class com.google.common.collect.AbstractMapBasedMultimap$KeySet$1                     : loaded 2 times (x 80B)
Class com.google.common.collect.ComparisonChain                                       : loaded 2 times (x 78B)
Class org.jetbrains.kotlin.daemon.common.DaemonReportCategory                         : loaded 2 times (x 77B)
Class org.jetbrains.kotlin.gradle.tasks.K2MultiplatformStructure_Decorated            : loaded 2 times (x 133B)
Class com.google.wireless.android.sdk.stats.JvmDetails$Builder                        : loaded 2 times (x 313B)
Class org.jetbrains.kotlin.idea.gradleTooling.reflect.ReflectionReceiver              : loaded 2 times (x 68B)
Class org.gradle.internal.installation.GradleInstallation                             : loaded 2 times (x 73B)
Class com.google.common.collect.AbstractMapBasedMultimap                              : loaded 2 times (x 137B)
Class org.gradle.internal.impldep.com.google.common.collect.Lists$StringAsImmutableList: loaded 2 times (x 167B)
Class com.google.protobuf.Internal$EnumLiteMap                                        : loaded 2 times (x 68B)
Class com.google.protobuf.SingleFieldBuilderV3                                        : loaded 2 times (x 82B)
Class org.jetbrains.kotlin.buildtools.internal.BuildOperationImpl$Companion           : loaded 2 times (x 69B)
Class org.jetbrains.kotlin.com.google.common.base.Ticker                              : loaded 2 times (x 70B)
Class com.google.wireless.android.sdk.stats.FileUsageOrBuilder                        : loaded 2 times (x 68B)
Class org.jetbrains.kotlin.gradle.internal.ClassLoadersCachingBuildService$Parameters_Decorated: loaded 2 times (x 132B)
Class org.jetbrains.kotlin.buildtools.api.arguments.CommonCompilerArguments$Builder   : loaded 2 times (x 68B)
Class com.google.gson.stream.JsonToken                                                : loaded 2 times (x 77B)
Class com.intellij.gradle.toolingExtension.impl.model.dependencyModel.GradleDependencyResolver: loaded 2 times (x 70B)
Class com.google.wireless.android.sdk.stats.GradleBuildProject$CompileOptions$1       : loaded 2 times (x 149B)
Class com.google.common.hash.HashCode                                                 : loaded 2 times (x 78B)
Class org.jetbrains.kotlin.idea.gradleTooling.OrphanSourceSetImportingChecker         : loaded 2 times (x 72B)
Class org.jetbrains.kotlin.gradle.plugin.statistics.KotlinBuildStatsLoggerService$reportBuildFinished$1: loaded 2 times (x 77B)


---------------  S Y S T E M  ---------------

OS:
 Windows 11 , 64 bit Build 26100 (10.0.26100.8246)
OS uptime: 15 days 4:24 hours
Hyper-V role detected

CPU: total 12 (initial active 12) (12 cores per cpu, 2 threads per core) family 23 model 96 stepping 1 microcode 0x8600104, cx8, cmov, fxsr, ht, mmx, 3dnowpref, sse, sse2, sse3, ssse3, sse4a, sse4.1, sse4.2, popcnt, lzcnt, tsc, tscinvbit, avx, avx2, aes, clmul, bmi1, bmi2, adx, sha, fma, vzeroupper, clflush, clflushopt, hv
Processor Information for all 12 processors :
  Max Mhz: 3000, Current Mhz: 3000, Mhz Limit: 3000

Memory: 4k page, system-wide physical 15741M (864M free)
TotalPageFile size 27328M (AvailPageFile size 749M)
current process WorkingSet (physical memory assigned to process): 3422M, peak: 3438M
current process commit charge ("private bytes"): 3679M, peak: 3698M

vm_info: OpenJDK 64-Bit Server VM (17.0.11+0--11852314) for windows-amd64 JRE (17.0.11+0--11852314), built on May 16 2024 21:29:20 by "androidbuild" with MS VC++ 16.10 / 16.11 (VS2019)

END.
